2026-08-01T04:33:25+09:00 waiting: run-books.sh still active
2026-08-01T04:35:25+09:00 waiting: run-books.sh still active
2026-08-01T04:37:25+09:00 waiting: run-books.sh still active
2026-08-01T04:38:06+09:00 waiting: an extraction is already running
2026-08-01T04:40:06+09:00 waiting: an extraction is already running
2026-08-01T04:42:06+09:00 waiting: an extraction is already running
2026-08-01T04:44:06+09:00 waiting: an extraction is already running
2026-08-01T04:46:06+09:00 waiting: an extraction is already running
2026-08-01T04:48:07+09:00 waiting: an extraction is already running
2026-08-01T04:50:07+09:00 waiting: an extraction is already running
2026-08-01T04:52:07+09:00 waiting: an extraction is already running
2026-08-01T04:54:07+09:00 waiting: an extraction is already running
2026-08-01T04:56:07+09:00 waiting: an extraction is already running
2026-08-01T04:58:07+09:00 waiting: an extraction is already running
2026-08-01T05:00:07+09:00 waiting: an extraction is already running
2026-08-01T05:02:07+09:00 waiting: an extraction is already running
2026-08-01T05:04:07+09:00 waiting: an extraction is already running
2026-08-01T05:06:07+09:00 waiting: an extraction is already running
2026-08-01T05:08:08+09:00 waiting: an extraction is already running
2026-08-01T05:10:08+09:00 waiting: an extraction is already running
2026-08-01T05:12:08+09:00 waiting: an extraction is already running
2026-08-01T05:14:08+09:00 waiting: an extraction is already running
2026-08-01T05:16:08+09:00 waiting: an extraction is already running
2026-08-01T05:18:08+09:00 waiting: an extraction is already running
2026-08-01T05:20:08+09:00 waiting: an extraction is already running
2026-08-01T05:22:08+09:00 waiting: an extraction is already running
2026-08-01T05:24:08+09:00 waiting: an extraction is already running
2026-08-01T05:26:08+09:00 waiting: an extraction is already running
2026-08-01T05:28:09+09:00 waiting: an extraction is already running
2026-08-01T05:30:09+09:00 waiting: an extraction is already running
2026-08-01T05:32:09+09:00 waiting: an extraction is already running
2026-08-01T05:34:09+09:00 waiting: an extraction is already running
2026-08-01T05:36:09+09:00 waiting: an extraction is already running
=== queue driver up 2026-08-01T05:38:09+09:00
=== 2026-08-01T05:38:09+09:00 2026-07-21-video-dr-phil-read-the-uap-files-before-the-public-here-s-what-he.v2.md
Parsing record: 2026-07-21-video-dr-phil-read-the-uap-files-before-the-public-here-s-what-he.v2.md
Allowance ok (session 11%, weekly 83%)
Extracting (two-pass) from: Dr. Phil read the UAP files before the public, here's what he found | Reality Check
Pass A: nodes (with iteration + chunking)
    nodes iter 1: +40 nodes (total 40) [model: complete]
  40 nodes, 6 acronyms, main_subject='Phil McGraw'
Pass B: claims (constrained to locked nodes, with iteration + chunking)
  claims chunk 1/2 (20,000 chars)
    claims iter 1: +54 claims (chunk total 54, doc total 54) [model: complete]
  claims chunk 2/2 (10,503 chars)
    claims iter 1: +33 claims (chunk total 33, doc total 87) [model: complete]
  87 claims total: 84 domain, 3 infrastructure
  locations -> timecode: 87/87 aligned (0 unalignable, 0 ambiguous)

Variant: /home/mark/repos/anomalica/digests/variants/2026-07-21-video-dr-phil-read-the-uap-files-before-the-public-here-s-what-he/sonnet.e9b8b6d4.yaml
Canonical (latest-written): /home/mark/repos/anomalica/digests/records/2026-07-21-video-dr-phil-read-the-uap-files-before-the-public-here-s-what-he.yaml
Usage: 3 calls, in=14 out=22359 cache_read=13009 cost_equiv=$2.8041
USAGE_JSON: {"input_tokens": 14, "output_tokens": 22359, "cache_read_input_tokens": 13009, "cache_creation_input_tokens": 410790, "cost_equiv_usd": 2.8040697, "calls": 3}
TRACE_JSON: [{"input_tokens": 4, "output_tokens": 1632, "cache_read_input_tokens": 0, "cache_creation_input_tokens": 109464, "cost_usd": 0.681276, "duration_s": 18.8}, {"input_tokens": 6, "output_tokens": 12734, "cache_read_input_tokens": 0, "cache_creation_input_tokens": 193901, "cost_usd": 1.354434, "duration_s": 96.3}, {"input_tokens": 4, "output_tokens": 7993, "cache_read_input_tokens": 13009, "cache_creation_input_tokens": 107425, "cost_usd": 0.7683597, "duration_s": 60.2}]
--- rc=0 elapsed=180s 2026-07-21-video-dr-phil-read-the-uap-files-before-the-public-here-s-what-he.v2.md
=== 2026-08-01T05:41:09+09:00 2026-06-30-video-episode-73-science-vs-secrecy.v2.md
Parsing record: 2026-06-30-video-episode-73-science-vs-secrecy.v2.md
Allowance ok (session 11%, weekly 83%)
Extracting (two-pass) from: Episode 73: Science vs. Secrecy
Pass A: nodes (with iteration + chunking)
  nodes chunk 1/2 (49,371 chars)
    nodes iter 1: +71 nodes (total 71) [model: complete]
  nodes chunk 2/2 (10,859 chars)
    nodes iter 1: +21 nodes (total 92) [model: complete]
  92 nodes, 34 acronyms, main_subject='All-Domain Anomaly Resolution Office (AARO)'
Pass B: claims (constrained to locked nodes, with iteration + chunking)
  claims chunk 1/4 (20,000 chars)
    claims iter 1: +49 claims (chunk total 49, doc total 49) [model: complete]
  claims chunk 2/4 (20,000 chars)
    claims iter 1: +49 claims (chunk total 49, doc total 98) [model: complete]
  claims chunk 3/4 (20,000 chars)
    claims iter 1: +55 claims (chunk total 55, doc total 153) [model: complete]
  claims chunk 4/4 (230 chars)
    claims iter 1: +0 claims (chunk total 0, doc total 153) [model: complete]
  153 claims total: 148 domain, 5 infrastructure
  locations -> timecode: 150/153 aligned (3 unalignable, 1 ambiguous)

Variant: /home/mark/repos/anomalica/digests/variants/2026-06-30-video-episode-73-science-vs-secrecy/sonnet.e9b8b6d4.yaml
Canonical (latest-written): /home/mark/repos/anomalica/digests/records/2026-06-30-video-episode-73-science-vs-secrecy.yaml
Usage: 6 calls, in=30 out=78935 cache_read=399401 cost_equiv=$5.0171
USAGE_JSON: {"input_tokens": 30, "output_tokens": 78935, "cache_read_input_tokens": 399401, "cache_creation_input_tokens": 618861, "cost_equiv_usd": 5.0171013, "calls": 6}
TRACE_JSON: [{"input_tokens": 4, "output_tokens": 5606, "cache_read_input_tokens": 48923, "cache_creation_input_tokens": 68392, "cost_usd": 0.5091308999999999, "duration_s": 52.9}, {"input_tokens": 4, "output_tokens": 1845, "cache_read_input_tokens": 12319, "cache_creation_input_tokens": 98978, "cost_usd": 0.6252507, "duration_s": 23.4}, {"input_tokens": 8, "output_tokens": 25983, "cache_read_input_tokens": 167165, "cache_creation_input_tokens": 144073, "cost_usd": 1.3043565000000001, "duration_s": 187.8}, {"input_tokens": 4, "output_tokens": 15498, "cache_read_input_tokens": 56998, "cache_creation_input_tokens": 73895, "cost_usd": 0.6929514, "duration_s": 119.4}, {"input_tokens": 6, "output_tokens": 29807, "cache_read_input_tokens": 56998, "cache_creation_input_tokens": 167315, "cost_usd": 1.4681123999999999, "duration_s": 207.2}, {"input_tokens": 4, "output_tokens": 196, "cache_read_input_tokens": 56998, "cache_creation_input_tokens": 66208, "cost_usd": 0.4172994, "duration_s": 7.4}]
--- rc=0 elapsed=601s 2026-06-30-video-episode-73-science-vs-secrecy.v2.md
=== 2026-08-01T05:51:10+09:00 2026-06-18-video-watergate-the-jfk-assassination-and-a-ufo-secret-at-the.v2.md
Parsing record: 2026-06-18-video-watergate-the-jfk-assassination-and-a-ufo-secret-at-the.v2.md
Allowance ok (session 13%, weekly 83%)
Extracting (two-pass) from: Watergate, the JFK assassination and a UFO secret at the center of it all | Reality Check
Pass A: nodes (with iteration + chunking)
  nodes chunk 1/2 (49,853 chars)
    nodes iter 1: +86 nodes (total 86) [model: complete]
  nodes chunk 2/2 (24,776 chars)
    nodes iter 1: +28 nodes (total 114) [model: complete]
  114 nodes, 10 acronyms, main_subject='Jonathan Caplan'
Pass B: claims (constrained to locked nodes, with iteration + chunking)
  claims chunk 1/4 (20,000 chars)
    claims iter 1: +74 claims (chunk total 74, doc total 74) [model: complete]
  claims chunk 2/4 (20,000 chars)
    claims iter 1: +77 claims (chunk total 77, doc total 151) [model: complete]
  claims chunk 3/4 (20,000 chars)
    claims iter 1: +84 claims (chunk total 84, doc total 235) [model: complete]
  claims chunk 4/4 (14,629 chars)
    claims iter 1: +63 claims (chunk total 63, doc total 298) [model: complete]
  298 claims total: 288 domain, 10 infrastructure
  locations -> timecode: 298/298 aligned (0 unalignable, 0 ambiguous)

Variant: /home/mark/repos/anomalica/digests/variants/2026-06-18-video-watergate-the-jfk-assassination-and-a-ufo-secret-at-the/sonnet.e9b8b6d4.yaml
Canonical (latest-written): /home/mark/repos/anomalica/digests/records/2026-06-18-video-watergate-the-jfk-assassination-and-a-ufo-secret-at-the.yaml
Usage: 6 calls, in=34 out=160630 cache_read=642587 cost_equiv=$6.2558
USAGE_JSON: {"input_tokens": 34, "output_tokens": 160630, "cache_read_input_tokens": 642587, "cache_creation_input_tokens": 608907, "cost_equiv_usd": 6.255770100000001, "calls": 6}
TRACE_JSON: [{"input_tokens": 4, "output_tokens": 3090, "cache_read_input_tokens": 37303, "cache_creation_input_tokens": 78941, "cost_usd": 0.5311988999999999, "duration_s": 27.9}, {"input_tokens": 4, "output_tokens": 2124, "cache_read_input_tokens": 48349, "cache_creation_input_tokens": 67727, "cost_usd": 0.45273870000000005, "duration_s": 25.1}, {"input_tokens": 6, "output_tokens": 37931, "cache_read_input_tokens": 83259, "cache_creation_input_tokens": 150649, "cost_usd": 1.4978547, "duration_s": 259.2}, {"input_tokens": 8, "output_tokens": 43656, "cache_read_input_tokens": 223653, "cache_creation_input_tokens": 96206, "cost_usd": 1.2991959000000002, "duration_s": 301.0}, {"input_tokens": 4, "output_tokens": 21994, "cache_read_input_tokens": 13804, "cache_creation_input_tokens": 110952, "cost_usd": 0.9997752, "duration_s": 147.9}, {"input_tokens": 8, "output_tokens": 51835, "cache_read_input_tokens": 236219, "cache_creation_input_tokens": 104432, "cost_usd": 1.4750067000000002, "duration_s": 358.9}]
=== re-digest drained; resuming the record queue 2026-08-01T09:30:34+09:00
=== queue driver up 2026-08-01T09:30:34+09:00
=== 2026-08-01T09:30:34+09:00 2026-07-14-video-is-there-a-ruined-civilization-on-mars-a-theoretical.v2.md
Parsing record: 2026-07-14-video-is-there-a-ruined-civilization-on-mars-a-theoretical.v2.md
Allowance ceiling: weekly 90% >= 88% start-line (ceiling 95 less 7 reserved for end-of-week verification and fixes)
  window resets at 2026-08-05T10:59:59.611949+00:00
  Not starting. Completed chunks are cached; resume is cheap.
--- rc=77 elapsed=2s 2026-07-14-video-is-there-a-ruined-civilization-on-mars-a-theoretical.v2.md
    deferred (allowance): 2026-07-14-video-is-there-a-ruined-civilization-on-mars-a-theoretical.v2.md
=== 2026-08-01T09:30:36+09:00 2026-07-17-video-jesse-michels-uapgerb-chris-ramsay-flying-saucer-diner.v2.md
Parsing record: 2026-07-17-video-jesse-michels-uapgerb-chris-ramsay-flying-saucer-diner.v2.md
Allowance ceiling: weekly 90% >= 88% start-line (ceiling 95 less 7 reserved for end-of-week verification and fixes)
  window resets at 2026-08-05T10:59:59.611949+00:00
  Not starting. Completed chunks are cached; resume is cheap.
--- rc=77 elapsed=2s 2026-07-17-video-jesse-michels-uapgerb-chris-ramsay-flying-saucer-diner.v2.md
    deferred (allowance): 2026-07-17-video-jesse-michels-uapgerb-chris-ramsay-flying-saucer-diner.v2.md
=== 2026-08-01T09:30:38+09:00 2026-07-24-video-the-terrible-truth-about-the-visitors-whitley-strieber-ep-96.v2.md
Parsing record: 2026-07-24-video-the-terrible-truth-about-the-visitors-whitley-strieber-ep-96.v2.md
Allowance ceiling: weekly 90% >= 88% start-line (ceiling 95 less 7 reserved for end-of-week verification and fixes)
  window resets at 2026-08-05T10:59:59.611949+00:00
  Not starting. Completed chunks are cached; resume is cheap.
--- rc=77 elapsed=2s 2026-07-24-video-the-terrible-truth-about-the-visitors-whitley-strieber-ep-96.v2.md
    deferred (allowance): 2026-07-24-video-the-terrible-truth-about-the-visitors-whitley-strieber-ep-96.v2.md
=== 2026-08-01T09:30:40+09:00 2026-07-20-video-proof-that-nasa-censored-moon-photos-and-the-astronauts-knew.v2.md
Parsing record: 2026-07-20-video-proof-that-nasa-censored-moon-photos-and-the-astronauts-knew.v2.md
Allowance ceiling: weekly 90% >= 88% start-line (ceiling 95 less 7 reserved for end-of-week verification and fixes)
  window resets at 2026-08-05T10:59:59.611949+00:00
  Not starting. Completed chunks are cached; resume is cheap.
--- rc=77 elapsed=17s 2026-07-20-video-proof-that-nasa-censored-moon-photos-and-the-astronauts-knew.v2.md
    deferred (allowance): 2026-07-20-video-proof-that-nasa-censored-moon-photos-and-the-astronauts-knew.v2.md
=== 2026-08-01T09:30:57+09:00 2026-06-05-video-the-crazy-story-that-made-him-quit-investigating-ufos-luigi.v2.md
Parsing record: 2026-06-05-video-the-crazy-story-that-made-him-quit-investigating-ufos-luigi.v2.md
Allowance ceiling: weekly 90% >= 88% start-line (ceiling 95 less 7 reserved for end-of-week verification and fixes)
  window resets at 2026-08-05T10:59:59.611949+00:00
  Not starting. Completed chunks are cached; resume is cheap.
--- rc=77 elapsed=2s 2026-06-05-video-the-crazy-story-that-made-him-quit-investigating-ufos-luigi.v2.md
    deferred (allowance): 2026-06-05-video-the-crazy-story-that-made-him-quit-investigating-ufos-luigi.v2.md
=== 2026-08-01T09:30:59+09:00 2026-02-20-video-the-dangerous-truth-about-ufos-ross-coulthart-debriefed-ep.v2.md
Parsing record: 2026-02-20-video-the-dangerous-truth-about-ufos-ross-coulthart-debriefed-ep.v2.md
Allowance ceiling: weekly 90% >= 88% start-line (ceiling 95 less 7 reserved for end-of-week verification and fixes)
  window resets at 2026-08-05T10:59:59.611949+00:00
  Not starting. Completed chunks are cached; resume is cheap.
--- rc=77 elapsed=2s 2026-02-20-video-the-dangerous-truth-about-ufos-ross-coulthart-debriefed-ep.v2.md
    deferred (allowance): 2026-02-20-video-the-dangerous-truth-about-ufos-ross-coulthart-debriefed-ep.v2.md
=== 2026-08-01T09:31:01+09:00 2026-04-03-video-aliens-angels-and-daemons-michael-phillip-debriefed-ep-82.v2.md
Parsing record: 2026-04-03-video-aliens-angels-and-daemons-michael-phillip-debriefed-ep-82.v2.md
Allowance ceiling: weekly 90% >= 88% start-line (ceiling 95 less 7 reserved for end-of-week verification and fixes)
  window resets at 2026-08-05T10:59:59.611949+00:00
  Not starting. Completed chunks are cached; resume is cheap.
--- rc=77 elapsed=9s 2026-04-03-video-aliens-angels-and-daemons-michael-phillip-debriefed-ep-82.v2.md
    deferred (allowance): 2026-04-03-video-aliens-angels-and-daemons-michael-phillip-debriefed-ep-82.v2.md
=== 2026-08-01T09:31:10+09:00 2026-05-15-video-new-leaked-document-mentions-surviving-aliens-jeremy.v2.md
Parsing record: 2026-05-15-video-new-leaked-document-mentions-surviving-aliens-jeremy.v2.md
Allowance ceiling: weekly 90% >= 88% start-line (ceiling 95 less 7 reserved for end-of-week verification and fixes)
  window resets at 2026-08-05T10:59:59.611949+00:00
  Not starting. Completed chunks are cached; resume is cheap.
--- rc=77 elapsed=5s 2026-05-15-video-new-leaked-document-mentions-surviving-aliens-jeremy.v2.md
    deferred (allowance): 2026-05-15-video-new-leaked-document-mentions-surviving-aliens-jeremy.v2.md
=== 2026-08-01T09:31:15+09:00 2026-07-14-video-the-ufo-cover-up-leads-to-one-secret-society-and-one-final.v2.md
Parsing record: 2026-07-14-video-the-ufo-cover-up-leads-to-one-secret-society-and-one-final.v2.md
Allowance ceiling: weekly 90% >= 88% start-line (ceiling 95 less 7 reserved for end-of-week verification and fixes)
  window resets at 2026-08-05T10:59:59.611949+00:00
  Not starting. Completed chunks are cached; resume is cheap.
--- rc=77 elapsed=2s 2026-07-14-video-the-ufo-cover-up-leads-to-one-secret-society-and-one-final.v2.md
    deferred (allowance): 2026-07-14-video-the-ufo-cover-up-leads-to-one-secret-society-and-one-final.v2.md
=== 2026-08-01T09:31:17+09:00 2026-01-02-video-the-alien-interview-tape-might-be-real-jon-stewart.v2.md
Parsing record: 2026-01-02-video-the-alien-interview-tape-might-be-real-jon-stewart.v2.md
Allowance ceiling: weekly 90% >= 88% start-line (ceiling 95 less 7 reserved for end-of-week verification and fixes)
  window resets at 2026-08-05T10:59:59.611949+00:00
  Not starting. Completed chunks are cached; resume is cheap.
--- rc=77 elapsed=2s 2026-01-02-video-the-alien-interview-tape-might-be-real-jon-stewart.v2.md
    deferred (allowance): 2026-01-02-video-the-alien-interview-tape-might-be-real-jon-stewart.v2.md
=== 2026-08-01T09:31:19+09:00 2026-03-13-video-the-alien-conclusion-according-to-50-years-of-research.v2.md
Parsing record: 2026-03-13-video-the-alien-conclusion-according-to-50-years-of-research.v2.md
Allowance ceiling: weekly 90% >= 88% start-line (ceiling 95 less 7 reserved for end-of-week verification and fixes)
  window resets at 2026-08-05T10:59:59.611949+00:00
  Not starting. Completed chunks are cached; resume is cheap.
--- rc=77 elapsed=2s 2026-03-13-video-the-alien-conclusion-according-to-50-years-of-research.v2.md
    deferred (allowance): 2026-03-13-video-the-alien-conclusion-according-to-50-years-of-research.v2.md
=== 2026-08-01T09:31:21+09:00 2025-12-12-video-army-radar-technician-reveals-alien-message-sfc-jeremy-cj.v2.md
Parsing record: 2025-12-12-video-army-radar-technician-reveals-alien-message-sfc-jeremy-cj.v2.md
Allowance ceiling: weekly 90% >= 88% start-line (ceiling 95 less 7 reserved for end-of-week verification and fixes)
  window resets at 2026-08-05T10:59:59.611949+00:00
  Not starting. Completed chunks are cached; resume is cheap.
--- rc=77 elapsed=18s 2025-12-12-video-army-radar-technician-reveals-alien-message-sfc-jeremy-cj.v2.md
    deferred (allowance): 2025-12-12-video-army-radar-technician-reveals-alien-message-sfc-jeremy-cj.v2.md
=== 2026-08-01T09:31:39+09:00 2001-04-13-web-clarke-s-believe-it-or-not.md
Parsing record: 2001-04-13-web-clarke-s-believe-it-or-not.md
Allowance ok (session 56%, weekly 90%)
Extracting (two-pass) from: Clarke's Believe It or Not
Pass A: nodes (with iteration + chunking)
    nodes iter 1: +11 nodes (total 11) [model: complete]
  11 nodes, 1 acronyms, main_subject='Arthur C. Clarke'
Pass B: claims (constrained to locked nodes, with iteration + chunking)
    claims iter 1: +18 claims (chunk total 18, doc total 18) [model: complete]
  18 claims total: 15 domain, 3 infrastructure
  locations -> char offset: 18/18 aligned (0 unalignable, 0 ambiguous)

Variant: /home/mark/repos/anomalica/digests/variants/2001-04-13-web-clarke-s-believe-it-or-not/sonnet.e9b8b6d4.yaml
Canonical (latest-written): /home/mark/repos/anomalica/digests/records/2001-04-13-web-clarke-s-believe-it-or-not.yaml
Usage: 2 calls, in=10 out=10362 cache_read=80347 cost_equiv=$1.4810
USAGE_JSON: {"input_tokens": 10, "output_tokens": 10362, "cache_read_input_tokens": 80347, "cache_creation_input_tokens": 216899, "cost_equiv_usd": 1.4809581, "calls": 2}
TRACE_JSON: [{"input_tokens": 4, "output_tokens": 826, "cache_read_input_tokens": 6509, "cache_creation_input_tokens": 97455, "cost_usd": 0.5990847, "duration_s": 12.6}, {"input_tokens": 6, "output_tokens": 9536, "cache_read_input_tokens": 73838, "cache_creation_input_tokens": 119444, "cost_usd": 0.8818734, "duration_s": 67.8}]
--- rc=0 elapsed=82s 2001-04-13-web-clarke-s-believe-it-or-not.md
=== 2026-08-01T09:33:01+09:00 2020-09-04-pdf-range-fouler-reporting-form.md
Parsing record: 2020-09-04-pdf-range-fouler-reporting-form.md
Allowance ok (session 56%, weekly 90%)
Extracting (two-pass) from: Range Fouler Reporting Form
Pass A: nodes (with iteration + chunking)
    nodes iter 1: +8 nodes (total 8) [model: complete]
  8 nodes, 14 acronyms, main_subject='2020-09-04 Gulf of Aden IR sensor contact'
Pass B: claims (constrained to locked nodes, with iteration + chunking)
    claims iter 1: +22 claims (chunk total 22, doc total 22) [model: complete]
  22 claims total: 22 domain, 0 infrastructure
  locations -> char offset: 22/22 aligned (0 unalignable, 0 ambiguous)

Variant: /home/mark/repos/anomalica/digests/variants/2020-09-04-pdf-range-fouler-reporting-form/sonnet.e9b8b6d4.yaml
Canonical (latest-written): /home/mark/repos/anomalica/digests/records/2020-09-04-pdf-range-fouler-reporting-form.yaml
Usage: 2 calls, in=10 out=11975 cache_read=48693 cost_equiv=$1.7014
USAGE_JSON: {"input_tokens": 10, "output_tokens": 11975, "cache_read_input_tokens": 48693, "cache_creation_input_tokens": 251189, "cost_equiv_usd": 1.7013969000000002, "calls": 2}
TRACE_JSON: [{"input_tokens": 4, "output_tokens": 1104, "cache_read_input_tokens": 48693, "cache_creation_input_tokens": 57839, "cost_usd": 0.3782139, "duration_s": 17.0}, {"input_tokens": 6, "output_tokens": 10871, "cache_read_input_tokens": 0, "cache_creation_input_tokens": 193350, "cost_usd": 1.3231830000000002, "duration_s": 75.5}]
--- rc=0 elapsed=110s 2020-09-04-pdf-range-fouler-reporting-form.md
=== 2026-08-01T09:34:51+09:00 2020-05-14-pdf-range-fouler-debrief-form.md
Parsing record: 2020-05-14-pdf-range-fouler-debrief-form.md
Allowance ok (session 58%, weekly 90%)
Extracting (two-pass) from: Range Fouler Debrief Form
Pass A: nodes (with iteration + chunking)
    nodes iter 1: +8 nodes (total 8) [model: complete]
  8 nodes, 11 acronyms, main_subject='Range Fouler Debrief Form (2020-05-14)'
Pass B: claims (constrained to locked nodes, with iteration + chunking)
    claims iter 1: +18 claims (chunk total 18, doc total 18) [model: complete]
  18 claims total: 16 domain, 2 infrastructure
  locations -> char offset: 17/18 aligned (1 unalignable, 0 ambiguous)

Variant: /home/mark/repos/anomalica/digests/variants/2020-05-14-pdf-range-fouler-debrief-form/sonnet.e9b8b6d4.yaml
Canonical (latest-written): /home/mark/repos/anomalica/digests/records/2020-05-14-pdf-range-fouler-debrief-form.yaml
Usage: 2 calls, in=8 out=7647 cache_read=53225 cost_equiv=$1.1536
USAGE_JSON: {"input_tokens": 8, "output_tokens": 7647, "cache_read_input_tokens": 53225, "cache_creation_input_tokens": 170484, "cost_equiv_usd": 1.1536005, "calls": 2}
TRACE_JSON: [{"input_tokens": 4, "output_tokens": 2437, "cache_read_input_tokens": 53225, "cache_creation_input_tokens": 51626, "cost_usd": 0.36229049999999996, "duration_s": 28.1}, {"input_tokens": 4, "output_tokens": 5210, "cache_read_input_tokens": 0, "cache_creation_input_tokens": 118858, "cost_usd": 0.79131, "duration_s": 41.2}]
--- rc=0 elapsed=73s 2020-05-14-pdf-range-fouler-debrief-form.md
=== 2026-08-01T09:36:04+09:00 1973-12-20-pdf-intelligence-information-report-the-sary-shagan-weapons.md
Usage: python -m digester.cli extract [OPTIONS] FILE_PATH
Try 'python -m digester.cli extract --help' for help.

Error: Invalid value for 'FILE_PATH': Path '/home/mark/repos/anomalica/ingests/records/1973-12-20-pdf-intelligence-information-report-the-sary-shagan-weapons.md' does not exist.
--- rc=2 elapsed=0s 1973-12-20-pdf-intelligence-information-report-the-sary-shagan-weapons.md
    strike 1/2 on 1973-12-20-pdf-intelligence-information-report-the-sary-shagan-weapons.md
=== 2026-08-01T09:36:04+09:00 1973-12-20-pdf-intelligence-information-report-the-sary-shagan-weapons.md
Usage: python -m digester.cli extract [OPTIONS] FILE_PATH
Try 'python -m digester.cli extract --help' for help.

Error: Invalid value for 'FILE_PATH': Path '/home/mark/repos/anomalica/ingests/records/1973-12-20-pdf-intelligence-information-report-the-sary-shagan-weapons.md' does not exist.
--- rc=2 elapsed=0s 1973-12-20-pdf-intelligence-information-report-the-sary-shagan-weapons.md
    strike 2/2 on 1973-12-20-pdf-intelligence-information-report-the-sary-shagan-weapons.md
=== 2026-08-01T09:36:04+09:00 2024-07-12-video-out-of-body-the-gateway-experience-trailer.v2.md
Parsing record: 2024-07-12-video-out-of-body-the-gateway-experience-trailer.v2.md
Allowance ok (session 59%, weekly 90%)
Extracting (two-pass) from: Out of Body - The Gateway Experience - Trailer
Pass A: nodes (with iteration + chunking)
    nodes iter 1: +4 nodes (total 4) [model: complete]
  4 nodes, 2 acronyms, main_subject='Out of Body: The Gateway Experience'
Pass B: claims (constrained to locked nodes, with iteration + chunking)
    claims iter 1: +10 claims (chunk total 10, doc total 10) [model: complete]
  10 claims total: 10 domain, 0 infrastructure
  locations -> timecode: 10/10 aligned (0 unalignable, 0 ambiguous)

Variant: /home/mark/repos/anomalica/digests/variants/2024-07-12-video-out-of-body-the-gateway-experience-trailer/sonnet.e9b8b6d4.yaml
Canonical (latest-written): /home/mark/repos/anomalica/digests/records/2024-07-12-video-out-of-body-the-gateway-experience-trailer.yaml
Usage: 2 calls, in=10 out=7569 cache_read=127097 cost_equiv=$1.1879
USAGE_JSON: {"input_tokens": 10, "output_tokens": 7569, "cache_read_input_tokens": 127097, "cache_creation_input_tokens": 172705, "cost_equiv_usd": 1.1879241, "calls": 2}
TRACE_JSON: [{"input_tokens": 4, "output_tokens": 1116, "cache_read_input_tokens": 53225, "cache_creation_input_tokens": 50914, "cost_usd": 0.3382035, "duration_s": 15.6}, {"input_tokens": 6, "output_tokens": 6453, "cache_read_input_tokens": 73872, "cache_creation_input_tokens": 121791, "cost_usd": 0.8497206, "duration_s": 53.4}]
--- rc=0 elapsed=73s 2024-07-12-video-out-of-body-the-gateway-experience-trailer.v2.md
=== 2026-08-01T09:37:17+09:00 2026-07-11-audio-nasa-uap-d023-interview-excerpt-with-astronaut-gordon.v2.md
Parsing record: 2026-07-11-audio-nasa-uap-d023-interview-excerpt-with-astronaut-gordon.v2.md
Allowance ok (session 59%, weekly 90%)
Extracting (two-pass) from: NASA-UAP-D023, Interview Excerpt with Astronaut Gordon Cooper, 1962
Pass A: nodes (with iteration + chunking)
    nodes iter 1: +7 nodes (total 7) [model: complete]
  7 nodes, 1 acronyms, main_subject='Gordon Cooper'
Pass B: claims (constrained to locked nodes, with iteration + chunking)
    claims iter 1: +8 claims (chunk total 8, doc total 8) [model: complete]
  8 claims total: 8 domain, 0 infrastructure
  locations -> timecode: 8/8 aligned (0 unalignable, 0 ambiguous)

Variant: /home/mark/repos/anomalica/digests/variants/2026-07-11-audio-nasa-uap-d023-interview-excerpt-with-astronaut-gordon/sonnet.e9b8b6d4.yaml
Canonical (latest-written): /home/mark/repos/anomalica/digests/records/2026-07-11-audio-nasa-uap-d023-interview-excerpt-with-astronaut-gordon.yaml
Usage: 2 calls, in=8 out=4170 cache_read=54846 cost_equiv=$1.0760
USAGE_JSON: {"input_tokens": 8, "output_tokens": 4170, "cache_read_input_tokens": 54846, "cache_creation_input_tokens": 166155, "cost_equiv_usd": 1.0759578, "calls": 2}
TRACE_JSON: [{"input_tokens": 4, "output_tokens": 927, "cache_read_input_tokens": 54846, "cache_creation_input_tokens": 50683, "cost_usd": 0.3344688, "duration_s": 15.4}, {"input_tokens": 4, "output_tokens": 3243, "cache_read_input_tokens": 0, "cache_creation_input_tokens": 115472, "cost_usd": 0.7414890000000001, "duration_s": 29.5}]
--- rc=0 elapsed=48s 2026-07-11-audio-nasa-uap-d023-interview-excerpt-with-astronaut-gordon.v2.md
=== 2026-08-01T09:38:05+09:00 2025-12-08-video-sergeant-karl-wolfe-details-an-alien-base-discovered-on-the.v2.md
Parsing record: 2025-12-08-video-sergeant-karl-wolfe-details-an-alien-base-discovered-on-the.v2.md
Allowance ok (session 59%, weekly 90%)
Extracting (two-pass) from: Sergeant Karl Wolfe details an alien base discovered on the moon by NASA before being assassinated
Pass A: nodes (with iteration + chunking)
    nodes iter 1: +8 nodes (total 8) [model: complete]
  8 nodes, 1 acronyms, main_subject='Carl Wolf'
Pass B: claims (constrained to locked nodes, with iteration + chunking)
    claims iter 1: +18 claims (chunk total 18, doc total 18) [model: complete]
  18 claims total: 18 domain, 0 infrastructure
  locations -> timecode: 18/18 aligned (0 unalignable, 0 ambiguous)

Variant: /home/mark/repos/anomalica/digests/variants/2025-12-08-video-sergeant-karl-wolfe-details-an-alien-base-discovered-on-the/sonnet.e9b8b6d4.yaml
Canonical (latest-written): /home/mark/repos/anomalica/digests/records/2025-12-08-video-sergeant-karl-wolfe-details-an-alien-base-discovered-on-the.yaml
Usage: 2 calls, in=8 out=5623 cache_read=53225 cost_equiv=$1.0990
USAGE_JSON: {"input_tokens": 8, "output_tokens": 5623, "cache_read_input_tokens": 53225, "cache_creation_input_tokens": 166444, "cost_equiv_usd": 1.0990005, "calls": 2}
TRACE_JSON: [{"input_tokens": 4, "output_tokens": 1123, "cache_read_input_tokens": 53225, "cache_creation_input_tokens": 50763, "cost_usd": 0.3374025, "duration_s": 16.1}, {"input_tokens": 4, "output_tokens": 4500, "cache_read_input_tokens": 0, "cache_creation_input_tokens": 115681, "cost_usd": 0.761598, "duration_s": 33.3}]
--- rc=0 elapsed=54s 2025-12-08-video-sergeant-karl-wolfe-details-an-alien-base-discovered-on-the.v2.md
=== 2026-08-01T09:38:59+09:00 2020-08-08-pdf-misrep-4592219.md
Parsing record: 2020-08-08-pdf-misrep-4592219.md
Allowance ok (session 59%, weekly 90%)
Extracting (two-pass) from: Misrep 4592219
Pass A: nodes (with iteration + chunking)
    nodes iter 1: +18 nodes (total 18) [model: complete]
  18 nodes, 24 acronyms, main_subject='2020-08-08 Arabian Gulf UAP Observation'
Pass B: claims (constrained to locked nodes, with iteration + chunking)
    claims iter 1: +55 claims (chunk total 55, doc total 55) [model: complete]
  55 claims total: 55 domain, 0 infrastructure
  locations -> char offset: 53/55 aligned (2 unalignable, 2 ambiguous)

Variant: /home/mark/repos/anomalica/digests/variants/2020-08-08-pdf-misrep-4592219/sonnet.e9b8b6d4.yaml
Canonical (latest-written): /home/mark/repos/anomalica/digests/records/2020-08-08-pdf-misrep-4592219.yaml
Usage: 2 calls, in=8 out=15622 cache_read=54846 cost_equiv=$1.3122
USAGE_JSON: {"input_tokens": 8, "output_tokens": 15622, "cache_read_input_tokens": 54846, "cache_creation_input_tokens": 176893, "cost_equiv_usd": 1.3121657999999998, "calls": 2}
TRACE_JSON: [{"input_tokens": 4, "output_tokens": 3118, "cache_read_input_tokens": 54846, "cache_creation_input_tokens": 55082, "cost_usd": 0.39372779999999996, "duration_s": 30.1}, {"input_tokens": 4, "output_tokens": 12504, "cache_read_input_tokens": 0, "cache_creation_input_tokens": 121811, "cost_usd": 0.918438, "duration_s": 85.2}]
--- rc=0 elapsed=125s 2020-08-08-pdf-misrep-4592219.md
=== 2026-08-01T09:41:05+09:00 2022-07-31-pdf-misrep-7816710.md
Parsing record: 2022-07-31-pdf-misrep-7816710.md
Allowance ok (session 59%, weekly 90%)
Extracting (two-pass) from: Misrep-7816710
Pass A: nodes (with iteration + chunking)
    nodes iter 1: +15 nodes (total 15) [model: complete]
  15 nodes, 26 acronyms, main_subject='2022-07-31 UAP sighting near Deir ez-Zor, Syria'
Pass B: claims (constrained to locked nodes, with iteration + chunking)
    claims iter 1: +33 claims (chunk total 33, doc total 33) [model: complete]
  33 claims total: 33 domain, 0 infrastructure
  locations -> char offset: 32/33 aligned (1 unalignable, 2 ambiguous)

Variant: /home/mark/repos/anomalica/digests/variants/2022-07-31-pdf-misrep-7816710/sonnet.e9b8b6d4.yaml
Canonical (latest-written): /home/mark/repos/anomalica/digests/records/2022-07-31-pdf-misrep-7816710.yaml
Usage: 2 calls, in=10 out=13882 cache_read=135576 cost_equiv=$1.3630
USAGE_JSON: {"input_tokens": 10, "output_tokens": 13882, "cache_read_input_tokens": 135576, "cache_creation_input_tokens": 185679, "cost_equiv_usd": 1.3630068, "calls": 2}
TRACE_JSON: [{"input_tokens": 4, "output_tokens": 3626, "cache_read_input_tokens": 53225, "cache_creation_input_tokens": 58390, "cost_usd": 0.42070949999999996, "duration_s": 34.7}, {"input_tokens": 6, "output_tokens": 10256, "cache_read_input_tokens": 82351, "cache_creation_input_tokens": 127289, "cost_usd": 0.9422973, "duration_s": 77.3}]
--- rc=0 elapsed=115s 2022-07-31-pdf-misrep-7816710.md
=== 2026-08-01T09:43:00+09:00 2007-06-20-web-project-serpo.md
Parsing record: 2007-06-20-web-project-serpo.md
Allowance ok (session 59%, weekly 90%)
Extracting (two-pass) from: Project Serpo
Pass A: nodes (with iteration + chunking)
    nodes iter 1: +29 nodes (total 29) [model: complete]
  29 nodes, 8 acronyms, main_subject='Interview with Dr Craig McPherson (1995)'
Pass B: claims (constrained to locked nodes, with iteration + chunking)
    claims iter 1: +108 claims (chunk total 108, doc total 108) [model: complete]
  108 claims total: 106 domain, 2 infrastructure
  locations -> char offset: 108/108 aligned (0 unalignable, 0 ambiguous)

Variant: /home/mark/repos/anomalica/digests/variants/2007-06-20-web-project-serpo/sonnet.e9b8b6d4.yaml
Canonical (latest-written): /home/mark/repos/anomalica/digests/records/2007-06-20-web-project-serpo.yaml
Usage: 2 calls, in=8 out=31423 cache_read=40563 cost_equiv=$1.6343
USAGE_JSON: {"input_tokens": 8, "output_tokens": 31423, "cache_read_input_tokens": 40563, "cache_creation_input_tokens": 191790, "cost_equiv_usd": 1.6342779, "calls": 2}
TRACE_JSON: [{"input_tokens": 4, "output_tokens": 1513, "cache_read_input_tokens": 40563, "cache_creation_input_tokens": 67916, "cost_usd": 0.4423719, "duration_s": 15.2}, {"input_tokens": 4, "output_tokens": 29910, "cache_read_input_tokens": 0, "cache_creation_input_tokens": 123874, "cost_usd": 1.1919060000000001, "duration_s": 207.2}]
--- rc=0 elapsed=233s 2007-06-20-web-project-serpo.md
=== 2026-08-01T09:46:53+09:00 2026-07-11-audio-nasa-uap-d008-apollo-12-medical-debriefing-tape-12-1969.v2.md
Parsing record: 2026-07-11-audio-nasa-uap-d008-apollo-12-medical-debriefing-tape-12-1969.v2.md
Allowance ok (session 61%, weekly 90%)
Extracting (two-pass) from: NASA-UAP-D008, Apollo 12 Medical Debriefing - Tape 12, 1969
Pass A: nodes (with iteration + chunking)
    nodes iter 1: +7 nodes (total 7) [model: complete]
  7 nodes, 1 acronyms, main_subject='Apollo 12'
Pass B: claims (constrained to locked nodes, with iteration + chunking)
    claims iter 1: +12 claims (chunk total 12, doc total 12) [model: complete]
  12 claims total: 12 domain, 0 infrastructure
  locations -> timecode: 10/12 aligned (2 unalignable, 0 ambiguous)

Variant: /home/mark/repos/anomalica/digests/variants/2026-07-11-audio-nasa-uap-d008-apollo-12-medical-debriefing-tape-12-1969/sonnet.e9b8b6d4.yaml
Canonical (latest-written): /home/mark/repos/anomalica/digests/records/2026-07-11-audio-nasa-uap-d008-apollo-12-medical-debriefing-tape-12-1969.yaml
Usage: 2 calls, in=10 out=10566 cache_read=130369 cost_equiv=$1.2619
USAGE_JSON: {"input_tokens": 10, "output_tokens": 10566, "cache_read_input_tokens": 130369, "cache_creation_input_tokens": 177385, "cost_equiv_usd": 1.2619407000000002, "calls": 2}
TRACE_JSON: [{"input_tokens": 4, "output_tokens": 1754, "cache_read_input_tokens": 54846, "cache_creation_input_tokens": 52468, "cost_usd": 0.3575838, "duration_s": 27.4}, {"input_tokens": 6, "output_tokens": 8812, "cache_read_input_tokens": 75523, "cache_creation_input_tokens": 124917, "cost_usd": 0.9043569000000001, "duration_s": 74.1}]
--- rc=0 elapsed=104s 2026-07-11-audio-nasa-uap-d008-apollo-12-medical-debriefing-tape-12-1969.v2.md
=== 2026-08-01T09:48:37+09:00 1975-pdf-the-recognition-of-extraterrestrial-intelligence.md
Parsing record: 1975-pdf-the-recognition-of-extraterrestrial-intelligence.md
Allowance ok (session 61%, weekly 90%)
Extracting (two-pass) from: The recognition of extraterrestrial intelligence
Pass A: nodes (with iteration + chunking)
    nodes iter 1: +36 nodes (total 36) [model: complete]
  36 nodes, 3 acronyms, main_subject='Carl Sagan'
Pass B: claims (constrained to locked nodes, with iteration + chunking)
  claims chunk 1/3 (20,000 chars)
    claims iter 1: +44 claims (chunk total 44, doc total 44) [model: complete]
  claims chunk 2/3 (20,000 chars)
    claims iter 1: +62 claims (chunk total 62, doc total 106) [model: complete]
  claims chunk 3/3 (2,779 chars)
    claims iter 1: +4 claims (chunk total 4, doc total 110) [model: complete]
  110 claims total: 92 domain, 18 infrastructure
  locations -> char offset: 106/110 aligned (4 unalignable, 5 ambiguous)

Variant: /home/mark/repos/anomalica/digests/variants/1975-pdf-the-recognition-of-extraterrestrial-intelligence/sonnet.e9b8b6d4.yaml
Canonical (latest-written): /home/mark/repos/anomalica/digests/records/1975-pdf-the-recognition-of-extraterrestrial-intelligence.yaml
Usage: 4 calls, in=20 out=36717 cache_read=165361 cost_equiv=$3.4620
USAGE_JSON: {"input_tokens": 20, "output_tokens": 36717, "cache_read_input_tokens": 165361, "cache_creation_input_tokens": 476927, "cost_equiv_usd": 3.4619853000000003, "calls": 4}
TRACE_JSON: [{"input_tokens": 4, "output_tokens": 3708, "cache_read_input_tokens": 54846, "cache_creation_input_tokens": 66504, "cost_usd": 0.4711098, "duration_s": 39.4}, {"input_tokens": 6, "output_tokens": 14556, "cache_read_input_tokens": 0, "cache_creation_input_tokens": 206679, "cost_usd": 1.4584320000000002, "duration_s": 113.1}, {"input_tokens": 4, "output_tokens": 15582, "cache_read_input_tokens": 54447, "cache_creation_input_tokens": 69910, "cost_usd": 0.6695361, "duration_s": 105.2}, {"input_tokens": 6, "output_tokens": 2871, "cache_read_input_tokens": 56068, "cache_creation_input_tokens": 133834, "cost_usd": 0.8629074, "duration_s": 27.6}]
--- rc=0 elapsed=289s 1975-pdf-the-recognition-of-extraterrestrial-intelligence.md
=== 2026-08-01T09:53:26+09:00 2024-10-02-video-horseshoe-uap-video-surfaces-debriefed-ep-08.v2.md
Parsing record: 2024-10-02-video-horseshoe-uap-video-surfaces-debriefed-ep-08.v2.md
Allowance ok (session 61%, weekly 90%)
Extracting (two-pass) from: Horseshoe UAP Video Surfaces! - DEBRIEFED ep. 08
Pass A: nodes (with iteration + chunking)
    nodes iter 1: +47 nodes (total 47) [model: complete]
  47 nodes, 10 acronyms, main_subject='UAP-23'
Pass B: claims (constrained to locked nodes, with iteration + chunking)
  claims chunk 1/2 (20,000 chars)
    claims iter 1: +45 claims (chunk total 45, doc total 45) [model: complete]
  claims chunk 2/2 (608 chars)
    claims iter 1: +0 claims (chunk total 0, doc total 45) [model: complete]
  45 claims total: 37 domain, 8 infrastructure
  locations -> timecode: 45/45 aligned (0 unalignable, 1 ambiguous)

Variant: /home/mark/repos/anomalica/digests/variants/2024-10-02-video-horseshoe-uap-video-surfaces-debriefed-ep-08/sonnet.e9b8b6d4.yaml
Canonical (latest-written): /home/mark/repos/anomalica/digests/records/2024-10-02-video-horseshoe-uap-video-surfaces-debriefed-ep-08.yaml
Usage: 3 calls, in=12 out=21429 cache_read=68272 cost_equiv=$2.0763
USAGE_JSON: {"input_tokens": 12, "output_tokens": 21429, "cache_read_input_tokens": 68272, "cache_creation_input_tokens": 289059, "cost_equiv_usd": 2.0763066, "calls": 3}
TRACE_JSON: [{"input_tokens": 4, "output_tokens": 4710, "cache_read_input_tokens": 54846, "cache_creation_input_tokens": 57441, "cost_usd": 0.43176180000000003, "duration_s": 42.0}, {"input_tokens": 4, "output_tokens": 16540, "cache_read_input_tokens": 0, "cache_creation_input_tokens": 125171, "cost_usd": 0.999138, "duration_s": 133.2}, {"input_tokens": 4, "output_tokens": 179, "cache_read_input_tokens": 13426, "cache_creation_input_tokens": 106447, "cost_usd": 0.6454068000000002, "duration_s": 6.8}]
--- rc=0 elapsed=184s 2024-10-02-video-horseshoe-uap-video-surfaces-debriefed-ep-08.v2.md
=== 2026-08-01T09:56:30+09:00 2024-11-24-video-uaps-in-washington-i-wasn-t-supposed-to-be-there.v2.md
Parsing record: 2024-11-24-video-uaps-in-washington-i-wasn-t-supposed-to-be-there.v2.md
Allowance ok (session 64%, weekly 91%)
Extracting (two-pass) from: UAPs in Washington - I wasn't supposed to be there..
Pass A: nodes (with iteration + chunking)
    nodes iter 1: +33 nodes (total 33) [model: complete]
  33 nodes, 6 acronyms, main_subject='2024 United States congressional hearing on UAPs (13 November)'
Pass B: claims (constrained to locked nodes, with iteration + chunking)
  claims chunk 1/2 (20,000 chars)
    claims iter 1: +34 claims (chunk total 34, doc total 34) [model: complete]
  claims chunk 2/2 (1,877 chars)
    claims iter 1: +3 claims (chunk total 3, doc total 37) [model: complete]
  37 claims total: 34 domain, 3 infrastructure
  locations -> timecode: 37/37 aligned (0 unalignable, 0 ambiguous)

Variant: /home/mark/repos/anomalica/digests/variants/2024-11-24-video-uaps-in-washington-i-wasn-t-supposed-to-be-there/sonnet.e9b8b6d4.yaml
Canonical (latest-written): /home/mark/repos/anomalica/digests/records/2024-11-24-video-uaps-in-washington-i-wasn-t-supposed-to-be-there.yaml
Usage: 3 calls, in=12 out=19842 cache_read=68118 cost_equiv=$2.0167
USAGE_JSON: {"input_tokens": 12, "output_tokens": 19842, "cache_read_input_tokens": 68118, "cache_creation_input_tokens": 283099, "cost_equiv_usd": 2.0166954, "calls": 3}
TRACE_JSON: [{"input_tokens": 4, "output_tokens": 2920, "cache_read_input_tokens": 54846, "cache_creation_input_tokens": 58736, "cost_usd": 0.4126818, "duration_s": 31.9}, {"input_tokens": 4, "output_tokens": 15378, "cache_read_input_tokens": 0, "cache_creation_input_tokens": 125070, "cost_usd": 0.981102, "duration_s": 134.3}, {"input_tokens": 4, "output_tokens": 1544, "cache_read_input_tokens": 13272, "cache_creation_input_tokens": 99293, "cost_usd": 0.6229116, "duration_s": 17.9}]
--- rc=0 elapsed=188s 2024-11-24-video-uaps-in-washington-i-wasn-t-supposed-to-be-there.v2.md
=== 2026-08-01T09:59:38+09:00 2024-10-18-video-journalist-leaked-uap-program-immaculate-constellation.v2.md
Parsing record: 2024-10-18-video-journalist-leaked-uap-program-immaculate-constellation.v2.md
Allowance ok (session 64%, weekly 91%)
Extracting (two-pass) from: Journalist Leaked UAP Program "Immaculate Constellation" - DEBRIEFED ep. 10
Pass A: nodes (with iteration + chunking)
    nodes iter 1: +50 nodes (total 50) [model: complete]
  50 nodes, 10 acronyms, main_subject='Immaculate Constellation'
Pass B: claims (constrained to locked nodes, with iteration + chunking)
  claims chunk 1/2 (20,000 chars)
    claims iter 1: +80 claims (chunk total 80, doc total 80) [model: complete]
  claims chunk 2/2 (4,577 chars)
    claims iter 1: +15 claims (chunk total 15, doc total 95) [model: complete]
  95 claims total: 79 domain, 16 infrastructure
  locations -> timecode: 95/95 aligned (0 unalignable, 3 ambiguous)

Variant: /home/mark/repos/anomalica/digests/variants/2024-10-18-video-journalist-leaked-uap-program-immaculate-constellation/sonnet.e9b8b6d4.yaml
Canonical (latest-written): /home/mark/repos/anomalica/digests/records/2024-10-18-video-journalist-leaked-uap-program-immaculate-constellation.yaml
Usage: 3 calls, in=16 out=49110 cache_read=226525 cost_equiv=$2.7426
USAGE_JSON: {"input_tokens": 16, "output_tokens": 49110, "cache_read_input_tokens": 226525, "cache_creation_input_tokens": 322985, "cost_equiv_usd": 2.7425655000000004, "calls": 3}
TRACE_JSON: [{"input_tokens": 4, "output_tokens": 4444, "cache_read_input_tokens": 54846, "cache_creation_input_tokens": 59167, "cost_usd": 0.43812780000000007, "duration_s": 42.8}, {"input_tokens": 8, "output_tokens": 41069, "cache_read_input_tokens": 164409, "cache_creation_input_tokens": 151299, "cost_usd": 1.5731757000000002, "duration_s": 275.3}, {"input_tokens": 4, "output_tokens": 3597, "cache_read_input_tokens": 7270, "cache_creation_input_tokens": 112519, "cost_usd": 0.7312620000000001, "duration_s": 30.8}]
--- rc=0 elapsed=366s 2024-10-18-video-journalist-leaked-uap-program-immaculate-constellation.v2.md
=== 2026-08-01T10:05:44+09:00 2024-10-05-video-what-the-aliens-look-like-disturbing-research-by-budd.v2.md
Parsing record: 2024-10-05-video-what-the-aliens-look-like-disturbing-research-by-budd.v2.md
Allowance ok (session 2%, weekly 91%)
Extracting (two-pass) from: What The Aliens Look Like: Disturbing Research by Budd Hopkins on ET Abductions (1988)
Pass A: nodes (with iteration + chunking)
    nodes iter 1: +15 nodes (total 15) [model: complete]
  15 nodes, 0 acronyms, main_subject='Budd Hopkins'
Pass B: claims (constrained to locked nodes, with iteration + chunking)
  claims chunk 1/2 (20,000 chars)
    claims iter 1: +56 claims (chunk total 56, doc total 56) [model: complete]
  claims chunk 2/2 (4,535 chars)
    claims iter 1: +17 claims (chunk total 17, doc total 73) [model: complete]
  73 claims total: 73 domain, 0 infrastructure
  locations -> timecode: 72/73 aligned (1 unalignable, 0 ambiguous)

Variant: /home/mark/repos/anomalica/digests/variants/2024-10-05-video-what-the-aliens-look-like-disturbing-research-by-budd/sonnet.e9b8b6d4.yaml
Canonical (latest-written): /home/mark/repos/anomalica/digests/records/2024-10-05-video-what-the-aliens-look-like-disturbing-research-by-budd.yaml
Usage: 3 calls, in=12 out=29623 cache_read=55578 cost_equiv=$2.2499
USAGE_JSON: {"input_tokens": 12, "output_tokens": 29623, "cache_read_input_tokens": 55578, "cache_creation_input_tokens": 298137, "cost_equiv_usd": 2.2498763999999998, "calls": 3}
TRACE_JSON: [{"input_tokens": 4, "output_tokens": 2145, "cache_read_input_tokens": 42540, "cache_creation_input_tokens": 70531, "cost_usd": 0.46813499999999997, "duration_s": 27.4}, {"input_tokens": 4, "output_tokens": 20233, "cache_read_input_tokens": 0, "cache_creation_input_tokens": 122075, "cost_usd": 1.035957, "duration_s": 166.4}, {"input_tokens": 4, "output_tokens": 7245, "cache_read_input_tokens": 13038, "cache_creation_input_tokens": 105531, "cost_usd": 0.7457843999999999, "duration_s": 60.3}]
--- rc=0 elapsed=264s 2024-10-05-video-what-the-aliens-look-like-disturbing-research-by-budd.v2.md
=== 2026-08-01T10:10:09+09:00 2024-09-05-video-uap-caught-on-drone-in-4k-debriefed-ep-5.v2.md
Parsing record: 2024-09-05-video-uap-caught-on-drone-in-4k-debriefed-ep-5.v2.md
Allowance ok (session 2%, weekly 91%)
Extracting (two-pass) from: UAP Caught on Drone in 4K! - DEBRIEFED ep. 5
Pass A: nodes (with iteration + chunking)
    nodes iter 1: +19 nodes (total 19) [model: complete]
  19 nodes, 3 acronyms, main_subject="Jesse DeLuca's May 2024 Quebec drone UAP encounter"
Pass B: claims (constrained to locked nodes, with iteration + chunking)
  claims chunk 1/2 (20,000 chars)
    claims iter 1: +45 claims (chunk total 45, doc total 45) [model: complete]
  claims chunk 2/2 (8,674 chars)
    claims iter 1: +16 claims (chunk total 16, doc total 61) [model: complete]
  61 claims total: 56 domain, 5 infrastructure
  locations -> timecode: 58/61 aligned (3 unalignable, 0 ambiguous)

Variant: /home/mark/repos/anomalica/digests/variants/2024-09-05-video-uap-caught-on-drone-in-4k-debriefed-ep-5/sonnet.e9b8b6d4.yaml
Canonical (latest-written): /home/mark/repos/anomalica/digests/records/2024-09-05-video-uap-caught-on-drone-in-4k-debriefed-ep-5.yaml
Usage: 3 calls, in=14 out=20538 cache_read=102816 cost_equiv=$2.3646
USAGE_JSON: {"input_tokens": 14, "output_tokens": 20538, "cache_read_input_tokens": 102816, "cache_creation_input_tokens": 337608, "cost_equiv_usd": 2.3646048, "calls": 3}
TRACE_JSON: [{"input_tokens": 4, "output_tokens": 2394, "cache_read_input_tokens": 47074, "cache_creation_input_tokens": 67217, "cost_usd": 0.45334620000000003, "duration_s": 27.0}, {"input_tokens": 6, "output_tokens": 13404, "cache_read_input_tokens": 0, "cache_creation_input_tokens": 205362, "cost_usd": 1.43325, "duration_s": 105.8}, {"input_tokens": 4, "output_tokens": 4740, "cache_read_input_tokens": 55742, "cache_creation_input_tokens": 65029, "cost_usd": 0.4780086, "duration_s": 41.7}]
--- rc=0 elapsed=176s 2024-09-05-video-uap-caught-on-drone-in-4k-debriefed-ep-5.v2.md
=== 2026-08-01T10:13:05+09:00 2026-07-11-audio-nasa-uap-d027-apollo-14-debriefing-continued-1971.v2.md
Parsing record: 2026-07-11-audio-nasa-uap-d027-apollo-14-debriefing-continued-1971.v2.md
Allowance ok (session 2%, weekly 91%)
Extracting (two-pass) from: NASA-UAP-D027, Apollo 14 Debriefing (Continued), 1971
Pass A: nodes (with iteration + chunking)
    nodes iter 1: +7 nodes (total 7) [model: complete]
  7 nodes, 2 acronyms, main_subject='Apollo 14 Light Flashes Debriefing (1971)'
Pass B: claims (constrained to locked nodes, with iteration + chunking)
  claims chunk 1/2 (20,000 chars)
    claims iter 1: +58 claims (chunk total 58, doc total 58) [model: complete]
  claims chunk 2/2 (11,641 chars)
    claims iter 1: +16 claims (chunk total 16, doc total 74) [model: complete]
  74 claims total: 74 domain, 0 infrastructure
  locations -> timecode: 74/74 aligned (0 unalignable, 0 ambiguous)

Variant: /home/mark/repos/anomalica/digests/variants/2026-07-11-audio-nasa-uap-d027-apollo-14-debriefing-continued-1971/sonnet.e9b8b6d4.yaml
Canonical (latest-written): /home/mark/repos/anomalica/digests/records/2026-07-11-audio-nasa-uap-d027-apollo-14-debriefing-continued-1971.yaml
Usage: 3 calls, in=16 out=53195 cache_read=151099 cost_equiv=$3.2712
USAGE_JSON: {"input_tokens": 16, "output_tokens": 53195, "cache_read_input_tokens": 151099, "cache_creation_input_tokens": 404656, "cost_equiv_usd": 3.2712387, "calls": 3}
TRACE_JSON: [{"input_tokens": 4, "output_tokens": 1648, "cache_read_input_tokens": 54850, "cache_creation_input_tokens": 63512, "cost_usd": 0.42225899999999994, "duration_s": 19.7}, {"input_tokens": 6, "output_tokens": 38488, "cache_read_input_tokens": 0, "cache_creation_input_tokens": 230993, "cost_usd": 1.9632960000000002, "duration_s": 289.0}, {"input_tokens": 6, "output_tokens": 13059, "cache_read_input_tokens": 96249, "cache_creation_input_tokens": 110151, "cost_usd": 0.8856837, "duration_s": 110.3}]
--- rc=0 elapsed=422s 2026-07-11-audio-nasa-uap-d027-apollo-14-debriefing-continued-1971.v2.md
=== 2026-08-01T10:20:07+09:00 2024-09-13-video-the-clearest-video-of-a-tic-tac-uap-debriefed-ep-6.v2.md
Parsing record: 2024-09-13-video-the-clearest-video-of-a-tic-tac-uap-debriefed-ep-6.v2.md
Allowance ok (session 4%, weekly 92%)
Extracting (two-pass) from: The Clearest Video of a Tic Tac UAP! - DEBRIEFED ep. 6
Pass A: nodes (with iteration + chunking)
    nodes iter 1: +31 nodes (total 31) [model: complete]
  31 nodes, 4 acronyms, main_subject='The Clearest Video of a Tic Tac UAP! - DEBRIEFED ep. 6'
Pass B: claims (constrained to locked nodes, with iteration + chunking)
  claims chunk 1/2 (20,000 chars)
    claims iter 1: +37 claims (chunk total 37, doc total 37) [model: complete]
  claims chunk 2/2 (9,889 chars)
    claims iter 1: +23 claims (chunk total 23, doc total 60) [model: complete]
  60 claims total: 51 domain, 9 infrastructure
  locations -> timecode: 57/60 aligned (3 unalignable, 1 ambiguous)

Variant: /home/mark/repos/anomalica/digests/variants/2024-09-13-video-the-clearest-video-of-a-tic-tac-uap-debriefed-ep-6/sonnet.e9b8b6d4.yaml
Canonical (latest-written): /home/mark/repos/anomalica/digests/records/2024-09-13-video-the-clearest-video-of-a-tic-tac-uap-debriefed-ep-6.yaml
Usage: 3 calls, in=18 out=31621 cache_read=336506 cost_equiv=$2.2572
USAGE_JSON: {"input_tokens": 18, "output_tokens": 31621, "cache_read_input_tokens": 336506, "cache_creation_input_tokens": 280309, "cost_equiv_usd": 2.2571748000000005, "calls": 3}
TRACE_JSON: [{"input_tokens": 4, "output_tokens": 3706, "cache_read_input_tokens": 53229, "cache_creation_input_tokens": 61057, "cost_usd": 0.43791270000000004, "duration_s": 40.6}, {"input_tokens": 8, "output_tokens": 16282, "cache_read_input_tokens": 162750, "cache_creation_input_tokens": 133287, "cost_usd": 1.0928010000000001, "duration_s": 118.9}, {"input_tokens": 6, "output_tokens": 11633, "cache_read_input_tokens": 120527, "cache_creation_input_tokens": 85965, "cost_usd": 0.7264611000000001, "duration_s": 83.0}]
--- rc=0 elapsed=254s 2024-09-13-video-the-clearest-video-of-a-tic-tac-uap-debriefed-ep-6.v2.md
=== 2026-08-01T10:24:21+09:00 2023-08-02-video-how-the-cia-spent-millions-on-psychic-spies-project.v2.md
Parsing record: 2023-08-02-video-how-the-cia-spent-millions-on-psychic-spies-project.v2.md
Allowance ok (session 4%, weekly 92%)
Extracting (two-pass) from: How The CIA Spent Millions On Psychic Spies - PROJECT: STARGATE (Documentary 1 of 3)
Pass A: nodes (with iteration + chunking)
    nodes iter 1: +44 nodes (total 44) [model: complete]
  44 nodes, 9 acronyms, main_subject='Project Stargate'
Pass B: claims (constrained to locked nodes, with iteration + chunking)
  claims chunk 1/2 (20,000 chars)
    claims iter 1: +47 claims (chunk total 47, doc total 47) [model: complete]
  claims chunk 2/2 (12,455 chars)
    claims iter 1: +51 claims (chunk total 51, doc total 98) [model: complete]
  98 claims total: 98 domain, 0 infrastructure
  locations -> timecode: 97/98 aligned (1 unalignable, 0 ambiguous)

Variant: /home/mark/repos/anomalica/digests/variants/2023-08-02-video-how-the-cia-spent-millions-on-psychic-spies-project/sonnet.e9b8b6d4.yaml
Canonical (latest-written): /home/mark/repos/anomalica/digests/records/2023-08-02-video-how-the-cia-spent-millions-on-psychic-spies-project.yaml
Usage: 3 calls, in=12 out=29994 cache_read=53229 cost_equiv=$2.3348
USAGE_JSON: {"input_tokens": 12, "output_tokens": 29994, "cache_read_input_tokens": 53229, "cache_creation_input_tokens": 311485, "cost_equiv_usd": 2.3348247000000004, "calls": 3}
TRACE_JSON: [{"input_tokens": 4, "output_tokens": 1786, "cache_read_input_tokens": 53229, "cache_creation_input_tokens": 62994, "cost_usd": 0.4207347, "duration_s": 17.2}, {"input_tokens": 4, "output_tokens": 13752, "cache_read_input_tokens": 0, "cache_creation_input_tokens": 125543, "cost_usd": 0.9595500000000001, "duration_s": 103.8}, {"input_tokens": 4, "output_tokens": 14456, "cache_read_input_tokens": 0, "cache_creation_input_tokens": 122948, "cost_usd": 0.9545399999999999, "duration_s": 113.5}]
--- rc=0 elapsed=245s 2023-08-02-video-how-the-cia-spent-millions-on-psychic-spies-project.v2.md
=== 2026-08-01T10:28:26+09:00 2026-07-11-audio-nasa-uap-d029-apollo-17-crew-medical-debriefing-continued.v2.md
Parsing record: 2026-07-11-audio-nasa-uap-d029-apollo-17-crew-medical-debriefing-continued.v2.md
Allowance ok (session 6%, weekly 92%)
Extracting (two-pass) from: NASA-UAP-D029, Apollo 17 Crew Medical Debriefing (Continued), 1972
Pass A: nodes (with iteration + chunking)
    nodes iter 1: +31 nodes (total 31) [model: complete]
  31 nodes, 7 acronyms, main_subject='Harrison Schmitt'
Pass B: claims (constrained to locked nodes, with iteration + chunking)
  claims chunk 1/2 (20,000 chars)
    claims iter 1: +100 claims (chunk total 100, doc total 100) [model: complete]
  claims chunk 2/2 (10,368 chars)
    claims iter 1: +59 claims (chunk total 59, doc total 159) [model: complete]
  159 claims total: 159 domain, 0 infrastructure
  locations -> timecode: 159/159 aligned (0 unalignable, 0 ambiguous)

Variant: /home/mark/repos/anomalica/digests/variants/2026-07-11-audio-nasa-uap-d029-apollo-17-crew-medical-debriefing-continued/sonnet.e9b8b6d4.yaml
Canonical (latest-written): /home/mark/repos/anomalica/digests/records/2026-07-11-audio-nasa-uap-d029-apollo-17-crew-medical-debriefing-continued.yaml
Usage: 3 calls, in=16 out=81446 cache_read=174573 cost_equiv=$3.5690
USAGE_JSON: {"input_tokens": 16, "output_tokens": 81446, "cache_read_input_tokens": 174573, "cache_creation_input_tokens": 382480, "cost_equiv_usd": 3.5689899000000005, "calls": 3}
TRACE_JSON: [{"input_tokens": 4, "output_tokens": 3474, "cache_read_input_tokens": 53229, "cache_creation_input_tokens": 60120, "cost_usd": 0.4288107, "duration_s": 33.0}, {"input_tokens": 6, "output_tokens": 50096, "cache_read_input_tokens": 0, "cache_creation_input_tokens": 229189, "cost_usd": 2.1265920000000005, "duration_s": 345.7}, {"input_tokens": 6, "output_tokens": 27876, "cache_read_input_tokens": 121344, "cache_creation_input_tokens": 93171, "cost_usd": 1.0135872, "duration_s": 192.4}]
--- rc=0 elapsed=575s 2026-07-11-audio-nasa-uap-d029-apollo-17-crew-medical-debriefing-continued.v2.md
=== 2026-08-01T10:38:01+09:00 2026-03-04-video-tom-delonge-s-sekret-machines-full-documentary-ufo-uap.v2.md
Parsing record: 2026-03-04-video-tom-delonge-s-sekret-machines-full-documentary-ufo-uap.v2.md
Allowance ok (session 8%, weekly 92%)
Extracting (two-pass) from: Tom DeLonge's 'Sekret Machines' FULL Documentary #ufo #uap
Pass A: nodes (with iteration + chunking)
    nodes iter 1: +43 nodes (total 43) [model: complete]
  43 nodes, 8 acronyms, main_subject='To The Stars Academy of Arts and Science'
Pass B: claims (constrained to locked nodes, with iteration + chunking)
  claims chunk 1/2 (20,000 chars)
    claims iter 1: +58 claims (chunk total 58, doc total 58) [model: complete]
  claims chunk 2/2 (16,163 chars)
    claims iter 1: +19 claims (chunk total 19, doc total 77) [model: complete]
  77 claims total: 74 domain, 3 infrastructure
  locations -> timecode: 76/77 aligned (1 unalignable, 0 ambiguous)

Variant: /home/mark/repos/anomalica/digests/variants/2026-03-04-video-tom-delonge-s-sekret-machines-full-documentary-ufo-uap/sonnet.e9b8b6d4.yaml
Canonical (latest-written): /home/mark/repos/anomalica/digests/records/2026-03-04-video-tom-delonge-s-sekret-machines-full-documentary-ufo-uap.yaml
Usage: 3 calls, in=16 out=33310 cache_read=164818 cost_equiv=$2.7457
USAGE_JSON: {"input_tokens": 16, "output_tokens": 33310, "cache_read_input_tokens": 164818, "cache_creation_input_tokens": 366092, "cost_equiv_usd": 2.7456954, "calls": 3}
TRACE_JSON: [{"input_tokens": 4, "output_tokens": 1804, "cache_read_input_tokens": 39837, "cache_creation_input_tokens": 73885, "cost_usd": 0.48233309999999996, "duration_s": 19.3}, {"input_tokens": 6, "output_tokens": 19812, "cache_read_input_tokens": 81011, "cache_creation_input_tokens": 126257, "cost_usd": 1.0790433, "duration_s": 151.3}, {"input_tokens": 6, "output_tokens": 11694, "cache_read_input_tokens": 43970, "cache_creation_input_tokens": 165950, "cost_usd": 1.1843190000000001, "duration_s": 95.7}]
--- rc=0 elapsed=286s 2026-03-04-video-tom-delonge-s-sekret-machines-full-documentary-ufo-uap.v2.md
=== 2026-08-01T10:42:48+09:00 2024-08-24-video-i-left-my-body-the-gateway-experience-part-3.v2.md
Parsing record: 2024-08-24-video-i-left-my-body-the-gateway-experience-part-3.v2.md
Allowance ok (session 8%, weekly 92%)
Extracting (two-pass) from: I LEFT MY BODY - The Gateway Experience (Part 3)
Pass A: nodes (with iteration + chunking)
    nodes iter 1: +29 nodes (total 29) [model: complete]
  29 nodes, 2 acronyms, main_subject='Gateway Experience (Monroe Institute program)'
Pass B: claims (constrained to locked nodes, with iteration + chunking)
  claims chunk 1/2 (20,000 chars)
    claims iter 1: +42 claims (chunk total 42, doc total 42) [model: complete]
  claims chunk 2/2 (15,922 chars)
    claims iter 1: +42 claims (chunk total 42, doc total 84) [model: complete]
  84 claims total: 81 domain, 3 infrastructure
  locations -> timecode: 82/84 aligned (2 unalignable, 0 ambiguous)

Variant: /home/mark/repos/anomalica/digests/variants/2024-08-24-video-i-left-my-body-the-gateway-experience-part-3/sonnet.e9b8b6d4.yaml
Canonical (latest-written): /home/mark/repos/anomalica/digests/records/2024-08-24-video-i-left-my-body-the-gateway-experience-part-3.yaml
Usage: 3 calls, in=16 out=36287 cache_read=142144 cost_equiv=$2.8933
USAGE_JSON: {"input_tokens": 16, "output_tokens": 36287, "cache_read_input_tokens": 142144, "cache_creation_input_tokens": 384384, "cost_equiv_usd": 2.8933002, "calls": 3}
TRACE_JSON: [{"input_tokens": 4, "output_tokens": 2138, "cache_read_input_tokens": 6509, "cache_creation_input_tokens": 104616, "cost_usd": 0.6617307, "duration_s": 24.8}, {"input_tokens": 6, "output_tokens": 14072, "cache_read_input_tokens": 0, "cache_creation_input_tokens": 200854, "cost_usd": 1.4162219999999999, "duration_s": 116.4}, {"input_tokens": 6, "output_tokens": 20077, "cache_read_input_tokens": 135635, "cache_creation_input_tokens": 78914, "cost_usd": 0.8153475000000001, "duration_s": 146.8}]
--- rc=0 elapsed=293s 2024-08-24-video-i-left-my-body-the-gateway-experience-part-3.v2.md
=== 2026-08-01T10:47:41+09:00 2025-04-11-video-aliens-and-albert-einstein-the-secret-document-debriefed-ep.v2.md
Parsing record: 2025-04-11-video-aliens-and-albert-einstein-the-secret-document-debriefed-ep.v2.md
Allowance ok (session 8%, weekly 92% (meter unreadable; reading 2 min old))
Extracting (two-pass) from: Aliens and Albert Einstein - The Secret Document - DEBRIEFED ep. 33
Pass A: nodes (with iteration + chunking)
    nodes iter 1: +62 nodes (total 62) [model: complete]
  62 nodes, 5 acronyms, main_subject='The Relationships with Inhabitants of Celestial Bodies (1947 document)'
Pass B: claims (constrained to locked nodes, with iteration + chunking)
  claims chunk 1/2 (20,000 chars)
    claims iter 1: +63 claims (chunk total 63, doc total 63) [model: complete]
  claims chunk 2/2 (17,865 chars)
    claims iter 1: +53 claims (chunk total 53, doc total 116) [model: complete]
  116 claims total: 113 domain, 3 infrastructure
  locations -> timecode: 116/116 aligned (0 unalignable, 1 ambiguous)

Variant: /home/mark/repos/anomalica/digests/variants/2025-04-11-video-aliens-and-albert-einstein-the-secret-document-debriefed-ep/sonnet.e9b8b6d4.yaml
Canonical (latest-written): /home/mark/repos/anomalica/digests/records/2025-04-11-video-aliens-and-albert-einstein-the-secret-document-debriefed-ep.yaml
Usage: 3 calls, in=18 out=72587 cache_read=250088 cost_equiv=$3.5901
USAGE_JSON: {"input_tokens": 18, "output_tokens": 72587, "cache_read_input_tokens": 250088, "cache_creation_input_tokens": 404374, "cost_equiv_usd": 3.5901293999999995, "calls": 3}
TRACE_JSON: [{"input_tokens": 4, "output_tokens": 2226, "cache_read_input_tokens": 40919, "cache_creation_input_tokens": 74958, "cost_usd": 0.4954257, "duration_s": 20.5}, {"input_tokens": 8, "output_tokens": 36081, "cache_read_input_tokens": 164581, "cache_creation_input_tokens": 148167, "cost_usd": 1.4796152999999999, "duration_s": 260.4}, {"input_tokens": 6, "output_tokens": 34280, "cache_read_input_tokens": 44588, "cache_creation_input_tokens": 181249, "cost_usd": 1.6150883999999999, "duration_s": 241.6}]
--- rc=0 elapsed=543s 2025-04-11-video-aliens-and-albert-einstein-the-secret-document-debriefed-ep.v2.md
=== 2026-08-01T10:56:44+09:00 2025-01-17-video-the-alien-secret-majestic-12-debriefed-ep-22.v2.md
Parsing record: 2025-01-17-video-the-alien-secret-majestic-12-debriefed-ep-22.v2.md
Allowance ceiling: weekly 93% >= 93% start-line (ceiling 95 less 2 reserved for end-of-week verification and fixes)
  window resets at 2026-08-05T11:00:00.725652+00:00
  Not starting. Completed chunks are cached; resume is cheap.
--- rc=77 elapsed=9s 2025-01-17-video-the-alien-secret-majestic-12-debriefed-ep-22.v2.md
    deferred (allowance): 2025-01-17-video-the-alien-secret-majestic-12-debriefed-ep-22.v2.md
=== 2026-08-01T10:56:53+09:00 2025-10-31-video-air-force-officer-encountered-a-nordic-alien-jesus-jofre.v2.md
Parsing record: 2025-10-31-video-air-force-officer-encountered-a-nordic-alien-jesus-jofre.v2.md
Allowance ceiling: weekly 93% >= 93% start-line (ceiling 95 less 2 reserved for end-of-week verification and fixes)
  window resets at 2026-08-05T11:00:00.725652+00:00
  Not starting. Completed chunks are cached; resume is cheap.
--- rc=77 elapsed=2s 2025-10-31-video-air-force-officer-encountered-a-nordic-alien-jesus-jofre.v2.md
    deferred (allowance): 2025-10-31-video-air-force-officer-encountered-a-nordic-alien-jesus-jofre.v2.md
=== 2026-08-01T10:56:55+09:00 2025-06-06-video-ufo-experts-discuss-alien-encounters-full-documentary.v2.md
Parsing record: 2025-06-06-video-ufo-experts-discuss-alien-encounters-full-documentary.v2.md
Allowance ceiling: weekly 93% >= 93% start-line (ceiling 95 less 2 reserved for end-of-week verification and fixes)
  window resets at 2026-08-05T11:00:00.725652+00:00
  Not starting. Completed chunks are cached; resume is cheap.
--- rc=77 elapsed=2s 2025-06-06-video-ufo-experts-discuss-alien-encounters-full-documentary.v2.md
    deferred (allowance): 2025-06-06-video-ufo-experts-discuss-alien-encounters-full-documentary.v2.md
=== 2026-08-01T10:56:57+09:00 2024-07-21-video-the-cia-wanted-to-know-his-secret-the-gateway-experience.v2.md
Parsing record: 2024-07-21-video-the-cia-wanted-to-know-his-secret-the-gateway-experience.v2.md
Allowance ceiling: weekly 93% >= 93% start-line (ceiling 95 less 2 reserved for end-of-week verification and fixes)
  window resets at 2026-08-05T11:00:00.725652+00:00
  Not starting. Completed chunks are cached; resume is cheap.
--- rc=77 elapsed=2s 2024-07-21-video-the-cia-wanted-to-know-his-secret-the-gateway-experience.v2.md
    deferred (allowance): 2024-07-21-video-the-cia-wanted-to-know-his-secret-the-gateway-experience.v2.md
=== 2026-08-01T10:56:59+09:00 2023-08-30-video-the-cia-hired-psychics-to-find-aliens-on-mars-project.v2.md
Parsing record: 2023-08-30-video-the-cia-hired-psychics-to-find-aliens-on-mars-project.v2.md
Allowance ceiling: weekly 93% >= 93% start-line (ceiling 95 less 2 reserved for end-of-week verification and fixes)
  window resets at 2026-08-05T11:00:00.725652+00:00
  Not starting. Completed chunks are cached; resume is cheap.
--- rc=77 elapsed=2s 2023-08-30-video-the-cia-hired-psychics-to-find-aliens-on-mars-project.v2.md
    deferred (allowance): 2023-08-30-video-the-cia-hired-psychics-to-find-aliens-on-mars-project.v2.md
=== 2026-08-01T10:57:01+09:00 2026-07-11-audio-nasa-uap-d025-apollo-16-scientific-debriefing.v2.md
Parsing record: 2026-07-11-audio-nasa-uap-d025-apollo-16-scientific-debriefing.v2.md
Allowance ceiling: weekly 93% >= 93% start-line (ceiling 95 less 2 reserved for end-of-week verification and fixes)
  window resets at 2026-08-05T11:00:00.725652+00:00
  Not starting. Completed chunks are cached; resume is cheap.
--- rc=77 elapsed=18s 2026-07-11-audio-nasa-uap-d025-apollo-16-scientific-debriefing.v2.md
    deferred (allowance): 2026-07-11-audio-nasa-uap-d025-apollo-16-scientific-debriefing.v2.md
=== 2026-08-01T10:57:19+09:00 2026-07-11-audio-nasa-uap-d028-apollo-17-crew-medical-debriefing-1972.v2.md
Parsing record: 2026-07-11-audio-nasa-uap-d028-apollo-17-crew-medical-debriefing-1972.v2.md
Allowance ceiling: weekly 93% >= 93% start-line (ceiling 95 less 2 reserved for end-of-week verification and fixes)
  window resets at 2026-08-05T11:00:00.725652+00:00
  Not starting. Completed chunks are cached; resume is cheap.
--- rc=77 elapsed=9s 2026-07-11-audio-nasa-uap-d028-apollo-17-crew-medical-debriefing-1972.v2.md
    deferred (allowance): 2026-07-11-audio-nasa-uap-d028-apollo-17-crew-medical-debriefing-1972.v2.md
=== 2026-08-01T10:57:28+09:00 2023-08-16-video-joe-mcmoneagle-remote-viewer-001-project-stargate.v2.md
Parsing record: 2023-08-16-video-joe-mcmoneagle-remote-viewer-001-project-stargate.v2.md
Allowance ceiling: weekly 93% >= 93% start-line (ceiling 95 less 2 reserved for end-of-week verification and fixes)
  window resets at 2026-08-05T11:00:00.725652+00:00
  Not starting. Completed chunks are cached; resume is cheap.
--- rc=77 elapsed=2s 2023-08-16-video-joe-mcmoneagle-remote-viewer-001-project-stargate.v2.md
    deferred (allowance): 2023-08-16-video-joe-mcmoneagle-remote-viewer-001-project-stargate.v2.md
=== 2026-08-01T10:57:30+09:00 2025-10-03-video-the-truth-behind-betty-barney-hill-s-haunting-experience.v2.md
Parsing record: 2025-10-03-video-the-truth-behind-betty-barney-hill-s-haunting-experience.v2.md
Allowance ceiling: weekly 93% >= 93% start-line (ceiling 95 less 2 reserved for end-of-week verification and fixes)
  window resets at 2026-08-05T11:00:00.725652+00:00
  Not starting. Completed chunks are cached; resume is cheap.
--- rc=77 elapsed=3s 2025-10-03-video-the-truth-behind-betty-barney-hill-s-haunting-experience.v2.md
    deferred (allowance): 2025-10-03-video-the-truth-behind-betty-barney-hill-s-haunting-experience.v2.md
=== 2026-08-01T10:57:33+09:00 2025-03-21-video-alien-being-explains-ufo-propulsion-telepathy-lacerta-files.v2.md
Parsing record: 2025-03-21-video-alien-being-explains-ufo-propulsion-telepathy-lacerta-files.v2.md
Allowance ceiling: weekly 93% >= 93% start-line (ceiling 95 less 2 reserved for end-of-week verification and fixes)
  window resets at 2026-08-05T11:00:00.725652+00:00
  Not starting. Completed chunks are cached; resume is cheap.
--- rc=77 elapsed=2s 2025-03-21-video-alien-being-explains-ufo-propulsion-telepathy-lacerta-files.v2.md
    deferred (allowance): 2025-03-21-video-alien-being-explains-ufo-propulsion-telepathy-lacerta-files.v2.md
=== 2026-08-01T10:57:35+09:00 2025-06-13-video-the-aliens-took-him-but-he-remembered-the-david-seewaldt.v2.md
Parsing record: 2025-06-13-video-the-aliens-took-him-but-he-remembered-the-david-seewaldt.v2.md
Allowance ceiling: weekly 93% >= 93% start-line (ceiling 95 less 2 reserved for end-of-week verification and fixes)
  window resets at 2026-08-05T11:00:00.725652+00:00
  Not starting. Completed chunks are cached; resume is cheap.
--- rc=77 elapsed=2s 2025-06-13-video-the-aliens-took-him-but-he-remembered-the-david-seewaldt.v2.md
    deferred (allowance): 2025-06-13-video-the-aliens-took-him-but-he-remembered-the-david-seewaldt.v2.md
=== 2026-08-01T10:57:37+09:00 2024-08-04-video-1000-years-of-knowledge-in-1-hour-the-gateway-experience.v2.md
Parsing record: 2024-08-04-video-1000-years-of-knowledge-in-1-hour-the-gateway-experience.v2.md
Allowance ceiling: weekly 93% >= 93% start-line (ceiling 95 less 2 reserved for end-of-week verification and fixes)
  window resets at 2026-08-05T11:00:00.725652+00:00
  Not starting. Completed chunks are cached; resume is cheap.
--- rc=77 elapsed=2s 2024-08-04-video-1000-years-of-knowledge-in-1-hour-the-gateway-experience.v2.md
    deferred (allowance): 2024-08-04-video-1000-years-of-knowledge-in-1-hour-the-gateway-experience.v2.md
=== 2026-08-01T10:57:39+09:00 2024-12-27-video-the-telepathy-tapes-explained-feat-dr-powell-debriefed-ep-19.v2.md
Parsing record: 2024-12-27-video-the-telepathy-tapes-explained-feat-dr-powell-debriefed-ep-19.v2.md
Allowance ceiling: weekly 93% >= 93% start-line (ceiling 95 less 2 reserved for end-of-week verification and fixes)
  window resets at 2026-08-05T11:00:00.725652+00:00
  Not starting. Completed chunks are cached; resume is cheap.
--- rc=77 elapsed=2s 2024-12-27-video-the-telepathy-tapes-explained-feat-dr-powell-debriefed-ep-19.v2.md
    deferred (allowance): 2024-12-27-video-the-telepathy-tapes-explained-feat-dr-powell-debriefed-ep-19.v2.md
=== 2026-08-01T10:57:41+09:00 2024-12-13-video-the-alien-interview-what-is-their-purpose-debriefed-ep-17.v2.md
Parsing record: 2024-12-13-video-the-alien-interview-what-is-their-purpose-debriefed-ep-17.v2.md
Allowance ceiling: weekly 93% >= 93% start-line (ceiling 95 less 2 reserved for end-of-week verification and fixes)
  window resets at 2026-08-05T11:00:00.725652+00:00
  Not starting. Completed chunks are cached; resume is cheap.
--- rc=77 elapsed=17s 2024-12-13-video-the-alien-interview-what-is-their-purpose-debriefed-ep-17.v2.md
    deferred (allowance): 2024-12-13-video-the-alien-interview-what-is-their-purpose-debriefed-ep-17.v2.md
=== 2026-08-01T10:57:58+09:00 2024-10-25-video-levitating-1000-tons-of-stone-the-coral-castle-full.v2.md
Parsing record: 2024-10-25-video-levitating-1000-tons-of-stone-the-coral-castle-full.v2.md
Allowance ceiling: weekly 93% >= 93% start-line (ceiling 95 less 2 reserved for end-of-week verification and fixes)
  window resets at 2026-08-05T11:00:00.725652+00:00
  Not starting. Completed chunks are cached; resume is cheap.
--- rc=77 elapsed=2s 2024-10-25-video-levitating-1000-tons-of-stone-the-coral-castle-full.v2.md
    deferred (allowance): 2024-10-25-video-levitating-1000-tons-of-stone-the-coral-castle-full.v2.md
=== 2026-08-01T10:58:00+09:00 2024-02-08-video-the-professor-who-taught-a-university-course-on-ufos-don.v2.md
Parsing record: 2024-02-08-video-the-professor-who-taught-a-university-course-on-ufos-don.v2.md
Allowance ceiling: weekly 93% >= 93% start-line (ceiling 95 less 2 reserved for end-of-week verification and fixes)
  window resets at 2026-08-05T11:00:00.725652+00:00
  Not starting. Completed chunks are cached; resume is cheap.
--- rc=77 elapsed=19s 2024-02-08-video-the-professor-who-taught-a-university-course-on-ufos-don.v2.md
    deferred (allowance): 2024-02-08-video-the-professor-who-taught-a-university-course-on-ufos-don.v2.md
=== 2026-08-01T10:58:19+09:00 2024-11-12-video-stealth-uap-technology-4chan-whistleblower-part-3-patch.v2.md
Parsing record: 2024-11-12-video-stealth-uap-technology-4chan-whistleblower-part-3-patch.v2.md
Allowance ceiling: weekly 93% >= 93% start-line (ceiling 95 less 2 reserved for end-of-week verification and fixes)
  window resets at 2026-08-05T11:00:00.725652+00:00
  Not starting. Completed chunks are cached; resume is cheap.
--- rc=77 elapsed=20s 2024-11-12-video-stealth-uap-technology-4chan-whistleblower-part-3-patch.v2.md
    deferred (allowance): 2024-11-12-video-stealth-uap-technology-4chan-whistleblower-part-3-patch.v2.md
=== 2026-08-01T10:58:39+09:00 2025-12-26-video-massive-black-triangle-ufos-spotted-a52-hotline-special-ep.v2.md
Parsing record: 2025-12-26-video-massive-black-triangle-ufos-spotted-a52-hotline-special-ep.v2.md
Allowance ceiling: weekly 93% >= 93% start-line (ceiling 95 less 2 reserved for end-of-week verification and fixes)
  window resets at 2026-08-05T10:59:59.122624+00:00
  Not starting. Completed chunks are cached; resume is cheap.
--- rc=77 elapsed=17s 2025-12-26-video-massive-black-triangle-ufos-spotted-a52-hotline-special-ep.v2.md
    deferred (allowance): 2025-12-26-video-massive-black-triangle-ufos-spotted-a52-hotline-special-ep.v2.md
=== 2026-08-01T10:58:57+09:00 2025-05-30-video-she-was-taken-by-aliens-but-they-answered-her-questions.v2.md
Parsing record: 2025-05-30-video-she-was-taken-by-aliens-but-they-answered-her-questions.v2.md
Allowance ceiling: weekly 93% >= 93% start-line (ceiling 95 less 2 reserved for end-of-week verification and fixes)
  window resets at 2026-08-05T10:59:59.122624+00:00
  Not starting. Completed chunks are cached; resume is cheap.
--- rc=77 elapsed=3s 2025-05-30-video-she-was-taken-by-aliens-but-they-answered-her-questions.v2.md
    deferred (allowance): 2025-05-30-video-she-was-taken-by-aliens-but-they-answered-her-questions.v2.md
=== 2026-08-01T10:59:00+09:00 2025-05-16-video-captured-alien-explains-reality-matilda-macelroy-pt-2.v2.md
Parsing record: 2025-05-16-video-captured-alien-explains-reality-matilda-macelroy-pt-2.v2.md
Allowance ceiling: weekly 93% >= 93% start-line (ceiling 95 less 2 reserved for end-of-week verification and fixes)
  window resets at 2026-08-05T10:59:59.122624+00:00
  Not starting. Completed chunks are cached; resume is cheap.
--- rc=77 elapsed=18s 2025-05-16-video-captured-alien-explains-reality-matilda-macelroy-pt-2.v2.md
    deferred (allowance): 2025-05-16-video-captured-alien-explains-reality-matilda-macelroy-pt-2.v2.md
=== 2026-08-01T10:59:18+09:00 2025-02-21-video-a-conversation-with-a-real-alien-lacerta-files-part-1.v2.md
Parsing record: 2025-02-21-video-a-conversation-with-a-real-alien-lacerta-files-part-1.v2.md
Allowance ceiling: weekly 93% >= 93% start-line (ceiling 95 less 2 reserved for end-of-week verification and fixes)
  window resets at 2026-08-05T10:59:59.122624+00:00
  Not starting. Completed chunks are cached; resume is cheap.
--- rc=77 elapsed=2s 2025-02-21-video-a-conversation-with-a-real-alien-lacerta-files-part-1.v2.md
    deferred (allowance): 2025-02-21-video-a-conversation-with-a-real-alien-lacerta-files-part-1.v2.md
=== 2026-08-01T10:59:20+09:00 2024-11-08-video-uap-crash-recovery-4chan-whistleblower-part-2-nrol-patch.v2.md
Parsing record: 2024-11-08-video-uap-crash-recovery-4chan-whistleblower-part-2-nrol-patch.v2.md
Allowance ceiling: weekly 93% >= 93% start-line (ceiling 95 less 2 reserved for end-of-week verification and fixes)
  window resets at 2026-08-05T10:59:59.122624+00:00
  Not starting. Completed chunks are cached; resume is cheap.
--- rc=77 elapsed=9s 2024-11-08-video-uap-crash-recovery-4chan-whistleblower-part-2-nrol-patch.v2.md
    deferred (allowance): 2024-11-08-video-uap-crash-recovery-4chan-whistleblower-part-2-nrol-patch.v2.md
=== 2026-08-01T10:59:30+09:00 2025-03-28-video-alien-being-s-final-warning-for-humanity-lacerta-files-pt-4.v2.md
Parsing record: 2025-03-28-video-alien-being-s-final-warning-for-humanity-lacerta-files-pt-4.v2.md
Allowance ceiling: weekly 93% >= 93% start-line (ceiling 95 less 2 reserved for end-of-week verification and fixes)
  window resets at 2026-08-05T10:59:59.122624+00:00
  Not starting. Completed chunks are cached; resume is cheap.
--- rc=77 elapsed=2s 2025-03-28-video-alien-being-s-final-warning-for-humanity-lacerta-files-pt-4.v2.md
    deferred (allowance): 2025-03-28-video-alien-being-s-final-warning-for-humanity-lacerta-files-pt-4.v2.md
=== 2026-08-01T10:59:32+09:00 2024-11-22-video-daytime-footage-of-uap-according-to-immaculate.v2.md
Parsing record: 2024-11-22-video-daytime-footage-of-uap-according-to-immaculate.v2.md
Allowance ceiling: weekly 93% >= 93% start-line (ceiling 95 less 2 reserved for end-of-week verification and fixes)
  window resets at 2026-08-05T10:59:59.122624+00:00
  Not starting. Completed chunks are cached; resume is cheap.
--- rc=77 elapsed=4s 2024-11-22-video-daytime-footage-of-uap-according-to-immaculate.v2.md
    deferred (allowance): 2024-11-22-video-daytime-footage-of-uap-according-to-immaculate.v2.md
=== 2026-08-01T10:59:36+09:00 2025-05-09-video-the-official-alien-interview-matilda-macelroy-pt-1.v2.md
Parsing record: 2025-05-09-video-the-official-alien-interview-matilda-macelroy-pt-1.v2.md
Allowance ceiling: weekly 93% >= 93% start-line (ceiling 95 less 2 reserved for end-of-week verification and fixes)
  window resets at 2026-08-05T10:59:59.122624+00:00
  Not starting. Completed chunks are cached; resume is cheap.
--- rc=77 elapsed=4s 2025-05-09-video-the-official-alien-interview-matilda-macelroy-pt-1.v2.md
    deferred (allowance): 2025-05-09-video-the-official-alien-interview-matilda-macelroy-pt-1.v2.md
=== 2026-08-01T10:59:40+09:00 2026-02-13-video-an-alien-visitor-at-the-pentagon-valiant-thor-debriefed-ep.v2.md
Parsing record: 2026-02-13-video-an-alien-visitor-at-the-pentagon-valiant-thor-debriefed-ep.v2.md
Allowance ceiling: weekly 93% >= 93% start-line (ceiling 95 less 2 reserved for end-of-week verification and fixes)
  window resets at 2026-08-05T10:59:59.122624+00:00
  Not starting. Completed chunks are cached; resume is cheap.
--- rc=77 elapsed=20s 2026-02-13-video-an-alien-visitor-at-the-pentagon-valiant-thor-debriefed-ep.v2.md
    deferred (allowance): 2026-02-13-video-an-alien-visitor-at-the-pentagon-valiant-thor-debriefed-ep.v2.md
=== 2026-08-01T11:00:00+09:00 2025-09-26-video-travis-walton-50-years-after-the-fire-in-the-sky-debriefed.v2.md
Parsing record: 2025-09-26-video-travis-walton-50-years-after-the-fire-in-the-sky-debriefed.v2.md
Allowance ceiling: weekly 93% >= 93% start-line (ceiling 95 less 2 reserved for end-of-week verification and fixes)
  window resets at 2026-08-05T10:59:59.122624+00:00
  Not starting. Completed chunks are cached; resume is cheap.
--- rc=77 elapsed=11s 2025-09-26-video-travis-walton-50-years-after-the-fire-in-the-sky-debriefed.v2.md
    deferred (allowance): 2025-09-26-video-travis-walton-50-years-after-the-fire-in-the-sky-debriefed.v2.md
=== 2026-08-01T11:00:11+09:00 2025-01-03-video-the-horrible-truth-about-the-alien-deal-debriefed-ep-20.v2.md
Parsing record: 2025-01-03-video-the-horrible-truth-about-the-alien-deal-debriefed-ep-20.v2.md
Allowance ceiling: weekly 93% >= 93% start-line (ceiling 95 less 2 reserved for end-of-week verification and fixes)
  window resets at 2026-08-05T10:59:59.122624+00:00
  Not starting. Completed chunks are cached; resume is cheap.
--- rc=77 elapsed=9s 2025-01-03-video-the-horrible-truth-about-the-alien-deal-debriefed-ep-20.v2.md
    deferred (allowance): 2025-01-03-video-the-horrible-truth-about-the-alien-deal-debriefed-ep-20.v2.md
=== 2026-08-01T11:00:20+09:00 1949-04-07-pdf-sandia-base-afswp-classified-documents-library-unidentified.md
Parsing record: 1949-04-07-pdf-sandia-base-afswp-classified-documents-library-unidentified.md
Allowance ceiling: weekly 93% >= 93% start-line (ceiling 95 less 2 reserved for end-of-week verification and fixes)
  window resets at 2026-08-05T10:59:59.122624+00:00
  Not starting. Completed chunks are cached; resume is cheap.
--- rc=77 elapsed=17s 1949-04-07-pdf-sandia-base-afswp-classified-documents-library-unidentified.md
    deferred (allowance): 1949-04-07-pdf-sandia-base-afswp-classified-documents-library-unidentified.md
=== 2026-08-01T11:00:37+09:00 2025-05-23-video-alien-being-reveals-the-truth-about-earth-matilda-macelroy.v2.md
Parsing record: 2025-05-23-video-alien-being-reveals-the-truth-about-earth-matilda-macelroy.v2.md
Allowance ceiling: weekly 93% >= 93% start-line (ceiling 95 less 2 reserved for end-of-week verification and fixes)
  window resets at 2026-08-05T10:59:59.122624+00:00
  Not starting. Completed chunks are cached; resume is cheap.
--- rc=77 elapsed=2s 2025-05-23-video-alien-being-reveals-the-truth-about-earth-matilda-macelroy.v2.md
    deferred (allowance): 2025-05-23-video-alien-being-reveals-the-truth-about-earth-matilda-macelroy.v2.md
=== 2026-08-01T11:00:39+09:00 2023-12-13-video-professor-garry-nolan-ross-coulthart-full-interview-ufo-uap.v2.md
Parsing record: 2023-12-13-video-professor-garry-nolan-ross-coulthart-full-interview-ufo-uap.v2.md
Allowance ceiling: weekly 93% >= 88% start-line (ceiling 95 less 7 reserved for end-of-week verification and fixes)
  window resets at 2026-08-05T10:59:59.122624+00:00
  Not starting. Completed chunks are cached; resume is cheap.
--- rc=77 elapsed=2s 2023-12-13-video-professor-garry-nolan-ross-coulthart-full-interview-ufo-uap.v2.md
    deferred (allowance): 2023-12-13-video-professor-garry-nolan-ross-coulthart-full-interview-ufo-uap.v2.md
=== 2026-08-01T11:00:41+09:00 2025-03-07-video-conversation-with-a-real-alien-the-lacerta-files-part-2.v2.md
Parsing record: 2025-03-07-video-conversation-with-a-real-alien-the-lacerta-files-part-2.v2.md
Allowance ceiling: weekly 93% >= 88% start-line (ceiling 95 less 7 reserved for end-of-week verification and fixes)
  window resets at 2026-08-05T10:59:59.122624+00:00
  Not starting. Completed chunks are cached; resume is cheap.
--- rc=77 elapsed=19s 2025-03-07-video-conversation-with-a-real-alien-the-lacerta-files-part-2.v2.md
    deferred (allowance): 2025-03-07-video-conversation-with-a-real-alien-the-lacerta-files-part-2.v2.md
=== 2026-08-01T11:01:00+09:00 2024-11-01-video-giant-uap-in-the-ocean-4chan-whistleblower-pt-1-nro-patch.v2.md
Parsing record: 2024-11-01-video-giant-uap-in-the-ocean-4chan-whistleblower-pt-1-nro-patch.v2.md
Allowance ceiling: weekly 93% >= 88% start-line (ceiling 95 less 7 reserved for end-of-week verification and fixes)
  window resets at 2026-08-05T10:59:59.122624+00:00
  Not starting. Completed chunks are cached; resume is cheap.
--- rc=77 elapsed=20s 2024-11-01-video-giant-uap-in-the-ocean-4chan-whistleblower-pt-1-nro-patch.v2.md
    deferred (allowance): 2024-11-01-video-giant-uap-in-the-ocean-4chan-whistleblower-pt-1-nro-patch.v2.md
=== 2026-08-01T11:01:20+09:00 2024-01-12-video-uaps-with-former-mufon-director-luigi-venditelli-debriefed.v2.md
Parsing record: 2024-01-12-video-uaps-with-former-mufon-director-luigi-venditelli-debriefed.v2.md
Allowance ceiling: weekly 93% >= 88% start-line (ceiling 95 less 7 reserved for end-of-week verification and fixes)
  window resets at 2026-08-05T10:59:59.122624+00:00
  Not starting. Completed chunks are cached; resume is cheap.
--- rc=77 elapsed=20s 2024-01-12-video-uaps-with-former-mufon-director-luigi-venditelli-debriefed.v2.md
    deferred (allowance): 2024-01-12-video-uaps-with-former-mufon-director-luigi-venditelli-debriefed.v2.md
=== 2026-08-01T11:01:40+09:00 2024-11-29-video-the-full-anatomy-of-a-grey-alien-is-this-proof-debriefed-ep.v2.md
Parsing record: 2024-11-29-video-the-full-anatomy-of-a-grey-alien-is-this-proof-debriefed-ep.v2.md
Allowance ceiling: weekly 93% >= 88% start-line (ceiling 95 less 7 reserved for end-of-week verification and fixes)
  window resets at 2026-08-05T10:59:59.122624+00:00
  Not starting. Completed chunks are cached; resume is cheap.
--- rc=77 elapsed=20s 2024-11-29-video-the-full-anatomy-of-a-grey-alien-is-this-proof-debriefed-ep.v2.md
    deferred (allowance): 2024-11-29-video-the-full-anatomy-of-a-grey-alien-is-this-proof-debriefed-ep.v2.md
=== 2026-08-01T11:02:00+09:00 2025-02-22-video-exposed-dan-burisch-s-full-testimony-on-j-rod-project.v2.md
Parsing record: 2025-02-22-video-exposed-dan-burisch-s-full-testimony-on-j-rod-project.v2.md
Allowance ceiling: weekly 93% >= 88% start-line (ceiling 95 less 7 reserved for end-of-week verification and fixes)
  window resets at 2026-08-05T10:59:59.122624+00:00
  Not starting. Completed chunks are cached; resume is cheap.
--- rc=77 elapsed=9s 2025-02-22-video-exposed-dan-burisch-s-full-testimony-on-j-rod-project.v2.md
    deferred (allowance): 2025-02-22-video-exposed-dan-burisch-s-full-testimony-on-j-rod-project.v2.md
=== 2026-08-01T11:02:09+09:00 2023-09-07-video-the-20m-cia-psychic-spy-program-w-nelsondellis-debriefed-ep.v2.md
Parsing record: 2023-09-07-video-the-20m-cia-psychic-spy-program-w-nelsondellis-debriefed-ep.v2.md
Allowance ceiling: weekly 93% >= 88% start-line (ceiling 95 less 7 reserved for end-of-week verification and fixes)
  window resets at 2026-08-05T10:59:59.122624+00:00
  Not starting. Completed chunks are cached; resume is cheap.
--- rc=77 elapsed=2s 2023-09-07-video-the-20m-cia-psychic-spy-program-w-nelsondellis-debriefed-ep.v2.md
    deferred (allowance): 2023-09-07-video-the-20m-cia-psychic-spy-program-w-nelsondellis-debriefed-ep.v2.md
=== 2026-08-01T11:02:11+09:00 2026-07-11-audio-nasa-uap-d024-apollo-16-scientific-debriefing.v2.md
Parsing record: 2026-07-11-audio-nasa-uap-d024-apollo-16-scientific-debriefing.v2.md
Allowance ceiling: weekly 93% >= 88% start-line (ceiling 95 less 7 reserved for end-of-week verification and fixes)
  window resets at 2026-08-05T10:59:59.122624+00:00
  Not starting. Completed chunks are cached; resume is cheap.
--- rc=77 elapsed=9s 2026-07-11-audio-nasa-uap-d024-apollo-16-scientific-debriefing.v2.md
    deferred (allowance): 2026-07-11-audio-nasa-uap-d024-apollo-16-scientific-debriefing.v2.md
=== 2026-08-01T11:02:20+09:00 2026-02-03-video-is-nasa-blurring-their-photos-what-could-be-hiding-on-the.v2.md
Parsing record: 2026-02-03-video-is-nasa-blurring-their-photos-what-could-be-hiding-on-the.v2.md
Allowance ceiling: weekly 93% >= 88% start-line (ceiling 95 less 7 reserved for end-of-week verification and fixes)
  window resets at 2026-08-05T10:59:59.122624+00:00
  Not starting. Completed chunks are cached; resume is cheap.
--- rc=77 elapsed=8s 2026-02-03-video-is-nasa-blurring-their-photos-what-could-be-hiding-on-the.v2.md
    deferred (allowance): 2026-02-03-video-is-nasa-blurring-their-photos-what-could-be-hiding-on-the.v2.md
=== 2026-08-01T11:02:28+09:00 2024-08-30-video-the-gateway-process-changed-me-forever-nelsondellis.v2.md
Parsing record: 2024-08-30-video-the-gateway-process-changed-me-forever-nelsondellis.v2.md
Allowance ceiling: weekly 93% >= 88% start-line (ceiling 95 less 7 reserved for end-of-week verification and fixes)
  window resets at 2026-08-05T10:59:59.122624+00:00
  Not starting. Completed chunks are cached; resume is cheap.
--- rc=77 elapsed=2s 2024-08-30-video-the-gateway-process-changed-me-forever-nelsondellis.v2.md
    deferred (allowance): 2024-08-30-video-the-gateway-process-changed-me-forever-nelsondellis.v2.md
=== 2026-08-01T11:02:30+09:00 2025-01-24-video-mass-alien-sighting-62-witnesses-randall-nickerson.v2.md
Parsing record: 2025-01-24-video-mass-alien-sighting-62-witnesses-randall-nickerson.v2.md
Allowance ceiling: weekly 93% >= 88% start-line (ceiling 95 less 7 reserved for end-of-week verification and fixes)
  window resets at 2026-08-05T10:59:59.122624+00:00
  Not starting. Completed chunks are cached; resume is cheap.
--- rc=77 elapsed=3s 2025-01-24-video-mass-alien-sighting-62-witnesses-randall-nickerson.v2.md
    deferred (allowance): 2025-01-24-video-mass-alien-sighting-62-witnesses-randall-nickerson.v2.md
=== 2026-08-01T11:02:33+09:00 2025-02-07-video-the-man-who-attracts-ufos-chris-bledsoe-full-documentary.v2.md
Parsing record: 2025-02-07-video-the-man-who-attracts-ufos-chris-bledsoe-full-documentary.v2.md
Allowance ceiling: weekly 93% >= 88% start-line (ceiling 95 less 7 reserved for end-of-week verification and fixes)
  window resets at 2026-08-05T10:59:59.122624+00:00
  Not starting. Completed chunks are cached; resume is cheap.
--- rc=77 elapsed=2s 2025-02-07-video-the-man-who-attracts-ufos-chris-bledsoe-full-documentary.v2.md
    deferred (allowance): 2025-02-07-video-the-man-who-attracts-ufos-chris-bledsoe-full-documentary.v2.md
=== 2026-08-01T11:02:35+09:00 2024-12-20-video-are-the-dmt-entities-real-nelson-dellis-debriefed-ep-18.v2.md
Parsing record: 2024-12-20-video-are-the-dmt-entities-real-nelson-dellis-debriefed-ep-18.v2.md
Allowance ceiling: weekly 93% >= 88% start-line (ceiling 95 less 7 reserved for end-of-week verification and fixes)
  window resets at 2026-08-05T10:59:59.122624+00:00
  Not starting. Completed chunks are cached; resume is cheap.
--- rc=77 elapsed=2s 2024-12-20-video-are-the-dmt-entities-real-nelson-dellis-debriefed-ep-18.v2.md
    deferred (allowance): 2024-12-20-video-are-the-dmt-entities-real-nelson-dellis-debriefed-ep-18.v2.md
=== 2026-08-01T11:02:37+09:00 2026-07-11-audio-nasa-uap-d026-apollo-14-debriefing-1971.v2.md
Parsing record: 2026-07-11-audio-nasa-uap-d026-apollo-14-debriefing-1971.v2.md
Allowance ceiling: weekly 93% >= 88% start-line (ceiling 95 less 7 reserved for end-of-week verification and fixes)
  window resets at 2026-08-05T10:59:59.122624+00:00
  Not starting. Completed chunks are cached; resume is cheap.
--- rc=77 elapsed=2s 2026-07-11-audio-nasa-uap-d026-apollo-14-debriefing-1971.v2.md
    deferred (allowance): 2026-07-11-audio-nasa-uap-d026-apollo-14-debriefing-1971.v2.md
=== 2026-08-01T11:02:39+09:00 2025-04-25-video-harvard-physicist-wants-proof-of-aliens-avi-loeb-debriefed.v2.md
Parsing record: 2025-04-25-video-harvard-physicist-wants-proof-of-aliens-avi-loeb-debriefed.v2.md
Allowance ceiling: weekly 93% >= 88% start-line (ceiling 95 less 7 reserved for end-of-week verification and fixes)
  window resets at 2026-08-05T10:59:59.122624+00:00
  Not starting. Completed chunks are cached; resume is cheap.
--- rc=77 elapsed=16s 2025-04-25-video-harvard-physicist-wants-proof-of-aliens-avi-loeb-debriefed.v2.md
    deferred (allowance): 2025-04-25-video-harvard-physicist-wants-proof-of-aliens-avi-loeb-debriefed.v2.md
=== 2026-08-01T11:02:55+09:00 2024-10-14-video-bob-lazar-was-holding-back-debriefed-ep-09-feat.v2.md
Parsing record: 2024-10-14-video-bob-lazar-was-holding-back-debriefed-ep-09-feat.v2.md
Allowance ceiling: weekly 93% >= 88% start-line (ceiling 95 less 7 reserved for end-of-week verification and fixes)
  window resets at 2026-08-05T10:59:59.122624+00:00
  Not starting. Completed chunks are cached; resume is cheap.
--- rc=77 elapsed=2s 2024-10-14-video-bob-lazar-was-holding-back-debriefed-ep-09-feat.v2.md
    deferred (allowance): 2024-10-14-video-bob-lazar-was-holding-back-debriefed-ep-09-feat.v2.md
=== 2026-08-01T11:02:58+09:00 2024-12-06-video-transmedium-uaps-ufo-national-archives-and-debunking-w.v2.md
Parsing record: 2024-12-06-video-transmedium-uaps-ufo-national-archives-and-debunking-w.v2.md
Allowance ceiling: weekly 93% >= 88% start-line (ceiling 95 less 7 reserved for end-of-week verification and fixes)
  window resets at 2026-08-05T10:59:59.122624+00:00
  Not starting. Completed chunks are cached; resume is cheap.
--- rc=77 elapsed=2s 2024-12-06-video-transmedium-uaps-ufo-national-archives-and-debunking-w.v2.md
    deferred (allowance): 2024-12-06-video-transmedium-uaps-ufo-national-archives-and-debunking-w.v2.md
=== 2026-08-01T11:03:00+09:00 2026-03-27-video-the-alien-plan-is-in-full-motion-david-icke-debriefed-ep-81.v2.md
Parsing record: 2026-03-27-video-the-alien-plan-is-in-full-motion-david-icke-debriefed-ep-81.v2.md
Allowance ceiling: weekly 93% >= 88% start-line (ceiling 95 less 7 reserved for end-of-week verification and fixes)
  window resets at 2026-08-05T10:59:59.122624+00:00
  Not starting. Completed chunks are cached; resume is cheap.
--- rc=77 elapsed=8s 2026-03-27-video-the-alien-plan-is-in-full-motion-david-icke-debriefed-ep-81.v2.md
    deferred (allowance): 2026-03-27-video-the-alien-plan-is-in-full-motion-david-icke-debriefed-ep-81.v2.md
=== 2026-08-01T11:03:09+09:00 2026-04-10-video-bob-lazar-tells-me-everything-in-new-interview-debriefed-ep.v2.md
Parsing record: 2026-04-10-video-bob-lazar-tells-me-everything-in-new-interview-debriefed-ep.v2.md
Allowance ceiling: weekly 93% >= 88% start-line (ceiling 95 less 7 reserved for end-of-week verification and fixes)
  window resets at 2026-08-05T10:59:59.122624+00:00
  Not starting. Completed chunks are cached; resume is cheap.
--- rc=77 elapsed=2s 2026-04-10-video-bob-lazar-tells-me-everything-in-new-interview-debriefed-ep.v2.md
    deferred (allowance): 2026-04-10-video-bob-lazar-tells-me-everything-in-new-interview-debriefed-ep.v2.md
=== 2026-08-01T11:03:11+09:00 2017-10-27-video-joe-rogan-experience-1029-tom-delonge.v2.md
Parsing record: 2017-10-27-video-joe-rogan-experience-1029-tom-delonge.v2.md
Allowance ceiling: weekly 93% >= 88% start-line (ceiling 95 less 7 reserved for end-of-week verification and fixes)
  window resets at 2026-08-05T10:59:59.122624+00:00
  Not starting. Completed chunks are cached; resume is cheap.
--- rc=77 elapsed=19s 2017-10-27-video-joe-rogan-experience-1029-tom-delonge.v2.md
    deferred (allowance): 2017-10-27-video-joe-rogan-experience-1029-tom-delonge.v2.md
=== 2026-08-01T11:03:30+09:00 2025-06-20-video-ex-cia-officer-confirms-alien-hybrids-exist-john-ramirez.v2.md
Parsing record: 2025-06-20-video-ex-cia-officer-confirms-alien-hybrids-exist-john-ramirez.v2.md
Allowance ceiling: weekly 93% >= 88% start-line (ceiling 95 less 7 reserved for end-of-week verification and fixes)
  window resets at 2026-08-05T10:59:59.122624+00:00
  Not starting. Completed chunks are cached; resume is cheap.
--- rc=77 elapsed=20s 2025-06-20-video-ex-cia-officer-confirms-alien-hybrids-exist-john-ramirez.v2.md
    deferred (allowance): 2025-06-20-video-ex-cia-officer-confirms-alien-hybrids-exist-john-ramirez.v2.md
=== 2026-08-01T11:03:50+09:00 2025-04-18-video-alien-encounters-with-the-real-life-x-files-agent-nick-pope.v2.md
Parsing record: 2025-04-18-video-alien-encounters-with-the-real-life-x-files-agent-nick-pope.v2.md
Allowance ceiling: weekly 93% >= 88% start-line (ceiling 95 less 7 reserved for end-of-week verification and fixes)
  window resets at 2026-08-05T10:59:59.122624+00:00
  Not starting. Completed chunks are cached; resume is cheap.
--- rc=77 elapsed=20s 2025-04-18-video-alien-encounters-with-the-real-life-x-files-agent-nick-pope.v2.md
    deferred (allowance): 2025-04-18-video-alien-encounters-with-the-real-life-x-files-agent-nick-pope.v2.md
=== 2026-08-01T11:04:10+09:00 2025-07-11-video-what-my-father-knew-about-ufos-paul-hynek-debriefed-ep-45.v2.md
Parsing record: 2025-07-11-video-what-my-father-knew-about-ufos-paul-hynek-debriefed-ep-45.v2.md
Allowance ceiling: weekly 93% >= 88% start-line (ceiling 95 less 7 reserved for end-of-week verification and fixes)
  window resets at 2026-08-05T10:59:59.122624+00:00
  Not starting. Completed chunks are cached; resume is cheap.
--- rc=77 elapsed=5s 2025-07-11-video-what-my-father-knew-about-ufos-paul-hynek-debriefed-ep-45.v2.md
    deferred (allowance): 2025-07-11-video-what-my-father-knew-about-ufos-paul-hynek-debriefed-ep-45.v2.md
=== 2026-08-01T11:04:15+09:00 2026-02-27-video-the-beginning-of-real-ufo-disclosure-jesse-michels.v2.md
Parsing record: 2026-02-27-video-the-beginning-of-real-ufo-disclosure-jesse-michels.v2.md
Allowance ceiling: weekly 93% >= 88% start-line (ceiling 95 less 7 reserved for end-of-week verification and fixes)
  window resets at 2026-08-05T10:59:59.122624+00:00
  Not starting. Completed chunks are cached; resume is cheap.
--- rc=77 elapsed=3s 2026-02-27-video-the-beginning-of-real-ufo-disclosure-jesse-michels.v2.md
    deferred (allowance): 2026-02-27-video-the-beginning-of-real-ufo-disclosure-jesse-michels.v2.md
=== 2026-08-01T11:04:18+09:00 2025-05-02-video-he-has-direct-contact-with-aliens-whitley-strieber.v2.md
Parsing record: 2025-05-02-video-he-has-direct-contact-with-aliens-whitley-strieber.v2.md
Allowance ceiling: weekly 93% >= 88% start-line (ceiling 95 less 7 reserved for end-of-week verification and fixes)
  window resets at 2026-08-05T10:59:59.122624+00:00
  Not starting. Completed chunks are cached; resume is cheap.
--- rc=77 elapsed=2s 2025-05-02-video-he-has-direct-contact-with-aliens-whitley-strieber.v2.md
    deferred (allowance): 2025-05-02-video-he-has-direct-contact-with-aliens-whitley-strieber.v2.md
=== 2026-08-01T11:04:20+09:00 2025-08-22-video-the-first-psychic-spy-full-interview-joe-mcmoneagle.v2.md
Parsing record: 2025-08-22-video-the-first-psychic-spy-full-interview-joe-mcmoneagle.v2.md
Allowance ceiling: weekly 93% >= 88% start-line (ceiling 95 less 7 reserved for end-of-week verification and fixes)
  window resets at 2026-08-05T10:59:59.122624+00:00
  Not starting. Completed chunks are cached; resume is cheap.
--- rc=77 elapsed=8s 2025-08-22-video-the-first-psychic-spy-full-interview-joe-mcmoneagle.v2.md
    deferred (allowance): 2025-08-22-video-the-first-psychic-spy-full-interview-joe-mcmoneagle.v2.md
=== 2026-08-01T11:04:28+09:00 2026-07-02-video-congressman-reveals-the-alien-brief-that-changed-the.v2.md
Parsing record: 2026-07-02-video-congressman-reveals-the-alien-brief-that-changed-the.v2.md
Allowance ceiling: weekly 93% >= 88% start-line (ceiling 95 less 7 reserved for end-of-week verification and fixes)
  window resets at 2026-08-05T10:59:59.122624+00:00
  Not starting. Completed chunks are cached; resume is cheap.
--- rc=77 elapsed=2s 2026-07-02-video-congressman-reveals-the-alien-brief-that-changed-the.v2.md
    deferred (allowance): 2026-07-02-video-congressman-reveals-the-alien-brief-that-changed-the.v2.md
=== 2026-08-01T11:04:30+09:00 2026-05-29-video-skinwalker-ranch-biologist-breaks-silence-ben-woodruff.v2.md
Parsing record: 2026-05-29-video-skinwalker-ranch-biologist-breaks-silence-ben-woodruff.v2.md
Allowance ceiling: weekly 93% >= 88% start-line (ceiling 95 less 7 reserved for end-of-week verification and fixes)
  window resets at 2026-08-05T10:59:59.122624+00:00
  Not starting. Completed chunks are cached; resume is cheap.
--- rc=77 elapsed=3s 2026-05-29-video-skinwalker-ranch-biologist-breaks-silence-ben-woodruff.v2.md
    deferred (allowance): 2026-05-29-video-skinwalker-ranch-biologist-breaks-silence-ben-woodruff.v2.md
=== 2026-08-01T11:04:33+09:00 2025-11-14-video-real-life-psychic-spy-hostages-crucifixion-3i-atlas.v2.md
Parsing record: 2025-11-14-video-real-life-psychic-spy-hostages-crucifixion-3i-atlas.v2.md
Allowance ceiling: weekly 93% >= 88% start-line (ceiling 95 less 7 reserved for end-of-week verification and fixes)
  window resets at 2026-08-05T10:59:59.122624+00:00
  Not starting. Completed chunks are cached; resume is cheap.
--- rc=77 elapsed=2s 2025-11-14-video-real-life-psychic-spy-hostages-crucifixion-3i-atlas.v2.md
    deferred (allowance): 2025-11-14-video-real-life-psychic-spy-hostages-crucifixion-3i-atlas.v2.md
=== 2026-08-01T11:04:35+09:00 2025-11-28-video-he-had-access-to-every-ufo-whistleblower-ammar-kandil-ep-64.v2.md
Parsing record: 2025-11-28-video-he-had-access-to-every-ufo-whistleblower-ammar-kandil-ep-64.v2.md
Allowance ceiling: weekly 93% >= 88% start-line (ceiling 95 less 7 reserved for end-of-week verification and fixes)
  window resets at 2026-08-05T10:59:59.122624+00:00
  Not starting. Completed chunks are cached; resume is cheap.
--- rc=77 elapsed=2s 2025-11-28-video-he-had-access-to-every-ufo-whistleblower-ammar-kandil-ep-64.v2.md
    deferred (allowance): 2025-11-28-video-he-had-access-to-every-ufo-whistleblower-ammar-kandil-ep-64.v2.md
=== 2026-08-01T11:04:37+09:00 2025-09-05-video-earth-s-hidden-war-with-aliens-patrick-jackson-debriefed-ep.v2.md
Parsing record: 2025-09-05-video-earth-s-hidden-war-with-aliens-patrick-jackson-debriefed-ep.v2.md
Allowance ceiling: weekly 93% >= 88% start-line (ceiling 95 less 7 reserved for end-of-week verification and fixes)
  window resets at 2026-08-05T10:59:59.122624+00:00
  Not starting. Completed chunks are cached; resume is cheap.
--- rc=77 elapsed=2s 2025-09-05-video-earth-s-hidden-war-with-aliens-patrick-jackson-debriefed-ep.v2.md
    deferred (allowance): 2025-09-05-video-earth-s-hidden-war-with-aliens-patrick-jackson-debriefed-ep.v2.md
=== 2026-08-01T11:04:39+09:00 2026-03-20-video-new-footage-of-a-ufo-out-of-area-51-ipn-live-montreal-uap.v2.md
Parsing record: 2026-03-20-video-new-footage-of-a-ufo-out-of-area-51-ipn-live-montreal-uap.v2.md
Allowance ceiling: weekly 93% >= 88% start-line (ceiling 95 less 7 reserved for end-of-week verification and fixes)
  window resets at 2026-08-05T10:59:59.122624+00:00
  Not starting. Completed chunks are cached; resume is cheap.
--- rc=77 elapsed=5s 2026-03-20-video-new-footage-of-a-ufo-out-of-area-51-ipn-live-montreal-uap.v2.md
    deferred (allowance): 2026-03-20-video-new-footage-of-a-ufo-out-of-area-51-ipn-live-montreal-uap.v2.md
=== 2026-08-01T11:04:44+09:00 2026-03-06-video-ufo-researcher-reveals-location-of-ufos-uap-gerb-debriefed.v2.md
Parsing record: 2026-03-06-video-ufo-researcher-reveals-location-of-ufos-uap-gerb-debriefed.v2.md
Allowance ceiling: weekly 93% >= 88% start-line (ceiling 95 less 7 reserved for end-of-week verification and fixes)
  window resets at 2026-08-05T10:59:59.122624+00:00
  Not starting. Completed chunks are cached; resume is cheap.
--- rc=77 elapsed=17s 2026-03-06-video-ufo-researcher-reveals-location-of-ufos-uap-gerb-debriefed.v2.md
    deferred (allowance): 2026-03-06-video-ufo-researcher-reveals-location-of-ufos-uap-gerb-debriefed.v2.md
=== 2026-08-01T11:05:01+09:00 2025-01-10-video-footage-of-a-real-alien-exists-james-fox-debriefed-ep-21.v2.md
Parsing record: 2025-01-10-video-footage-of-a-real-alien-exists-james-fox-debriefed-ep-21.v2.md
Allowance ceiling: weekly 93% >= 88% start-line (ceiling 95 less 7 reserved for end-of-week verification and fixes)
  window resets at 2026-08-05T10:59:59.122624+00:00
  Not starting. Completed chunks are cached; resume is cheap.
--- rc=77 elapsed=19s 2025-01-10-video-footage-of-a-real-alien-exists-james-fox-debriefed-ep-21.v2.md
    deferred (allowance): 2025-01-10-video-footage-of-a-real-alien-exists-james-fox-debriefed-ep-21.v2.md
=== 2026-08-01T11:05:20+09:00 2025-03-26-video-i-saw-a-300ft-ufo-in-the-indonesian-jungle-ft-michael.v2.md
Parsing record: 2025-03-26-video-i-saw-a-300ft-ufo-in-the-indonesian-jungle-ft-michael.v2.md
Allowance ceiling: weekly 93% >= 88% start-line (ceiling 95 less 7 reserved for end-of-week verification and fixes)
  window resets at 2026-08-05T10:59:59.122624+00:00
  Not starting. Completed chunks are cached; resume is cheap.
--- rc=77 elapsed=10s 2025-03-26-video-i-saw-a-300ft-ufo-in-the-indonesian-jungle-ft-michael.v2.md
    deferred (allowance): 2025-03-26-video-i-saw-a-300ft-ufo-in-the-indonesian-jungle-ft-michael.v2.md
=== 2026-08-01T11:05:30+09:00 2025-07-04-video-hollywood-director-discovers-alien-cult-darren-bousman.v2.md
Parsing record: 2025-07-04-video-hollywood-director-discovers-alien-cult-darren-bousman.v2.md
Allowance ceiling: weekly 93% >= 88% start-line (ceiling 95 less 7 reserved for end-of-week verification and fixes)
  window resets at 2026-08-05T10:59:59.122624+00:00
  Not starting. Completed chunks are cached; resume is cheap.
--- rc=77 elapsed=2s 2025-07-04-video-hollywood-director-discovers-alien-cult-darren-bousman.v2.md
    deferred (allowance): 2025-07-04-video-hollywood-director-discovers-alien-cult-darren-bousman.v2.md
=== 2026-08-01T11:05:32+09:00 2025-02-14-video-ufc-champion-talks-ufo-sighting-out-of-body-entities.v2.md
Parsing record: 2025-02-14-video-ufc-champion-talks-ufo-sighting-out-of-body-entities.v2.md
Allowance ceiling: weekly 93% >= 88% start-line (ceiling 95 less 7 reserved for end-of-week verification and fixes)
  window resets at 2026-08-05T10:59:59.122624+00:00
  Not starting. Completed chunks are cached; resume is cheap.
--- rc=77 elapsed=2s 2025-02-14-video-ufc-champion-talks-ufo-sighting-out-of-body-entities.v2.md
    deferred (allowance): 2025-02-14-video-ufc-champion-talks-ufo-sighting-out-of-body-entities.v2.md
=== 2026-08-01T11:05:35+09:00 2026-01-09-video-the-greatest-case-of-an-alien-encounter-of-our-time-james.v2.md
Parsing record: 2026-01-09-video-the-greatest-case-of-an-alien-encounter-of-our-time-james.v2.md
Allowance ceiling: weekly 93% >= 88% start-line (ceiling 95 less 7 reserved for end-of-week verification and fixes)
  window resets at 2026-08-05T10:59:59.122624+00:00
  Not starting. Completed chunks are cached; resume is cheap.
--- rc=77 elapsed=1s 2026-01-09-video-the-greatest-case-of-an-alien-encounter-of-our-time-james.v2.md
    deferred (allowance): 2026-01-09-video-the-greatest-case-of-an-alien-encounter-of-our-time-james.v2.md
=== 2026-08-01T11:05:37+09:00 2026-06-11-video-joe-rogan-experience-2513-dean-radin.v2.md
Parsing record: 2026-06-11-video-joe-rogan-experience-2513-dean-radin.v2.md
Allowance ceiling: weekly 93% >= 88% start-line (ceiling 95 less 7 reserved for end-of-week verification and fixes)
  window resets at 2026-08-05T10:59:59.122624+00:00
  Not starting. Completed chunks are cached; resume is cheap.
--- rc=77 elapsed=2s 2026-06-11-video-joe-rogan-experience-2513-dean-radin.v2.md
    deferred (allowance): 2026-06-11-video-joe-rogan-experience-2513-dean-radin.v2.md
=== 2026-08-01T11:05:39+09:00 2025-08-08-video-new-ufo-witnesses-break-silence-to-investigator-uap-gerb.v2.md
Parsing record: 2025-08-08-video-new-ufo-witnesses-break-silence-to-investigator-uap-gerb.v2.md
Allowance ceiling: weekly 93% >= 88% start-line (ceiling 95 less 7 reserved for end-of-week verification and fixes)
  window resets at 2026-08-05T10:59:59.122624+00:00
  Not starting. Completed chunks are cached; resume is cheap.
--- rc=77 elapsed=2s 2025-08-08-video-new-ufo-witnesses-break-silence-to-investigator-uap-gerb.v2.md
    deferred (allowance): 2025-08-08-video-new-ufo-witnesses-break-silence-to-investigator-uap-gerb.v2.md
=== 2026-08-01T11:05:41+09:00 2025-10-24-video-man-has-dna-evidence-of-aliens-peter-khoury-debriefed-ep-59.v2.md
Parsing record: 2025-10-24-video-man-has-dna-evidence-of-aliens-peter-khoury-debriefed-ep-59.v2.md
Allowance ceiling: weekly 93% >= 88% start-line (ceiling 95 less 7 reserved for end-of-week verification and fixes)
  window resets at 2026-08-05T10:59:59.122624+00:00
  Not starting. Completed chunks are cached; resume is cheap.
--- rc=77 elapsed=16s 2025-10-24-video-man-has-dna-evidence-of-aliens-peter-khoury-debriefed-ep-59.v2.md
    deferred (allowance): 2025-10-24-video-man-has-dna-evidence-of-aliens-peter-khoury-debriefed-ep-59.v2.md
=== 2026-08-01T11:05:57+09:00 2024-09-26-video-body-language-analyst-reacts-to-uap-secrets-debriefed-ep-7.v2.md
Parsing record: 2024-09-26-video-body-language-analyst-reacts-to-uap-secrets-debriefed-ep-7.v2.md
Allowance ceiling: weekly 93% >= 88% start-line (ceiling 95 less 7 reserved for end-of-week verification and fixes)
  window resets at 2026-08-05T10:59:59.122624+00:00
  Not starting. Completed chunks are cached; resume is cheap.
--- rc=77 elapsed=2s 2024-09-26-video-body-language-analyst-reacts-to-uap-secrets-debriefed-ep-7.v2.md
    deferred (allowance): 2024-09-26-video-body-language-analyst-reacts-to-uap-secrets-debriefed-ep-7.v2.md
=== 2026-08-01T11:05:59+09:00 2025-02-28-video-the-future-of-psychic-training-hakim-isler-debriefed-ep-27.v2.md
Parsing record: 2025-02-28-video-the-future-of-psychic-training-hakim-isler-debriefed-ep-27.v2.md
Allowance ceiling: weekly 93% >= 88% start-line (ceiling 95 less 7 reserved for end-of-week verification and fixes)
  window resets at 2026-08-05T10:59:59.122624+00:00
  Not starting. Completed chunks are cached; resume is cheap.
--- rc=77 elapsed=5s 2025-02-28-video-the-future-of-psychic-training-hakim-isler-debriefed-ep-27.v2.md
    deferred (allowance): 2025-02-28-video-the-future-of-psychic-training-hakim-isler-debriefed-ep-27.v2.md
=== 2026-08-01T11:06:04+09:00 2025-04-22-video-presidential-advisor-i-directly-handled-ufo-material-ft.v2.md
Parsing record: 2025-04-22-video-presidential-advisor-i-directly-handled-ufo-material-ft.v2.md
Allowance ceiling: weekly 93% >= 88% start-line (ceiling 95 less 7 reserved for end-of-week verification and fixes)
  window resets at 2026-08-05T10:59:59.122624+00:00
  Not starting. Completed chunks are cached; resume is cheap.
--- rc=77 elapsed=3s 2025-04-22-video-presidential-advisor-i-directly-handled-ufo-material-ft.v2.md
    deferred (allowance): 2025-04-22-video-presidential-advisor-i-directly-handled-ufo-material-ft.v2.md
=== 2026-08-01T11:06:08+09:00 2026-07-26-video-there-s-a-ufo-under-the-ranch-skinwalker-owner-breaks.v2.md
Parsing record: 2026-07-26-video-there-s-a-ufo-under-the-ranch-skinwalker-owner-breaks.v2.md
Allowance ceiling: weekly 93% >= 88% start-line (ceiling 95 less 7 reserved for end-of-week verification and fixes)
  window resets at 2026-08-05T10:59:59.122624+00:00
  Not starting. Completed chunks are cached; resume is cheap.
--- rc=77 elapsed=3s 2026-07-26-video-there-s-a-ufo-under-the-ranch-skinwalker-owner-breaks.v2.md
    deferred (allowance): 2026-07-26-video-there-s-a-ufo-under-the-ranch-skinwalker-owner-breaks.v2.md
=== 2026-08-01T11:06:11+09:00 2025-04-04-video-ufo-researcher-reveals-personal-encounters-jesse-michels.v2.md
Parsing record: 2025-04-04-video-ufo-researcher-reveals-personal-encounters-jesse-michels.v2.md
2026-08-01T11:06:18+09:00 waiting: an extraction is already running
Allowance ceiling: weekly 93% >= 88% start-line (ceiling 95 less 7 reserved for end-of-week verification and fixes)
  window resets at 2026-08-05T10:59:59.122624+00:00
  Not starting. Completed chunks are cached; resume is cheap.
=== queue driver up 2026-08-01T11:07:22+09:00
=== 2026-08-01T11:07:22+09:00 2026-07-14-video-is-there-a-ruined-civilization-on-mars-a-theoretical.v2.md
Parsing record: 2026-07-14-video-is-there-a-ruined-civilization-on-mars-a-theoretical.v2.md
Allowance ceiling: weekly 93% >= 88% start-line (ceiling 95 less 7 reserved for end-of-week verification and fixes)
  window resets at 2026-08-05T10:59:59.122624+00:00
  Not starting. Completed chunks are cached; resume is cheap.
--- rc=77 elapsed=9s 2026-07-14-video-is-there-a-ruined-civilization-on-mars-a-theoretical.v2.md
    deferred (allowance): 2026-07-14-video-is-there-a-ruined-civilization-on-mars-a-theoretical.v2.md
=== 2026-08-01T11:07:31+09:00 2026-07-17-video-jesse-michels-uapgerb-chris-ramsay-flying-saucer-diner.v2.md
Parsing record: 2026-07-17-video-jesse-michels-uapgerb-chris-ramsay-flying-saucer-diner.v2.md
Allowance ceiling: weekly 93% >= 88% start-line (ceiling 95 less 7 reserved for end-of-week verification and fixes)
  window resets at 2026-08-05T10:59:59.122624+00:00
  Not starting. Completed chunks are cached; resume is cheap.
--- rc=77 elapsed=2s 2026-07-17-video-jesse-michels-uapgerb-chris-ramsay-flying-saucer-diner.v2.md
    deferred (allowance): 2026-07-17-video-jesse-michels-uapgerb-chris-ramsay-flying-saucer-diner.v2.md
=== 2026-08-01T11:07:33+09:00 2026-07-24-video-the-terrible-truth-about-the-visitors-whitley-strieber-ep-96.v2.md
Parsing record: 2026-07-24-video-the-terrible-truth-about-the-visitors-whitley-strieber-ep-96.v2.md
Allowance ceiling: weekly 93% >= 88% start-line (ceiling 95 less 7 reserved for end-of-week verification and fixes)
  window resets at 2026-08-05T10:59:59.122624+00:00
  Not starting. Completed chunks are cached; resume is cheap.
--- rc=77 elapsed=2s 2026-07-24-video-the-terrible-truth-about-the-visitors-whitley-strieber-ep-96.v2.md
    deferred (allowance): 2026-07-24-video-the-terrible-truth-about-the-visitors-whitley-strieber-ep-96.v2.md
=== 2026-08-01T11:07:35+09:00 2026-07-20-video-proof-that-nasa-censored-moon-photos-and-the-astronauts-knew.v2.md
Parsing record: 2026-07-20-video-proof-that-nasa-censored-moon-photos-and-the-astronauts-knew.v2.md
Allowance ceiling: weekly 93% >= 88% start-line (ceiling 95 less 7 reserved for end-of-week verification and fixes)
  window resets at 2026-08-05T10:59:59.122624+00:00
  Not starting. Completed chunks are cached; resume is cheap.
--- rc=77 elapsed=2s 2026-07-20-video-proof-that-nasa-censored-moon-photos-and-the-astronauts-knew.v2.md
    deferred (allowance): 2026-07-20-video-proof-that-nasa-censored-moon-photos-and-the-astronauts-knew.v2.md
=== 2026-08-01T11:07:37+09:00 2026-06-05-video-the-crazy-story-that-made-him-quit-investigating-ufos-luigi.v2.md
Parsing record: 2026-06-05-video-the-crazy-story-that-made-him-quit-investigating-ufos-luigi.v2.md
Allowance ceiling: weekly 93% >= 88% start-line (ceiling 95 less 7 reserved for end-of-week verification and fixes)
  window resets at 2026-08-05T10:59:59.122624+00:00
  Not starting. Completed chunks are cached; resume is cheap.
--- rc=77 elapsed=2s 2026-06-05-video-the-crazy-story-that-made-him-quit-investigating-ufos-luigi.v2.md
    deferred (allowance): 2026-06-05-video-the-crazy-story-that-made-him-quit-investigating-ufos-luigi.v2.md
=== 2026-08-01T11:07:39+09:00 2026-02-20-video-the-dangerous-truth-about-ufos-ross-coulthart-debriefed-ep.v2.md
Parsing record: 2026-02-20-video-the-dangerous-truth-about-ufos-ross-coulthart-debriefed-ep.v2.md
Allowance ceiling: weekly 93% >= 88% start-line (ceiling 95 less 7 reserved for end-of-week verification and fixes)
  window resets at 2026-08-05T10:59:59.122624+00:00
  Not starting. Completed chunks are cached; resume is cheap.
--- rc=77 elapsed=5s 2026-02-20-video-the-dangerous-truth-about-ufos-ross-coulthart-debriefed-ep.v2.md
    deferred (allowance): 2026-02-20-video-the-dangerous-truth-about-ufos-ross-coulthart-debriefed-ep.v2.md
=== 2026-08-01T11:07:44+09:00 2026-04-03-video-aliens-angels-and-daemons-michael-phillip-debriefed-ep-82.v2.md
Parsing record: 2026-04-03-video-aliens-angels-and-daemons-michael-phillip-debriefed-ep-82.v2.md
Allowance ceiling: weekly 93% >= 88% start-line (ceiling 95 less 7 reserved for end-of-week verification and fixes)
  window resets at 2026-08-05T10:59:59.122624+00:00
  Not starting. Completed chunks are cached; resume is cheap.
--- rc=77 elapsed=10s 2026-04-03-video-aliens-angels-and-daemons-michael-phillip-debriefed-ep-82.v2.md
    deferred (allowance): 2026-04-03-video-aliens-angels-and-daemons-michael-phillip-debriefed-ep-82.v2.md
=== 2026-08-01T11:07:54+09:00 2026-05-15-video-new-leaked-document-mentions-surviving-aliens-jeremy.v2.md
Parsing record: 2026-05-15-video-new-leaked-document-mentions-surviving-aliens-jeremy.v2.md
Allowance ceiling: weekly 93% >= 88% start-line (ceiling 95 less 7 reserved for end-of-week verification and fixes)
  window resets at 2026-08-05T10:59:59.122624+00:00
  Not starting. Completed chunks are cached; resume is cheap.
--- rc=77 elapsed=2s 2026-05-15-video-new-leaked-document-mentions-surviving-aliens-jeremy.v2.md
    deferred (allowance): 2026-05-15-video-new-leaked-document-mentions-surviving-aliens-jeremy.v2.md
=== 2026-08-01T11:07:56+09:00 2026-07-14-video-the-ufo-cover-up-leads-to-one-secret-society-and-one-final.v2.md
Parsing record: 2026-07-14-video-the-ufo-cover-up-leads-to-one-secret-society-and-one-final.v2.md
Allowance ceiling: weekly 93% >= 88% start-line (ceiling 95 less 7 reserved for end-of-week verification and fixes)
  window resets at 2026-08-05T10:59:59.122624+00:00
  Not starting. Completed chunks are cached; resume is cheap.
--- rc=77 elapsed=1s 2026-07-14-video-the-ufo-cover-up-leads-to-one-secret-society-and-one-final.v2.md
    deferred (allowance): 2026-07-14-video-the-ufo-cover-up-leads-to-one-secret-society-and-one-final.v2.md
=== 2026-08-01T11:07:58+09:00 2026-01-02-video-the-alien-interview-tape-might-be-real-jon-stewart.v2.md
Parsing record: 2026-01-02-video-the-alien-interview-tape-might-be-real-jon-stewart.v2.md
Allowance ceiling: weekly 93% >= 88% start-line (ceiling 95 less 7 reserved for end-of-week verification and fixes)
  window resets at 2026-08-05T10:59:59.122624+00:00
  Not starting. Completed chunks are cached; resume is cheap.
--- rc=77 elapsed=2s 2026-01-02-video-the-alien-interview-tape-might-be-real-jon-stewart.v2.md
    deferred (allowance): 2026-01-02-video-the-alien-interview-tape-might-be-real-jon-stewart.v2.md
=== 2026-08-01T11:08:00+09:00 2026-03-13-video-the-alien-conclusion-according-to-50-years-of-research.v2.md
Parsing record: 2026-03-13-video-the-alien-conclusion-according-to-50-years-of-research.v2.md
Allowance ceiling: weekly 93% >= 88% start-line (ceiling 95 less 7 reserved for end-of-week verification and fixes)
  window resets at 2026-08-05T10:59:59.122624+00:00
  Not starting. Completed chunks are cached; resume is cheap.
--- rc=77 elapsed=10s 2026-03-13-video-the-alien-conclusion-according-to-50-years-of-research.v2.md
    deferred (allowance): 2026-03-13-video-the-alien-conclusion-according-to-50-years-of-research.v2.md
=== 2026-08-01T11:08:10+09:00 2025-12-12-video-army-radar-technician-reveals-alien-message-sfc-jeremy-cj.v2.md
Parsing record: 2025-12-12-video-army-radar-technician-reveals-alien-message-sfc-jeremy-cj.v2.md
Allowance ceiling: weekly 93% >= 88% start-line (ceiling 95 less 7 reserved for end-of-week verification and fixes)
  window resets at 2026-08-05T10:59:59.122624+00:00
  Not starting. Completed chunks are cached; resume is cheap.
--- rc=77 elapsed=9s 2025-12-12-video-army-radar-technician-reveals-alien-message-sfc-jeremy-cj.v2.md
    deferred (allowance): 2025-12-12-video-army-radar-technician-reveals-alien-message-sfc-jeremy-cj.v2.md
=== 2026-08-01T11:08:19+09:00 1973-12-20-pdf-intelligence-information-report-the-sary-shagan-weapons.md
Usage: python -m digester.cli extract [OPTIONS] FILE_PATH
Try 'python -m digester.cli extract --help' for help.

Error: Invalid value for 'FILE_PATH': Path '/home/mark/repos/anomalica/ingests/records/1973-12-20-pdf-intelligence-information-report-the-sary-shagan-weapons.md' does not exist.
--- rc=2 elapsed=0s 1973-12-20-pdf-intelligence-information-report-the-sary-shagan-weapons.md
    strike 1/2 on 1973-12-20-pdf-intelligence-information-report-the-sary-shagan-weapons.md
=== 2026-08-01T11:08:19+09:00 1973-12-20-pdf-intelligence-information-report-the-sary-shagan-weapons.md
Usage: python -m digester.cli extract [OPTIONS] FILE_PATH
Try 'python -m digester.cli extract --help' for help.

Error: Invalid value for 'FILE_PATH': Path '/home/mark/repos/anomalica/ingests/records/1973-12-20-pdf-intelligence-information-report-the-sary-shagan-weapons.md' does not exist.
--- rc=2 elapsed=0s 1973-12-20-pdf-intelligence-information-report-the-sary-shagan-weapons.md
    strike 2/2 on 1973-12-20-pdf-intelligence-information-report-the-sary-shagan-weapons.md
=== 2026-08-01T11:08:19+09:00 2025-01-17-video-the-alien-secret-majestic-12-debriefed-ep-22.v2.md
Parsing record: 2025-01-17-video-the-alien-secret-majestic-12-debriefed-ep-22.v2.md
Allowance ceiling: weekly 93% >= 93% start-line (ceiling 95 less 2 reserved for end-of-week verification and fixes)
  window resets at 2026-08-05T10:59:59.122624+00:00
  Not starting. Completed chunks are cached; resume is cheap.
--- rc=77 elapsed=2s 2025-01-17-video-the-alien-secret-majestic-12-debriefed-ep-22.v2.md
    deferred (allowance): 2025-01-17-video-the-alien-secret-majestic-12-debriefed-ep-22.v2.md
    non-book refused - nothing smaller can pass; parking early
    all remaining deferred by allowance; re-check in 600s
=== 2026-08-01T11:18:21+09:00 2026-07-14-video-is-there-a-ruined-civilization-on-mars-a-theoretical.v2.md
Parsing record: 2026-07-14-video-is-there-a-ruined-civilization-on-mars-a-theoretical.v2.md
Allowance ceiling: weekly 94% >= 88% start-line (ceiling 95 less 7 reserved for end-of-week verification and fixes)
  window resets at 2026-08-05T10:59:59.735299+00:00
  Not starting. Completed chunks are cached; resume is cheap.
--- rc=77 elapsed=9s 2026-07-14-video-is-there-a-ruined-civilization-on-mars-a-theoretical.v2.md
    deferred (allowance): 2026-07-14-video-is-there-a-ruined-civilization-on-mars-a-theoretical.v2.md
=== 2026-08-01T11:18:30+09:00 2026-07-17-video-jesse-michels-uapgerb-chris-ramsay-flying-saucer-diner.v2.md
Parsing record: 2026-07-17-video-jesse-michels-uapgerb-chris-ramsay-flying-saucer-diner.v2.md
Allowance ceiling: weekly 94% >= 88% start-line (ceiling 95 less 7 reserved for end-of-week verification and fixes)
  window resets at 2026-08-05T10:59:59.735299+00:00
  Not starting. Completed chunks are cached; resume is cheap.
--- rc=77 elapsed=3s 2026-07-17-video-jesse-michels-uapgerb-chris-ramsay-flying-saucer-diner.v2.md
    deferred (allowance): 2026-07-17-video-jesse-michels-uapgerb-chris-ramsay-flying-saucer-diner.v2.md
=== 2026-08-01T11:18:33+09:00 2026-07-24-video-the-terrible-truth-about-the-visitors-whitley-strieber-ep-96.v2.md
Parsing record: 2026-07-24-video-the-terrible-truth-about-the-visitors-whitley-strieber-ep-96.v2.md
Allowance ceiling: weekly 94% >= 88% start-line (ceiling 95 less 7 reserved for end-of-week verification and fixes)
  window resets at 2026-08-05T10:59:59.735299+00:00
  Not starting. Completed chunks are cached; resume is cheap.
--- rc=77 elapsed=2s 2026-07-24-video-the-terrible-truth-about-the-visitors-whitley-strieber-ep-96.v2.md
    deferred (allowance): 2026-07-24-video-the-terrible-truth-about-the-visitors-whitley-strieber-ep-96.v2.md
=== 2026-08-01T11:18:35+09:00 2026-07-20-video-proof-that-nasa-censored-moon-photos-and-the-astronauts-knew.v2.md
Parsing record: 2026-07-20-video-proof-that-nasa-censored-moon-photos-and-the-astronauts-knew.v2.md
Allowance ceiling: weekly 94% >= 88% start-line (ceiling 95 less 7 reserved for end-of-week verification and fixes)
  window resets at 2026-08-05T10:59:59.735299+00:00
  Not starting. Completed chunks are cached; resume is cheap.
--- rc=77 elapsed=2s 2026-07-20-video-proof-that-nasa-censored-moon-photos-and-the-astronauts-knew.v2.md
    deferred (allowance): 2026-07-20-video-proof-that-nasa-censored-moon-photos-and-the-astronauts-knew.v2.md
=== 2026-08-01T11:18:37+09:00 2026-06-05-video-the-crazy-story-that-made-him-quit-investigating-ufos-luigi.v2.md
Parsing record: 2026-06-05-video-the-crazy-story-that-made-him-quit-investigating-ufos-luigi.v2.md
Allowance ceiling: weekly 94% >= 88% start-line (ceiling 95 less 7 reserved for end-of-week verification and fixes)
  window resets at 2026-08-05T10:59:59.735299+00:00
  Not starting. Completed chunks are cached; resume is cheap.
--- rc=77 elapsed=2s 2026-06-05-video-the-crazy-story-that-made-him-quit-investigating-ufos-luigi.v2.md
    deferred (allowance): 2026-06-05-video-the-crazy-story-that-made-him-quit-investigating-ufos-luigi.v2.md
=== 2026-08-01T11:18:39+09:00 2026-02-20-video-the-dangerous-truth-about-ufos-ross-coulthart-debriefed-ep.v2.md
Parsing record: 2026-02-20-video-the-dangerous-truth-about-ufos-ross-coulthart-debriefed-ep.v2.md
Allowance ceiling: weekly 94% >= 88% start-line (ceiling 95 less 7 reserved for end-of-week verification and fixes)
  window resets at 2026-08-05T10:59:59.623275+00:00
  Not starting. Completed chunks are cached; resume is cheap.
--- rc=77 elapsed=17s 2026-02-20-video-the-dangerous-truth-about-ufos-ross-coulthart-debriefed-ep.v2.md
    deferred (allowance): 2026-02-20-video-the-dangerous-truth-about-ufos-ross-coulthart-debriefed-ep.v2.md
=== 2026-08-01T11:18:56+09:00 2026-04-03-video-aliens-angels-and-daemons-michael-phillip-debriefed-ep-82.v2.md
Parsing record: 2026-04-03-video-aliens-angels-and-daemons-michael-phillip-debriefed-ep-82.v2.md
Allowance ceiling: weekly 94% >= 88% start-line (ceiling 95 less 7 reserved for end-of-week verification and fixes)
  window resets at 2026-08-05T10:59:59.623275+00:00
  Not starting. Completed chunks are cached; resume is cheap.
--- rc=77 elapsed=3s 2026-04-03-video-aliens-angels-and-daemons-michael-phillip-debriefed-ep-82.v2.md
    deferred (allowance): 2026-04-03-video-aliens-angels-and-daemons-michael-phillip-debriefed-ep-82.v2.md
=== 2026-08-01T11:18:59+09:00 2026-05-15-video-new-leaked-document-mentions-surviving-aliens-jeremy.v2.md
Parsing record: 2026-05-15-video-new-leaked-document-mentions-surviving-aliens-jeremy.v2.md
Allowance ceiling: weekly 94% >= 88% start-line (ceiling 95 less 7 reserved for end-of-week verification and fixes)
  window resets at 2026-08-05T10:59:59.623275+00:00
  Not starting. Completed chunks are cached; resume is cheap.
--- rc=77 elapsed=5s 2026-05-15-video-new-leaked-document-mentions-surviving-aliens-jeremy.v2.md
    deferred (allowance): 2026-05-15-video-new-leaked-document-mentions-surviving-aliens-jeremy.v2.md
=== 2026-08-01T11:19:04+09:00 2026-07-14-video-the-ufo-cover-up-leads-to-one-secret-society-and-one-final.v2.md
Parsing record: 2026-07-14-video-the-ufo-cover-up-leads-to-one-secret-society-and-one-final.v2.md
Allowance ceiling: weekly 94% >= 88% start-line (ceiling 95 less 7 reserved for end-of-week verification and fixes)
  window resets at 2026-08-05T10:59:59.623275+00:00
  Not starting. Completed chunks are cached; resume is cheap.
--- rc=77 elapsed=4s 2026-07-14-video-the-ufo-cover-up-leads-to-one-secret-society-and-one-final.v2.md
    deferred (allowance): 2026-07-14-video-the-ufo-cover-up-leads-to-one-secret-society-and-one-final.v2.md
=== 2026-08-01T11:19:08+09:00 2026-01-02-video-the-alien-interview-tape-might-be-real-jon-stewart.v2.md
Parsing record: 2026-01-02-video-the-alien-interview-tape-might-be-real-jon-stewart.v2.md
Allowance ceiling: weekly 94% >= 88% start-line (ceiling 95 less 7 reserved for end-of-week verification and fixes)
  window resets at 2026-08-05T10:59:59.623275+00:00
  Not starting. Completed chunks are cached; resume is cheap.
--- rc=77 elapsed=2s 2026-01-02-video-the-alien-interview-tape-might-be-real-jon-stewart.v2.md
    deferred (allowance): 2026-01-02-video-the-alien-interview-tape-might-be-real-jon-stewart.v2.md
=== 2026-08-01T11:19:10+09:00 2026-03-13-video-the-alien-conclusion-according-to-50-years-of-research.v2.md
Parsing record: 2026-03-13-video-the-alien-conclusion-according-to-50-years-of-research.v2.md
Allowance ceiling: weekly 94% >= 88% start-line (ceiling 95 less 7 reserved for end-of-week verification and fixes)
  window resets at 2026-08-05T10:59:59.623275+00:00
  Not starting. Completed chunks are cached; resume is cheap.
--- rc=77 elapsed=5s 2026-03-13-video-the-alien-conclusion-according-to-50-years-of-research.v2.md
    deferred (allowance): 2026-03-13-video-the-alien-conclusion-according-to-50-years-of-research.v2.md
=== 2026-08-01T11:19:15+09:00 2025-12-12-video-army-radar-technician-reveals-alien-message-sfc-jeremy-cj.v2.md
Parsing record: 2025-12-12-video-army-radar-technician-reveals-alien-message-sfc-jeremy-cj.v2.md
Allowance ceiling: weekly 94% >= 88% start-line (ceiling 95 less 7 reserved for end-of-week verification and fixes)
  window resets at 2026-08-05T10:59:59.623275+00:00
  Not starting. Completed chunks are cached; resume is cheap.
--- rc=77 elapsed=4s 2025-12-12-video-army-radar-technician-reveals-alien-message-sfc-jeremy-cj.v2.md
    deferred (allowance): 2025-12-12-video-army-radar-technician-reveals-alien-message-sfc-jeremy-cj.v2.md
=== 2026-08-01T11:19:19+09:00 2025-01-17-video-the-alien-secret-majestic-12-debriefed-ep-22.v2.md
Parsing record: 2025-01-17-video-the-alien-secret-majestic-12-debriefed-ep-22.v2.md
Allowance ceiling: weekly 94% >= 93% start-line (ceiling 95 less 2 reserved for end-of-week verification and fixes)
  window resets at 2026-08-05T10:59:59.623275+00:00
  Not starting. Completed chunks are cached; resume is cheap.
--- rc=77 elapsed=2s 2025-01-17-video-the-alien-secret-majestic-12-debriefed-ep-22.v2.md
    deferred (allowance): 2025-01-17-video-the-alien-secret-majestic-12-debriefed-ep-22.v2.md
    non-book refused - nothing smaller can pass; parking early
    all remaining deferred by allowance; re-check in 600s
=== 2026-08-01T11:29:21+09:00 2026-07-14-video-is-there-a-ruined-civilization-on-mars-a-theoretical.v2.md
Parsing record: 2026-07-14-video-is-there-a-ruined-civilization-on-mars-a-theoretical.v2.md
Allowance ceiling: weekly 94% >= 88% start-line (ceiling 95 less 7 reserved for end-of-week verification and fixes)
  window resets at 2026-08-05T10:59:59.623275+00:00
  Not starting. Completed chunks are cached; resume is cheap.
--- rc=77 elapsed=20s 2026-07-14-video-is-there-a-ruined-civilization-on-mars-a-theoretical.v2.md
    deferred (allowance): 2026-07-14-video-is-there-a-ruined-civilization-on-mars-a-theoretical.v2.md
=== 2026-08-01T11:29:41+09:00 2026-07-17-video-jesse-michels-uapgerb-chris-ramsay-flying-saucer-diner.v2.md
Parsing record: 2026-07-17-video-jesse-michels-uapgerb-chris-ramsay-flying-saucer-diner.v2.md
Allowance ceiling: weekly 94% >= 88% start-line (ceiling 95 less 7 reserved for end-of-week verification and fixes)
  window resets at 2026-08-05T10:59:59.623275+00:00
  Not starting. Completed chunks are cached; resume is cheap.
--- rc=77 elapsed=20s 2026-07-17-video-jesse-michels-uapgerb-chris-ramsay-flying-saucer-diner.v2.md
    deferred (allowance): 2026-07-17-video-jesse-michels-uapgerb-chris-ramsay-flying-saucer-diner.v2.md
=== 2026-08-01T11:30:01+09:00 2026-07-24-video-the-terrible-truth-about-the-visitors-whitley-strieber-ep-96.v2.md
Parsing record: 2026-07-24-video-the-terrible-truth-about-the-visitors-whitley-strieber-ep-96.v2.md
Allowance ceiling: weekly 94% >= 88% start-line (ceiling 95 less 7 reserved for end-of-week verification and fixes)
  window resets at 2026-08-05T10:59:59.623275+00:00
  Not starting. Completed chunks are cached; resume is cheap.
--- rc=77 elapsed=19s 2026-07-24-video-the-terrible-truth-about-the-visitors-whitley-strieber-ep-96.v2.md
    deferred (allowance): 2026-07-24-video-the-terrible-truth-about-the-visitors-whitley-strieber-ep-96.v2.md
=== 2026-08-01T11:30:20+09:00 2026-07-20-video-proof-that-nasa-censored-moon-photos-and-the-astronauts-knew.v2.md
Parsing record: 2026-07-20-video-proof-that-nasa-censored-moon-photos-and-the-astronauts-knew.v2.md
Allowance ceiling: weekly 94% >= 88% start-line (ceiling 95 less 7 reserved for end-of-week verification and fixes)
  window resets at 2026-08-05T10:59:59.911367+00:00
  Not starting. Completed chunks are cached; resume is cheap.
--- rc=77 elapsed=12s 2026-07-20-video-proof-that-nasa-censored-moon-photos-and-the-astronauts-knew.v2.md
    deferred (allowance): 2026-07-20-video-proof-that-nasa-censored-moon-photos-and-the-astronauts-knew.v2.md
=== 2026-08-01T11:30:32+09:00 2026-06-05-video-the-crazy-story-that-made-him-quit-investigating-ufos-luigi.v2.md
Parsing record: 2026-06-05-video-the-crazy-story-that-made-him-quit-investigating-ufos-luigi.v2.md
Allowance ceiling: weekly 94% >= 88% start-line (ceiling 95 less 7 reserved for end-of-week verification and fixes)
  window resets at 2026-08-05T10:59:59.911367+00:00
  Not starting. Completed chunks are cached; resume is cheap.
--- rc=77 elapsed=3s 2026-06-05-video-the-crazy-story-that-made-him-quit-investigating-ufos-luigi.v2.md
    deferred (allowance): 2026-06-05-video-the-crazy-story-that-made-him-quit-investigating-ufos-luigi.v2.md
=== 2026-08-01T11:30:35+09:00 2026-02-20-video-the-dangerous-truth-about-ufos-ross-coulthart-debriefed-ep.v2.md
Parsing record: 2026-02-20-video-the-dangerous-truth-about-ufos-ross-coulthart-debriefed-ep.v2.md
Allowance ceiling: weekly 94% >= 88% start-line (ceiling 95 less 7 reserved for end-of-week verification and fixes)
  window resets at 2026-08-05T10:59:59.911367+00:00
  Not starting. Completed chunks are cached; resume is cheap.
--- rc=77 elapsed=3s 2026-02-20-video-the-dangerous-truth-about-ufos-ross-coulthart-debriefed-ep.v2.md
    deferred (allowance): 2026-02-20-video-the-dangerous-truth-about-ufos-ross-coulthart-debriefed-ep.v2.md
=== 2026-08-01T11:30:38+09:00 2026-04-03-video-aliens-angels-and-daemons-michael-phillip-debriefed-ep-82.v2.md
Parsing record: 2026-04-03-video-aliens-angels-and-daemons-michael-phillip-debriefed-ep-82.v2.md
Allowance ceiling: weekly 94% >= 88% start-line (ceiling 95 less 7 reserved for end-of-week verification and fixes)
  window resets at 2026-08-05T10:59:59.911367+00:00
  Not starting. Completed chunks are cached; resume is cheap.
--- rc=77 elapsed=2s 2026-04-03-video-aliens-angels-and-daemons-michael-phillip-debriefed-ep-82.v2.md
    deferred (allowance): 2026-04-03-video-aliens-angels-and-daemons-michael-phillip-debriefed-ep-82.v2.md
=== 2026-08-01T11:30:40+09:00 2026-05-15-video-new-leaked-document-mentions-surviving-aliens-jeremy.v2.md
Parsing record: 2026-05-15-video-new-leaked-document-mentions-surviving-aliens-jeremy.v2.md
Allowance ceiling: weekly 94% >= 88% start-line (ceiling 95 less 7 reserved for end-of-week verification and fixes)
  window resets at 2026-08-05T10:59:59.911367+00:00
  Not starting. Completed chunks are cached; resume is cheap.
--- rc=77 elapsed=19s 2026-05-15-video-new-leaked-document-mentions-surviving-aliens-jeremy.v2.md
    deferred (allowance): 2026-05-15-video-new-leaked-document-mentions-surviving-aliens-jeremy.v2.md
=== 2026-08-01T11:30:59+09:00 2026-07-14-video-the-ufo-cover-up-leads-to-one-secret-society-and-one-final.v2.md
Parsing record: 2026-07-14-video-the-ufo-cover-up-leads-to-one-secret-society-and-one-final.v2.md
Allowance ceiling: weekly 94% >= 88% start-line (ceiling 95 less 7 reserved for end-of-week verification and fixes)
  window resets at 2026-08-05T10:59:59.911367+00:00
  Not starting. Completed chunks are cached; resume is cheap.
--- rc=77 elapsed=2s 2026-07-14-video-the-ufo-cover-up-leads-to-one-secret-society-and-one-final.v2.md
    deferred (allowance): 2026-07-14-video-the-ufo-cover-up-leads-to-one-secret-society-and-one-final.v2.md
=== 2026-08-01T11:31:01+09:00 2026-01-02-video-the-alien-interview-tape-might-be-real-jon-stewart.v2.md
Parsing record: 2026-01-02-video-the-alien-interview-tape-might-be-real-jon-stewart.v2.md
Allowance ceiling: weekly 94% >= 88% start-line (ceiling 95 less 7 reserved for end-of-week verification and fixes)
  window resets at 2026-08-05T10:59:59.911367+00:00
  Not starting. Completed chunks are cached; resume is cheap.
--- rc=77 elapsed=10s 2026-01-02-video-the-alien-interview-tape-might-be-real-jon-stewart.v2.md
    deferred (allowance): 2026-01-02-video-the-alien-interview-tape-might-be-real-jon-stewart.v2.md
=== 2026-08-01T11:31:11+09:00 2026-03-13-video-the-alien-conclusion-according-to-50-years-of-research.v2.md
Parsing record: 2026-03-13-video-the-alien-conclusion-according-to-50-years-of-research.v2.md
Allowance ceiling: weekly 94% >= 88% start-line (ceiling 95 less 7 reserved for end-of-week verification and fixes)
  window resets at 2026-08-05T10:59:59.911367+00:00
  Not starting. Completed chunks are cached; resume is cheap.
--- rc=77 elapsed=9s 2026-03-13-video-the-alien-conclusion-according-to-50-years-of-research.v2.md
    deferred (allowance): 2026-03-13-video-the-alien-conclusion-according-to-50-years-of-research.v2.md
=== 2026-08-01T11:31:20+09:00 2025-12-12-video-army-radar-technician-reveals-alien-message-sfc-jeremy-cj.v2.md
Parsing record: 2025-12-12-video-army-radar-technician-reveals-alien-message-sfc-jeremy-cj.v2.md
Allowance ceiling: weekly 94% >= 88% start-line (ceiling 95 less 7 reserved for end-of-week verification and fixes)
  window resets at 2026-08-05T10:59:59.911367+00:00
  Not starting. Completed chunks are cached; resume is cheap.
--- rc=77 elapsed=9s 2025-12-12-video-army-radar-technician-reveals-alien-message-sfc-jeremy-cj.v2.md
    deferred (allowance): 2025-12-12-video-army-radar-technician-reveals-alien-message-sfc-jeremy-cj.v2.md
=== 2026-08-01T11:31:29+09:00 2025-01-17-video-the-alien-secret-majestic-12-debriefed-ep-22.v2.md
Parsing record: 2025-01-17-video-the-alien-secret-majestic-12-debriefed-ep-22.v2.md
Allowance ceiling: weekly 94% >= 93% start-line (ceiling 95 less 2 reserved for end-of-week verification and fixes)
  window resets at 2026-08-05T10:59:59.911367+00:00
  Not starting. Completed chunks are cached; resume is cheap.
--- rc=77 elapsed=2s 2025-01-17-video-the-alien-secret-majestic-12-debriefed-ep-22.v2.md
    deferred (allowance): 2025-01-17-video-the-alien-secret-majestic-12-debriefed-ep-22.v2.md
    non-book refused - nothing smaller can pass; parking early
    all remaining deferred by allowance; re-check in 600s
=== 2026-08-01T11:41:31+09:00 2026-07-14-video-is-there-a-ruined-civilization-on-mars-a-theoretical.v2.md
Parsing record: 2026-07-14-video-is-there-a-ruined-civilization-on-mars-a-theoretical.v2.md
Allowance ceiling: weekly 94% >= 88% start-line (ceiling 95 less 7 reserved for end-of-week verification and fixes)
  window resets at 2026-08-05T11:00:00.401323+00:00
  Not starting. Completed chunks are cached; resume is cheap.
--- rc=77 elapsed=4s 2026-07-14-video-is-there-a-ruined-civilization-on-mars-a-theoretical.v2.md
    deferred (allowance): 2026-07-14-video-is-there-a-ruined-civilization-on-mars-a-theoretical.v2.md
=== 2026-08-01T11:41:35+09:00 2026-07-17-video-jesse-michels-uapgerb-chris-ramsay-flying-saucer-diner.v2.md
Parsing record: 2026-07-17-video-jesse-michels-uapgerb-chris-ramsay-flying-saucer-diner.v2.md
Allowance ceiling: weekly 94% >= 88% start-line (ceiling 95 less 7 reserved for end-of-week verification and fixes)
  window resets at 2026-08-05T11:00:00.401323+00:00
  Not starting. Completed chunks are cached; resume is cheap.
--- rc=77 elapsed=2s 2026-07-17-video-jesse-michels-uapgerb-chris-ramsay-flying-saucer-diner.v2.md
    deferred (allowance): 2026-07-17-video-jesse-michels-uapgerb-chris-ramsay-flying-saucer-diner.v2.md
=== 2026-08-01T11:41:37+09:00 2026-07-24-video-the-terrible-truth-about-the-visitors-whitley-strieber-ep-96.v2.md
Parsing record: 2026-07-24-video-the-terrible-truth-about-the-visitors-whitley-strieber-ep-96.v2.md
Allowance ceiling: weekly 94% >= 88% start-line (ceiling 95 less 7 reserved for end-of-week verification and fixes)
  window resets at 2026-08-05T11:00:00.401323+00:00
  Not starting. Completed chunks are cached; resume is cheap.
--- rc=77 elapsed=2s 2026-07-24-video-the-terrible-truth-about-the-visitors-whitley-strieber-ep-96.v2.md
    deferred (allowance): 2026-07-24-video-the-terrible-truth-about-the-visitors-whitley-strieber-ep-96.v2.md
=== 2026-08-01T11:41:39+09:00 2026-07-20-video-proof-that-nasa-censored-moon-photos-and-the-astronauts-knew.v2.md
Parsing record: 2026-07-20-video-proof-that-nasa-censored-moon-photos-and-the-astronauts-knew.v2.md
Allowance ceiling: weekly 94% >= 88% start-line (ceiling 95 less 7 reserved for end-of-week verification and fixes)
  window resets at 2026-08-05T11:00:00.401323+00:00
  Not starting. Completed chunks are cached; resume is cheap.
--- rc=77 elapsed=3s 2026-07-20-video-proof-that-nasa-censored-moon-photos-and-the-astronauts-knew.v2.md
    deferred (allowance): 2026-07-20-video-proof-that-nasa-censored-moon-photos-and-the-astronauts-knew.v2.md
=== 2026-08-01T11:41:42+09:00 2026-06-05-video-the-crazy-story-that-made-him-quit-investigating-ufos-luigi.v2.md
Parsing record: 2026-06-05-video-the-crazy-story-that-made-him-quit-investigating-ufos-luigi.v2.md
Allowance ceiling: weekly 94% >= 88% start-line (ceiling 95 less 7 reserved for end-of-week verification and fixes)
  window resets at 2026-08-05T11:00:00.401323+00:00
  Not starting. Completed chunks are cached; resume is cheap.
--- rc=77 elapsed=18s 2026-06-05-video-the-crazy-story-that-made-him-quit-investigating-ufos-luigi.v2.md
    deferred (allowance): 2026-06-05-video-the-crazy-story-that-made-him-quit-investigating-ufos-luigi.v2.md
=== 2026-08-01T11:42:01+09:00 2026-02-20-video-the-dangerous-truth-about-ufos-ross-coulthart-debriefed-ep.v2.md
Parsing record: 2026-02-20-video-the-dangerous-truth-about-ufos-ross-coulthart-debriefed-ep.v2.md
Allowance ceiling: weekly 94% >= 88% start-line (ceiling 95 less 7 reserved for end-of-week verification and fixes)
  window resets at 2026-08-05T11:00:00.401323+00:00
  Not starting. Completed chunks are cached; resume is cheap.
--- rc=77 elapsed=9s 2026-02-20-video-the-dangerous-truth-about-ufos-ross-coulthart-debriefed-ep.v2.md
    deferred (allowance): 2026-02-20-video-the-dangerous-truth-about-ufos-ross-coulthart-debriefed-ep.v2.md
=== 2026-08-01T11:42:10+09:00 2026-04-03-video-aliens-angels-and-daemons-michael-phillip-debriefed-ep-82.v2.md
Parsing record: 2026-04-03-video-aliens-angels-and-daemons-michael-phillip-debriefed-ep-82.v2.md
Allowance ceiling: weekly 94% >= 88% start-line (ceiling 95 less 7 reserved for end-of-week verification and fixes)
  window resets at 2026-08-05T11:00:00.401323+00:00
  Not starting. Completed chunks are cached; resume is cheap.
--- rc=77 elapsed=9s 2026-04-03-video-aliens-angels-and-daemons-michael-phillip-debriefed-ep-82.v2.md
    deferred (allowance): 2026-04-03-video-aliens-angels-and-daemons-michael-phillip-debriefed-ep-82.v2.md
=== 2026-08-01T11:42:19+09:00 2026-05-15-video-new-leaked-document-mentions-surviving-aliens-jeremy.v2.md
Parsing record: 2026-05-15-video-new-leaked-document-mentions-surviving-aliens-jeremy.v2.md
Allowance ceiling: weekly 94% >= 88% start-line (ceiling 95 less 7 reserved for end-of-week verification and fixes)
  window resets at 2026-08-05T11:00:00.401323+00:00
  Not starting. Completed chunks are cached; resume is cheap.
--- rc=77 elapsed=10s 2026-05-15-video-new-leaked-document-mentions-surviving-aliens-jeremy.v2.md
    deferred (allowance): 2026-05-15-video-new-leaked-document-mentions-surviving-aliens-jeremy.v2.md
=== 2026-08-01T11:42:29+09:00 2026-07-14-video-the-ufo-cover-up-leads-to-one-secret-society-and-one-final.v2.md
Parsing record: 2026-07-14-video-the-ufo-cover-up-leads-to-one-secret-society-and-one-final.v2.md
Allowance ceiling: weekly 94% >= 88% start-line (ceiling 95 less 7 reserved for end-of-week verification and fixes)
  window resets at 2026-08-05T11:00:00.401323+00:00
  Not starting. Completed chunks are cached; resume is cheap.
--- rc=77 elapsed=2s 2026-07-14-video-the-ufo-cover-up-leads-to-one-secret-society-and-one-final.v2.md
    deferred (allowance): 2026-07-14-video-the-ufo-cover-up-leads-to-one-secret-society-and-one-final.v2.md
=== 2026-08-01T11:42:31+09:00 2026-01-02-video-the-alien-interview-tape-might-be-real-jon-stewart.v2.md
Parsing record: 2026-01-02-video-the-alien-interview-tape-might-be-real-jon-stewart.v2.md
Allowance ceiling: weekly 94% >= 88% start-line (ceiling 95 less 7 reserved for end-of-week verification and fixes)
  window resets at 2026-08-05T11:00:00.401323+00:00
  Not starting. Completed chunks are cached; resume is cheap.
--- rc=77 elapsed=2s 2026-01-02-video-the-alien-interview-tape-might-be-real-jon-stewart.v2.md
    deferred (allowance): 2026-01-02-video-the-alien-interview-tape-might-be-real-jon-stewart.v2.md
=== 2026-08-01T11:42:33+09:00 2026-03-13-video-the-alien-conclusion-according-to-50-years-of-research.v2.md
Parsing record: 2026-03-13-video-the-alien-conclusion-according-to-50-years-of-research.v2.md
Allowance ceiling: weekly 94% >= 88% start-line (ceiling 95 less 7 reserved for end-of-week verification and fixes)
  window resets at 2026-08-05T11:00:00.401323+00:00
  Not starting. Completed chunks are cached; resume is cheap.
--- rc=77 elapsed=3s 2026-03-13-video-the-alien-conclusion-according-to-50-years-of-research.v2.md
    deferred (allowance): 2026-03-13-video-the-alien-conclusion-according-to-50-years-of-research.v2.md
=== 2026-08-01T11:42:36+09:00 2025-12-12-video-army-radar-technician-reveals-alien-message-sfc-jeremy-cj.v2.md
Parsing record: 2025-12-12-video-army-radar-technician-reveals-alien-message-sfc-jeremy-cj.v2.md
Allowance ceiling: weekly 94% >= 88% start-line (ceiling 95 less 7 reserved for end-of-week verification and fixes)
  window resets at 2026-08-05T11:00:00.401323+00:00
  Not starting. Completed chunks are cached; resume is cheap.
--- rc=77 elapsed=4s 2025-12-12-video-army-radar-technician-reveals-alien-message-sfc-jeremy-cj.v2.md
    deferred (allowance): 2025-12-12-video-army-radar-technician-reveals-alien-message-sfc-jeremy-cj.v2.md
=== 2026-08-01T11:42:40+09:00 2025-01-17-video-the-alien-secret-majestic-12-debriefed-ep-22.v2.md
Parsing record: 2025-01-17-video-the-alien-secret-majestic-12-debriefed-ep-22.v2.md
Allowance ceiling: weekly 94% >= 93% start-line (ceiling 95 less 2 reserved for end-of-week verification and fixes)
  window resets at 2026-08-05T11:00:00.401323+00:00
  Not starting. Completed chunks are cached; resume is cheap.
--- rc=77 elapsed=17s 2025-01-17-video-the-alien-secret-majestic-12-debriefed-ep-22.v2.md
    deferred (allowance): 2025-01-17-video-the-alien-secret-majestic-12-debriefed-ep-22.v2.md
    non-book refused - nothing smaller can pass; parking early
    all remaining deferred by allowance; re-check in 600s
=== 2026-08-01T11:52:57+09:00 2026-07-14-video-is-there-a-ruined-civilization-on-mars-a-theoretical.v2.md
Parsing record: 2026-07-14-video-is-there-a-ruined-civilization-on-mars-a-theoretical.v2.md
Allowance ceiling: weekly 94% >= 88% start-line (ceiling 95 less 7 reserved for end-of-week verification and fixes)
  window resets at 2026-08-05T11:00:00.432084+00:00
  Not starting. Completed chunks are cached; resume is cheap.
--- rc=77 elapsed=2s 2026-07-14-video-is-there-a-ruined-civilization-on-mars-a-theoretical.v2.md
    deferred (allowance): 2026-07-14-video-is-there-a-ruined-civilization-on-mars-a-theoretical.v2.md
=== 2026-08-01T11:52:59+09:00 2026-07-17-video-jesse-michels-uapgerb-chris-ramsay-flying-saucer-diner.v2.md
Parsing record: 2026-07-17-video-jesse-michels-uapgerb-chris-ramsay-flying-saucer-diner.v2.md
Allowance ceiling: weekly 94% >= 88% start-line (ceiling 95 less 7 reserved for end-of-week verification and fixes)
  window resets at 2026-08-05T11:00:00.432084+00:00
  Not starting. Completed chunks are cached; resume is cheap.
--- rc=77 elapsed=9s 2026-07-17-video-jesse-michels-uapgerb-chris-ramsay-flying-saucer-diner.v2.md
    deferred (allowance): 2026-07-17-video-jesse-michels-uapgerb-chris-ramsay-flying-saucer-diner.v2.md
=== 2026-08-01T11:53:08+09:00 2026-07-24-video-the-terrible-truth-about-the-visitors-whitley-strieber-ep-96.v2.md
Parsing record: 2026-07-24-video-the-terrible-truth-about-the-visitors-whitley-strieber-ep-96.v2.md
Allowance ceiling: weekly 94% >= 88% start-line (ceiling 95 less 7 reserved for end-of-week verification and fixes)
  window resets at 2026-08-05T11:00:00.432084+00:00
  Not starting. Completed chunks are cached; resume is cheap.
--- rc=77 elapsed=2s 2026-07-24-video-the-terrible-truth-about-the-visitors-whitley-strieber-ep-96.v2.md
    deferred (allowance): 2026-07-24-video-the-terrible-truth-about-the-visitors-whitley-strieber-ep-96.v2.md
=== 2026-08-01T11:53:10+09:00 2026-07-20-video-proof-that-nasa-censored-moon-photos-and-the-astronauts-knew.v2.md
Parsing record: 2026-07-20-video-proof-that-nasa-censored-moon-photos-and-the-astronauts-knew.v2.md
Allowance ceiling: weekly 94% >= 88% start-line (ceiling 95 less 7 reserved for end-of-week verification and fixes)
  window resets at 2026-08-05T11:00:00.432084+00:00
  Not starting. Completed chunks are cached; resume is cheap.
--- rc=77 elapsed=8s 2026-07-20-video-proof-that-nasa-censored-moon-photos-and-the-astronauts-knew.v2.md
    deferred (allowance): 2026-07-20-video-proof-that-nasa-censored-moon-photos-and-the-astronauts-knew.v2.md
=== 2026-08-01T11:53:19+09:00 2026-06-05-video-the-crazy-story-that-made-him-quit-investigating-ufos-luigi.v2.md
Parsing record: 2026-06-05-video-the-crazy-story-that-made-him-quit-investigating-ufos-luigi.v2.md
Allowance ceiling: weekly 94% >= 88% start-line (ceiling 95 less 7 reserved for end-of-week verification and fixes)
  window resets at 2026-08-05T11:00:00.432084+00:00
  Not starting. Completed chunks are cached; resume is cheap.
--- rc=77 elapsed=9s 2026-06-05-video-the-crazy-story-that-made-him-quit-investigating-ufos-luigi.v2.md
    deferred (allowance): 2026-06-05-video-the-crazy-story-that-made-him-quit-investigating-ufos-luigi.v2.md
=== 2026-08-01T11:53:28+09:00 2026-02-20-video-the-dangerous-truth-about-ufos-ross-coulthart-debriefed-ep.v2.md
Parsing record: 2026-02-20-video-the-dangerous-truth-about-ufos-ross-coulthart-debriefed-ep.v2.md
Allowance ceiling: weekly 94% >= 88% start-line (ceiling 95 less 7 reserved for end-of-week verification and fixes)
  window resets at 2026-08-05T11:00:00.432084+00:00
  Not starting. Completed chunks are cached; resume is cheap.
--- rc=77 elapsed=3s 2026-02-20-video-the-dangerous-truth-about-ufos-ross-coulthart-debriefed-ep.v2.md
    deferred (allowance): 2026-02-20-video-the-dangerous-truth-about-ufos-ross-coulthart-debriefed-ep.v2.md
=== 2026-08-01T11:53:31+09:00 2026-04-03-video-aliens-angels-and-daemons-michael-phillip-debriefed-ep-82.v2.md
Parsing record: 2026-04-03-video-aliens-angels-and-daemons-michael-phillip-debriefed-ep-82.v2.md
Allowance ceiling: weekly 94% >= 88% start-line (ceiling 95 less 7 reserved for end-of-week verification and fixes)
  window resets at 2026-08-05T11:00:00.432084+00:00
  Not starting. Completed chunks are cached; resume is cheap.
--- rc=77 elapsed=5s 2026-04-03-video-aliens-angels-and-daemons-michael-phillip-debriefed-ep-82.v2.md
    deferred (allowance): 2026-04-03-video-aliens-angels-and-daemons-michael-phillip-debriefed-ep-82.v2.md
=== 2026-08-01T11:53:36+09:00 2026-05-15-video-new-leaked-document-mentions-surviving-aliens-jeremy.v2.md
Parsing record: 2026-05-15-video-new-leaked-document-mentions-surviving-aliens-jeremy.v2.md
Allowance ceiling: weekly 94% >= 88% start-line (ceiling 95 less 7 reserved for end-of-week verification and fixes)
  window resets at 2026-08-05T11:00:00.432084+00:00
  Not starting. Completed chunks are cached; resume is cheap.
--- rc=77 elapsed=2s 2026-05-15-video-new-leaked-document-mentions-surviving-aliens-jeremy.v2.md
    deferred (allowance): 2026-05-15-video-new-leaked-document-mentions-surviving-aliens-jeremy.v2.md
=== 2026-08-01T11:53:38+09:00 2026-07-14-video-the-ufo-cover-up-leads-to-one-secret-society-and-one-final.v2.md
Parsing record: 2026-07-14-video-the-ufo-cover-up-leads-to-one-secret-society-and-one-final.v2.md
Allowance ceiling: weekly 94% >= 88% start-line (ceiling 95 less 7 reserved for end-of-week verification and fixes)
  window resets at 2026-08-05T11:00:00.432084+00:00
  Not starting. Completed chunks are cached; resume is cheap.
--- rc=77 elapsed=2s 2026-07-14-video-the-ufo-cover-up-leads-to-one-secret-society-and-one-final.v2.md
    deferred (allowance): 2026-07-14-video-the-ufo-cover-up-leads-to-one-secret-society-and-one-final.v2.md
=== 2026-08-01T11:53:40+09:00 2026-01-02-video-the-alien-interview-tape-might-be-real-jon-stewart.v2.md
Parsing record: 2026-01-02-video-the-alien-interview-tape-might-be-real-jon-stewart.v2.md
Allowance ceiling: weekly 94% >= 88% start-line (ceiling 95 less 7 reserved for end-of-week verification and fixes)
  window resets at 2026-08-05T11:00:00.432084+00:00
  Not starting. Completed chunks are cached; resume is cheap.
--- rc=77 elapsed=18s 2026-01-02-video-the-alien-interview-tape-might-be-real-jon-stewart.v2.md
    deferred (allowance): 2026-01-02-video-the-alien-interview-tape-might-be-real-jon-stewart.v2.md
=== 2026-08-01T11:53:58+09:00 2026-03-13-video-the-alien-conclusion-according-to-50-years-of-research.v2.md
Parsing record: 2026-03-13-video-the-alien-conclusion-according-to-50-years-of-research.v2.md
Allowance ceiling: weekly 94% >= 88% start-line (ceiling 95 less 7 reserved for end-of-week verification and fixes)
  window resets at 2026-08-05T11:00:00.432084+00:00
  Not starting. Completed chunks are cached; resume is cheap.
--- rc=77 elapsed=2s 2026-03-13-video-the-alien-conclusion-according-to-50-years-of-research.v2.md
    deferred (allowance): 2026-03-13-video-the-alien-conclusion-according-to-50-years-of-research.v2.md
=== 2026-08-01T11:54:00+09:00 2025-12-12-video-army-radar-technician-reveals-alien-message-sfc-jeremy-cj.v2.md
Parsing record: 2025-12-12-video-army-radar-technician-reveals-alien-message-sfc-jeremy-cj.v2.md
Allowance ceiling: weekly 94% >= 88% start-line (ceiling 95 less 7 reserved for end-of-week verification and fixes)
  window resets at 2026-08-05T11:00:00.432084+00:00
  Not starting. Completed chunks are cached; resume is cheap.
--- rc=77 elapsed=10s 2025-12-12-video-army-radar-technician-reveals-alien-message-sfc-jeremy-cj.v2.md
    deferred (allowance): 2025-12-12-video-army-radar-technician-reveals-alien-message-sfc-jeremy-cj.v2.md
=== 2026-08-01T11:54:10+09:00 2025-01-17-video-the-alien-secret-majestic-12-debriefed-ep-22.v2.md
Parsing record: 2025-01-17-video-the-alien-secret-majestic-12-debriefed-ep-22.v2.md
Allowance ceiling: weekly 94% >= 93% start-line (ceiling 95 less 2 reserved for end-of-week verification and fixes)
  window resets at 2026-08-05T11:00:00.432084+00:00
  Not starting. Completed chunks are cached; resume is cheap.
--- rc=77 elapsed=10s 2025-01-17-video-the-alien-secret-majestic-12-debriefed-ep-22.v2.md
    deferred (allowance): 2025-01-17-video-the-alien-secret-majestic-12-debriefed-ep-22.v2.md
    non-book refused - nothing smaller can pass; parking early
    all remaining deferred by allowance; re-check in 600s
=== 2026-08-01T12:04:20+09:00 2026-07-14-video-is-there-a-ruined-civilization-on-mars-a-theoretical.v2.md
Parsing record: 2026-07-14-video-is-there-a-ruined-civilization-on-mars-a-theoretical.v2.md
Allowance ceiling: weekly 94% >= 88% start-line (ceiling 95 less 7 reserved for end-of-week verification and fixes)
  window resets at 2026-08-05T11:00:00.762559+00:00
  Not starting. Completed chunks are cached; resume is cheap.
--- rc=77 elapsed=17s 2026-07-14-video-is-there-a-ruined-civilization-on-mars-a-theoretical.v2.md
    deferred (allowance): 2026-07-14-video-is-there-a-ruined-civilization-on-mars-a-theoretical.v2.md
=== 2026-08-01T12:04:37+09:00 2026-07-17-video-jesse-michels-uapgerb-chris-ramsay-flying-saucer-diner.v2.md
Parsing record: 2026-07-17-video-jesse-michels-uapgerb-chris-ramsay-flying-saucer-diner.v2.md
Allowance ceiling: weekly 94% >= 88% start-line (ceiling 95 less 7 reserved for end-of-week verification and fixes)
  window resets at 2026-08-05T11:00:00.762559+00:00
  Not starting. Completed chunks are cached; resume is cheap.
--- rc=77 elapsed=3s 2026-07-17-video-jesse-michels-uapgerb-chris-ramsay-flying-saucer-diner.v2.md
    deferred (allowance): 2026-07-17-video-jesse-michels-uapgerb-chris-ramsay-flying-saucer-diner.v2.md
=== 2026-08-01T12:04:40+09:00 2026-07-24-video-the-terrible-truth-about-the-visitors-whitley-strieber-ep-96.v2.md
Parsing record: 2026-07-24-video-the-terrible-truth-about-the-visitors-whitley-strieber-ep-96.v2.md
Allowance ceiling: weekly 94% >= 88% start-line (ceiling 95 less 7 reserved for end-of-week verification and fixes)
  window resets at 2026-08-05T11:00:00.762559+00:00
  Not starting. Completed chunks are cached; resume is cheap.
--- rc=77 elapsed=16s 2026-07-24-video-the-terrible-truth-about-the-visitors-whitley-strieber-ep-96.v2.md
    deferred (allowance): 2026-07-24-video-the-terrible-truth-about-the-visitors-whitley-strieber-ep-96.v2.md
=== 2026-08-01T12:04:56+09:00 2026-07-20-video-proof-that-nasa-censored-moon-photos-and-the-astronauts-knew.v2.md
Parsing record: 2026-07-20-video-proof-that-nasa-censored-moon-photos-and-the-astronauts-knew.v2.md
Allowance ceiling: weekly 94% >= 88% start-line (ceiling 95 less 7 reserved for end-of-week verification and fixes)
  window resets at 2026-08-05T11:00:00.762559+00:00
  Not starting. Completed chunks are cached; resume is cheap.
--- rc=77 elapsed=2s 2026-07-20-video-proof-that-nasa-censored-moon-photos-and-the-astronauts-knew.v2.md
    deferred (allowance): 2026-07-20-video-proof-that-nasa-censored-moon-photos-and-the-astronauts-knew.v2.md
=== 2026-08-01T12:04:58+09:00 2026-06-05-video-the-crazy-story-that-made-him-quit-investigating-ufos-luigi.v2.md
Parsing record: 2026-06-05-video-the-crazy-story-that-made-him-quit-investigating-ufos-luigi.v2.md
Allowance ceiling: weekly 94% >= 88% start-line (ceiling 95 less 7 reserved for end-of-week verification and fixes)
  window resets at 2026-08-05T11:00:00.762559+00:00
  Not starting. Completed chunks are cached; resume is cheap.
--- rc=77 elapsed=3s 2026-06-05-video-the-crazy-story-that-made-him-quit-investigating-ufos-luigi.v2.md
    deferred (allowance): 2026-06-05-video-the-crazy-story-that-made-him-quit-investigating-ufos-luigi.v2.md
=== 2026-08-01T12:05:01+09:00 2026-02-20-video-the-dangerous-truth-about-ufos-ross-coulthart-debriefed-ep.v2.md
Parsing record: 2026-02-20-video-the-dangerous-truth-about-ufos-ross-coulthart-debriefed-ep.v2.md
Allowance ceiling: weekly 94% >= 88% start-line (ceiling 95 less 7 reserved for end-of-week verification and fixes)
  window resets at 2026-08-05T11:00:00.762559+00:00
  Not starting. Completed chunks are cached; resume is cheap.
--- rc=77 elapsed=9s 2026-02-20-video-the-dangerous-truth-about-ufos-ross-coulthart-debriefed-ep.v2.md
    deferred (allowance): 2026-02-20-video-the-dangerous-truth-about-ufos-ross-coulthart-debriefed-ep.v2.md
=== 2026-08-01T12:05:10+09:00 2026-04-03-video-aliens-angels-and-daemons-michael-phillip-debriefed-ep-82.v2.md
Parsing record: 2026-04-03-video-aliens-angels-and-daemons-michael-phillip-debriefed-ep-82.v2.md
Allowance ceiling: weekly 94% >= 88% start-line (ceiling 95 less 7 reserved for end-of-week verification and fixes)
  window resets at 2026-08-05T11:00:00.762559+00:00
  Not starting. Completed chunks are cached; resume is cheap.
--- rc=77 elapsed=4s 2026-04-03-video-aliens-angels-and-daemons-michael-phillip-debriefed-ep-82.v2.md
    deferred (allowance): 2026-04-03-video-aliens-angels-and-daemons-michael-phillip-debriefed-ep-82.v2.md
=== 2026-08-01T12:05:14+09:00 2026-05-15-video-new-leaked-document-mentions-surviving-aliens-jeremy.v2.md
Parsing record: 2026-05-15-video-new-leaked-document-mentions-surviving-aliens-jeremy.v2.md
Allowance ceiling: weekly 94% >= 88% start-line (ceiling 95 less 7 reserved for end-of-week verification and fixes)
  window resets at 2026-08-05T11:00:00.762559+00:00
  Not starting. Completed chunks are cached; resume is cheap.
--- rc=77 elapsed=3s 2026-05-15-video-new-leaked-document-mentions-surviving-aliens-jeremy.v2.md
    deferred (allowance): 2026-05-15-video-new-leaked-document-mentions-surviving-aliens-jeremy.v2.md
=== 2026-08-01T12:05:17+09:00 2026-07-14-video-the-ufo-cover-up-leads-to-one-secret-society-and-one-final.v2.md
Parsing record: 2026-07-14-video-the-ufo-cover-up-leads-to-one-secret-society-and-one-final.v2.md
Allowance ceiling: weekly 94% >= 88% start-line (ceiling 95 less 7 reserved for end-of-week verification and fixes)
  window resets at 2026-08-05T11:00:00.762559+00:00
  Not starting. Completed chunks are cached; resume is cheap.
--- rc=77 elapsed=2s 2026-07-14-video-the-ufo-cover-up-leads-to-one-secret-society-and-one-final.v2.md
    deferred (allowance): 2026-07-14-video-the-ufo-cover-up-leads-to-one-secret-society-and-one-final.v2.md
=== 2026-08-01T12:05:19+09:00 2026-01-02-video-the-alien-interview-tape-might-be-real-jon-stewart.v2.md
Parsing record: 2026-01-02-video-the-alien-interview-tape-might-be-real-jon-stewart.v2.md
Allowance ceiling: weekly 94% >= 88% start-line (ceiling 95 less 7 reserved for end-of-week verification and fixes)
  window resets at 2026-08-05T11:00:00.762559+00:00
  Not starting. Completed chunks are cached; resume is cheap.
--- rc=77 elapsed=2s 2026-01-02-video-the-alien-interview-tape-might-be-real-jon-stewart.v2.md
    deferred (allowance): 2026-01-02-video-the-alien-interview-tape-might-be-real-jon-stewart.v2.md
=== 2026-08-01T12:05:21+09:00 2026-03-13-video-the-alien-conclusion-according-to-50-years-of-research.v2.md
Parsing record: 2026-03-13-video-the-alien-conclusion-according-to-50-years-of-research.v2.md
Allowance ceiling: weekly 94% >= 88% start-line (ceiling 95 less 7 reserved for end-of-week verification and fixes)
  window resets at 2026-08-05T11:00:00.762559+00:00
  Not starting. Completed chunks are cached; resume is cheap.
--- rc=77 elapsed=10s 2026-03-13-video-the-alien-conclusion-according-to-50-years-of-research.v2.md
    deferred (allowance): 2026-03-13-video-the-alien-conclusion-according-to-50-years-of-research.v2.md
=== 2026-08-01T12:05:31+09:00 2025-12-12-video-army-radar-technician-reveals-alien-message-sfc-jeremy-cj.v2.md
Parsing record: 2025-12-12-video-army-radar-technician-reveals-alien-message-sfc-jeremy-cj.v2.md
Allowance ceiling: weekly 94% >= 88% start-line (ceiling 95 less 7 reserved for end-of-week verification and fixes)
  window resets at 2026-08-05T11:00:00.762559+00:00
  Not starting. Completed chunks are cached; resume is cheap.
--- rc=77 elapsed=3s 2025-12-12-video-army-radar-technician-reveals-alien-message-sfc-jeremy-cj.v2.md
    deferred (allowance): 2025-12-12-video-army-radar-technician-reveals-alien-message-sfc-jeremy-cj.v2.md
=== 2026-08-01T12:05:34+09:00 2025-01-17-video-the-alien-secret-majestic-12-debriefed-ep-22.v2.md
Parsing record: 2025-01-17-video-the-alien-secret-majestic-12-debriefed-ep-22.v2.md
Allowance ceiling: weekly 94% >= 93% start-line (ceiling 95 less 2 reserved for end-of-week verification and fixes)
  window resets at 2026-08-05T11:00:00.762559+00:00
  Not starting. Completed chunks are cached; resume is cheap.
--- rc=77 elapsed=3s 2025-01-17-video-the-alien-secret-majestic-12-debriefed-ep-22.v2.md
    deferred (allowance): 2025-01-17-video-the-alien-secret-majestic-12-debriefed-ep-22.v2.md
    non-book refused - nothing smaller can pass; parking early
    all remaining deferred by allowance; re-check in 600s
=== 2026-08-01T12:15:37+09:00 2026-07-14-video-is-there-a-ruined-civilization-on-mars-a-theoretical.v2.md
Parsing record: 2026-07-14-video-is-there-a-ruined-civilization-on-mars-a-theoretical.v2.md
Allowance ceiling: weekly 94% >= 88% start-line (ceiling 95 less 7 reserved for end-of-week verification and fixes)
  window resets at 2026-08-05T10:59:59.776619+00:00
  Not starting. Completed chunks are cached; resume is cheap.
--- rc=77 elapsed=2s 2026-07-14-video-is-there-a-ruined-civilization-on-mars-a-theoretical.v2.md
    deferred (allowance): 2026-07-14-video-is-there-a-ruined-civilization-on-mars-a-theoretical.v2.md
=== 2026-08-01T12:15:39+09:00 2026-07-17-video-jesse-michels-uapgerb-chris-ramsay-flying-saucer-diner.v2.md
Parsing record: 2026-07-17-video-jesse-michels-uapgerb-chris-ramsay-flying-saucer-diner.v2.md
Allowance ceiling: weekly 94% >= 88% start-line (ceiling 95 less 7 reserved for end-of-week verification and fixes)
  window resets at 2026-08-05T10:59:59.776619+00:00
  Not starting. Completed chunks are cached; resume is cheap.
--- rc=77 elapsed=17s 2026-07-17-video-jesse-michels-uapgerb-chris-ramsay-flying-saucer-diner.v2.md
    deferred (allowance): 2026-07-17-video-jesse-michels-uapgerb-chris-ramsay-flying-saucer-diner.v2.md
=== 2026-08-01T12:15:56+09:00 2026-07-24-video-the-terrible-truth-about-the-visitors-whitley-strieber-ep-96.v2.md
Parsing record: 2026-07-24-video-the-terrible-truth-about-the-visitors-whitley-strieber-ep-96.v2.md
Allowance ceiling: weekly 94% >= 88% start-line (ceiling 95 less 7 reserved for end-of-week verification and fixes)
  window resets at 2026-08-05T10:59:59.776619+00:00
  Not starting. Completed chunks are cached; resume is cheap.
--- rc=77 elapsed=3s 2026-07-24-video-the-terrible-truth-about-the-visitors-whitley-strieber-ep-96.v2.md
    deferred (allowance): 2026-07-24-video-the-terrible-truth-about-the-visitors-whitley-strieber-ep-96.v2.md
=== 2026-08-01T12:15:59+09:00 2026-07-20-video-proof-that-nasa-censored-moon-photos-and-the-astronauts-knew.v2.md
Parsing record: 2026-07-20-video-proof-that-nasa-censored-moon-photos-and-the-astronauts-knew.v2.md
Allowance ceiling: weekly 94% >= 88% start-line (ceiling 95 less 7 reserved for end-of-week verification and fixes)
  window resets at 2026-08-05T10:59:59.776619+00:00
  Not starting. Completed chunks are cached; resume is cheap.
--- rc=77 elapsed=2s 2026-07-20-video-proof-that-nasa-censored-moon-photos-and-the-astronauts-knew.v2.md
    deferred (allowance): 2026-07-20-video-proof-that-nasa-censored-moon-photos-and-the-astronauts-knew.v2.md
=== 2026-08-01T12:16:01+09:00 2026-06-05-video-the-crazy-story-that-made-him-quit-investigating-ufos-luigi.v2.md
Parsing record: 2026-06-05-video-the-crazy-story-that-made-him-quit-investigating-ufos-luigi.v2.md
Allowance ceiling: weekly 94% >= 88% start-line (ceiling 95 less 7 reserved for end-of-week verification and fixes)
  window resets at 2026-08-05T10:59:59.776619+00:00
  Not starting. Completed chunks are cached; resume is cheap.
--- rc=77 elapsed=10s 2026-06-05-video-the-crazy-story-that-made-him-quit-investigating-ufos-luigi.v2.md
    deferred (allowance): 2026-06-05-video-the-crazy-story-that-made-him-quit-investigating-ufos-luigi.v2.md
=== 2026-08-01T12:16:11+09:00 2026-02-20-video-the-dangerous-truth-about-ufos-ross-coulthart-debriefed-ep.v2.md
Parsing record: 2026-02-20-video-the-dangerous-truth-about-ufos-ross-coulthart-debriefed-ep.v2.md
Allowance ceiling: weekly 94% >= 88% start-line (ceiling 95 less 7 reserved for end-of-week verification and fixes)
  window resets at 2026-08-05T10:59:59.776619+00:00
  Not starting. Completed chunks are cached; resume is cheap.
--- rc=77 elapsed=9s 2026-02-20-video-the-dangerous-truth-about-ufos-ross-coulthart-debriefed-ep.v2.md
    deferred (allowance): 2026-02-20-video-the-dangerous-truth-about-ufos-ross-coulthart-debriefed-ep.v2.md
=== 2026-08-01T12:16:20+09:00 2026-04-03-video-aliens-angels-and-daemons-michael-phillip-debriefed-ep-82.v2.md
Parsing record: 2026-04-03-video-aliens-angels-and-daemons-michael-phillip-debriefed-ep-82.v2.md
Allowance ceiling: weekly 94% >= 88% start-line (ceiling 95 less 7 reserved for end-of-week verification and fixes)
  window resets at 2026-08-05T10:59:59.776619+00:00
  Not starting. Completed chunks are cached; resume is cheap.
--- rc=77 elapsed=9s 2026-04-03-video-aliens-angels-and-daemons-michael-phillip-debriefed-ep-82.v2.md
    deferred (allowance): 2026-04-03-video-aliens-angels-and-daemons-michael-phillip-debriefed-ep-82.v2.md
=== 2026-08-01T12:16:29+09:00 2026-05-15-video-new-leaked-document-mentions-surviving-aliens-jeremy.v2.md
Parsing record: 2026-05-15-video-new-leaked-document-mentions-surviving-aliens-jeremy.v2.md
Allowance ceiling: weekly 94% >= 88% start-line (ceiling 95 less 7 reserved for end-of-week verification and fixes)
  window resets at 2026-08-05T10:59:59.776619+00:00
  Not starting. Completed chunks are cached; resume is cheap.
--- rc=77 elapsed=2s 2026-05-15-video-new-leaked-document-mentions-surviving-aliens-jeremy.v2.md
    deferred (allowance): 2026-05-15-video-new-leaked-document-mentions-surviving-aliens-jeremy.v2.md
=== 2026-08-01T12:16:31+09:00 2026-07-14-video-the-ufo-cover-up-leads-to-one-secret-society-and-one-final.v2.md
Parsing record: 2026-07-14-video-the-ufo-cover-up-leads-to-one-secret-society-and-one-final.v2.md
Allowance ceiling: weekly 94% >= 88% start-line (ceiling 95 less 7 reserved for end-of-week verification and fixes)
  window resets at 2026-08-05T10:59:59.776619+00:00
  Not starting. Completed chunks are cached; resume is cheap.
--- rc=77 elapsed=3s 2026-07-14-video-the-ufo-cover-up-leads-to-one-secret-society-and-one-final.v2.md
    deferred (allowance): 2026-07-14-video-the-ufo-cover-up-leads-to-one-secret-society-and-one-final.v2.md
=== 2026-08-01T12:16:34+09:00 2026-01-02-video-the-alien-interview-tape-might-be-real-jon-stewart.v2.md
Parsing record: 2026-01-02-video-the-alien-interview-tape-might-be-real-jon-stewart.v2.md
Allowance ceiling: weekly 94% >= 88% start-line (ceiling 95 less 7 reserved for end-of-week verification and fixes)
  window resets at 2026-08-05T10:59:59.776619+00:00
  Not starting. Completed chunks are cached; resume is cheap.
--- rc=77 elapsed=2s 2026-01-02-video-the-alien-interview-tape-might-be-real-jon-stewart.v2.md
    deferred (allowance): 2026-01-02-video-the-alien-interview-tape-might-be-real-jon-stewart.v2.md
=== 2026-08-01T12:16:36+09:00 2026-03-13-video-the-alien-conclusion-according-to-50-years-of-research.v2.md
Parsing record: 2026-03-13-video-the-alien-conclusion-according-to-50-years-of-research.v2.md
Allowance ceiling: weekly 94% >= 88% start-line (ceiling 95 less 7 reserved for end-of-week verification and fixes)
  window resets at 2026-08-05T10:59:59.776619+00:00
  Not starting. Completed chunks are cached; resume is cheap.
--- rc=77 elapsed=3s 2026-03-13-video-the-alien-conclusion-according-to-50-years-of-research.v2.md
    deferred (allowance): 2026-03-13-video-the-alien-conclusion-according-to-50-years-of-research.v2.md
=== 2026-08-01T12:16:39+09:00 2025-12-12-video-army-radar-technician-reveals-alien-message-sfc-jeremy-cj.v2.md
Parsing record: 2025-12-12-video-army-radar-technician-reveals-alien-message-sfc-jeremy-cj.v2.md
Allowance ceiling: weekly 94% >= 88% start-line (ceiling 95 less 7 reserved for end-of-week verification and fixes)
  window resets at 2026-08-05T10:59:59.776619+00:00
  Not starting. Completed chunks are cached; resume is cheap.
--- rc=77 elapsed=2s 2025-12-12-video-army-radar-technician-reveals-alien-message-sfc-jeremy-cj.v2.md
    deferred (allowance): 2025-12-12-video-army-radar-technician-reveals-alien-message-sfc-jeremy-cj.v2.md
=== 2026-08-01T12:16:41+09:00 2025-01-17-video-the-alien-secret-majestic-12-debriefed-ep-22.v2.md
Parsing record: 2025-01-17-video-the-alien-secret-majestic-12-debriefed-ep-22.v2.md
Allowance ceiling: weekly 94% >= 93% start-line (ceiling 95 less 2 reserved for end-of-week verification and fixes)
  window resets at 2026-08-05T10:59:59.776619+00:00
  Not starting. Completed chunks are cached; resume is cheap.
--- rc=77 elapsed=17s 2025-01-17-video-the-alien-secret-majestic-12-debriefed-ep-22.v2.md
    deferred (allowance): 2025-01-17-video-the-alien-secret-majestic-12-debriefed-ep-22.v2.md
    non-book refused - nothing smaller can pass; parking early
    all remaining deferred by allowance; re-check in 600s
=== 2026-08-01T12:26:58+09:00 2026-07-14-video-is-there-a-ruined-civilization-on-mars-a-theoretical.v2.md
Parsing record: 2026-07-14-video-is-there-a-ruined-civilization-on-mars-a-theoretical.v2.md
Allowance ceiling: weekly 94% >= 88% start-line (ceiling 95 less 7 reserved for end-of-week verification and fixes)
  window resets at 2026-08-05T11:00:00.128112+00:00
  Not starting. Completed chunks are cached; resume is cheap.
--- rc=77 elapsed=2s 2026-07-14-video-is-there-a-ruined-civilization-on-mars-a-theoretical.v2.md
    deferred (allowance): 2026-07-14-video-is-there-a-ruined-civilization-on-mars-a-theoretical.v2.md
=== 2026-08-01T12:27:00+09:00 2026-07-17-video-jesse-michels-uapgerb-chris-ramsay-flying-saucer-diner.v2.md
Parsing record: 2026-07-17-video-jesse-michels-uapgerb-chris-ramsay-flying-saucer-diner.v2.md
Allowance ceiling: weekly 94% >= 88% start-line (ceiling 95 less 7 reserved for end-of-week verification and fixes)
  window resets at 2026-08-05T11:00:00.128112+00:00
  Not starting. Completed chunks are cached; resume is cheap.
--- rc=77 elapsed=9s 2026-07-17-video-jesse-michels-uapgerb-chris-ramsay-flying-saucer-diner.v2.md
    deferred (allowance): 2026-07-17-video-jesse-michels-uapgerb-chris-ramsay-flying-saucer-diner.v2.md
=== 2026-08-01T12:27:09+09:00 2026-07-24-video-the-terrible-truth-about-the-visitors-whitley-strieber-ep-96.v2.md
Parsing record: 2026-07-24-video-the-terrible-truth-about-the-visitors-whitley-strieber-ep-96.v2.md
Allowance ceiling: weekly 94% >= 88% start-line (ceiling 95 less 7 reserved for end-of-week verification and fixes)
  window resets at 2026-08-05T11:00:00.128112+00:00
  Not starting. Completed chunks are cached; resume is cheap.
--- rc=77 elapsed=9s 2026-07-24-video-the-terrible-truth-about-the-visitors-whitley-strieber-ep-96.v2.md
    deferred (allowance): 2026-07-24-video-the-terrible-truth-about-the-visitors-whitley-strieber-ep-96.v2.md
=== 2026-08-01T12:27:18+09:00 2026-07-20-video-proof-that-nasa-censored-moon-photos-and-the-astronauts-knew.v2.md
Parsing record: 2026-07-20-video-proof-that-nasa-censored-moon-photos-and-the-astronauts-knew.v2.md
Allowance ceiling: weekly 94% >= 88% start-line (ceiling 95 less 7 reserved for end-of-week verification and fixes)
  window resets at 2026-08-05T11:00:00.128112+00:00
  Not starting. Completed chunks are cached; resume is cheap.
--- rc=77 elapsed=3s 2026-07-20-video-proof-that-nasa-censored-moon-photos-and-the-astronauts-knew.v2.md
    deferred (allowance): 2026-07-20-video-proof-that-nasa-censored-moon-photos-and-the-astronauts-knew.v2.md
=== 2026-08-01T12:27:21+09:00 2026-06-05-video-the-crazy-story-that-made-him-quit-investigating-ufos-luigi.v2.md
Parsing record: 2026-06-05-video-the-crazy-story-that-made-him-quit-investigating-ufos-luigi.v2.md
Allowance ceiling: weekly 94% >= 88% start-line (ceiling 95 less 7 reserved for end-of-week verification and fixes)
  window resets at 2026-08-05T11:00:00.128112+00:00
  Not starting. Completed chunks are cached; resume is cheap.
--- rc=77 elapsed=19s 2026-06-05-video-the-crazy-story-that-made-him-quit-investigating-ufos-luigi.v2.md
    deferred (allowance): 2026-06-05-video-the-crazy-story-that-made-him-quit-investigating-ufos-luigi.v2.md
=== 2026-08-01T12:27:40+09:00 2026-02-20-video-the-dangerous-truth-about-ufos-ross-coulthart-debriefed-ep.v2.md
Parsing record: 2026-02-20-video-the-dangerous-truth-about-ufos-ross-coulthart-debriefed-ep.v2.md
Allowance ceiling: weekly 94% >= 88% start-line (ceiling 95 less 7 reserved for end-of-week verification and fixes)
  window resets at 2026-08-05T11:00:00.128112+00:00
  Not starting. Completed chunks are cached; resume is cheap.
--- rc=77 elapsed=18s 2026-02-20-video-the-dangerous-truth-about-ufos-ross-coulthart-debriefed-ep.v2.md
    deferred (allowance): 2026-02-20-video-the-dangerous-truth-about-ufos-ross-coulthart-debriefed-ep.v2.md
=== 2026-08-01T12:27:58+09:00 2026-04-03-video-aliens-angels-and-daemons-michael-phillip-debriefed-ep-82.v2.md
Parsing record: 2026-04-03-video-aliens-angels-and-daemons-michael-phillip-debriefed-ep-82.v2.md
Allowance ceiling: weekly 94% >= 88% start-line (ceiling 95 less 7 reserved for end-of-week verification and fixes)
  window resets at 2026-08-05T11:00:00.128112+00:00
  Not starting. Completed chunks are cached; resume is cheap.
--- rc=77 elapsed=10s 2026-04-03-video-aliens-angels-and-daemons-michael-phillip-debriefed-ep-82.v2.md
    deferred (allowance): 2026-04-03-video-aliens-angels-and-daemons-michael-phillip-debriefed-ep-82.v2.md
=== 2026-08-01T12:28:08+09:00 2026-05-15-video-new-leaked-document-mentions-surviving-aliens-jeremy.v2.md
Parsing record: 2026-05-15-video-new-leaked-document-mentions-surviving-aliens-jeremy.v2.md
Allowance ceiling: weekly 94% >= 88% start-line (ceiling 95 less 7 reserved for end-of-week verification and fixes)
  window resets at 2026-08-05T11:00:00.128112+00:00
  Not starting. Completed chunks are cached; resume is cheap.
--- rc=77 elapsed=2s 2026-05-15-video-new-leaked-document-mentions-surviving-aliens-jeremy.v2.md
    deferred (allowance): 2026-05-15-video-new-leaked-document-mentions-surviving-aliens-jeremy.v2.md
=== 2026-08-01T12:28:10+09:00 2026-07-14-video-the-ufo-cover-up-leads-to-one-secret-society-and-one-final.v2.md
Parsing record: 2026-07-14-video-the-ufo-cover-up-leads-to-one-secret-society-and-one-final.v2.md
Allowance ceiling: weekly 94% >= 88% start-line (ceiling 95 less 7 reserved for end-of-week verification and fixes)
  window resets at 2026-08-05T11:00:00.128112+00:00
  Not starting. Completed chunks are cached; resume is cheap.
--- rc=77 elapsed=5s 2026-07-14-video-the-ufo-cover-up-leads-to-one-secret-society-and-one-final.v2.md
    deferred (allowance): 2026-07-14-video-the-ufo-cover-up-leads-to-one-secret-society-and-one-final.v2.md
=== 2026-08-01T12:28:15+09:00 2026-01-02-video-the-alien-interview-tape-might-be-real-jon-stewart.v2.md
Parsing record: 2026-01-02-video-the-alien-interview-tape-might-be-real-jon-stewart.v2.md
Allowance ceiling: weekly 94% >= 88% start-line (ceiling 95 less 7 reserved for end-of-week verification and fixes)
  window resets at 2026-08-05T11:00:00.128112+00:00
  Not starting. Completed chunks are cached; resume is cheap.
--- rc=77 elapsed=2s 2026-01-02-video-the-alien-interview-tape-might-be-real-jon-stewart.v2.md
    deferred (allowance): 2026-01-02-video-the-alien-interview-tape-might-be-real-jon-stewart.v2.md
=== 2026-08-01T12:28:17+09:00 2026-03-13-video-the-alien-conclusion-according-to-50-years-of-research.v2.md
Parsing record: 2026-03-13-video-the-alien-conclusion-according-to-50-years-of-research.v2.md
Allowance ceiling: weekly 94% >= 88% start-line (ceiling 95 less 7 reserved for end-of-week verification and fixes)
  window resets at 2026-08-05T11:00:00.128112+00:00
  Not starting. Completed chunks are cached; resume is cheap.
--- rc=77 elapsed=2s 2026-03-13-video-the-alien-conclusion-according-to-50-years-of-research.v2.md
    deferred (allowance): 2026-03-13-video-the-alien-conclusion-according-to-50-years-of-research.v2.md
=== 2026-08-01T12:28:19+09:00 2025-12-12-video-army-radar-technician-reveals-alien-message-sfc-jeremy-cj.v2.md
Parsing record: 2025-12-12-video-army-radar-technician-reveals-alien-message-sfc-jeremy-cj.v2.md
Allowance ceiling: weekly 94% >= 88% start-line (ceiling 95 less 7 reserved for end-of-week verification and fixes)
  window resets at 2026-08-05T11:00:00.128112+00:00
  Not starting. Completed chunks are cached; resume is cheap.
--- rc=77 elapsed=5s 2025-12-12-video-army-radar-technician-reveals-alien-message-sfc-jeremy-cj.v2.md
    deferred (allowance): 2025-12-12-video-army-radar-technician-reveals-alien-message-sfc-jeremy-cj.v2.md
=== 2026-08-01T12:28:24+09:00 2025-01-17-video-the-alien-secret-majestic-12-debriefed-ep-22.v2.md
Parsing record: 2025-01-17-video-the-alien-secret-majestic-12-debriefed-ep-22.v2.md
Allowance ceiling: weekly 94% >= 93% start-line (ceiling 95 less 2 reserved for end-of-week verification and fixes)
  window resets at 2026-08-05T11:00:00.128112+00:00
  Not starting. Completed chunks are cached; resume is cheap.
--- rc=77 elapsed=4s 2025-01-17-video-the-alien-secret-majestic-12-debriefed-ep-22.v2.md
    deferred (allowance): 2025-01-17-video-the-alien-secret-majestic-12-debriefed-ep-22.v2.md
    non-book refused - nothing smaller can pass; parking early
    all remaining deferred by allowance; re-check in 600s
=== 2026-08-01T12:38:28+09:00 2026-07-14-video-is-there-a-ruined-civilization-on-mars-a-theoretical.v2.md
Parsing record: 2026-07-14-video-is-there-a-ruined-civilization-on-mars-a-theoretical.v2.md
Allowance ceiling: weekly 94% >= 88% start-line (ceiling 95 less 7 reserved for end-of-week verification and fixes)
  window resets at 2026-08-05T10:59:59.191103+00:00
  Not starting. Completed chunks are cached; resume is cheap.
--- rc=77 elapsed=2s 2026-07-14-video-is-there-a-ruined-civilization-on-mars-a-theoretical.v2.md
    deferred (allowance): 2026-07-14-video-is-there-a-ruined-civilization-on-mars-a-theoretical.v2.md
=== 2026-08-01T12:38:30+09:00 2026-07-17-video-jesse-michels-uapgerb-chris-ramsay-flying-saucer-diner.v2.md
Parsing record: 2026-07-17-video-jesse-michels-uapgerb-chris-ramsay-flying-saucer-diner.v2.md
Allowance ceiling: weekly 94% >= 88% start-line (ceiling 95 less 7 reserved for end-of-week verification and fixes)
  window resets at 2026-08-05T10:59:59.191103+00:00
  Not starting. Completed chunks are cached; resume is cheap.
--- rc=77 elapsed=3s 2026-07-17-video-jesse-michels-uapgerb-chris-ramsay-flying-saucer-diner.v2.md
    deferred (allowance): 2026-07-17-video-jesse-michels-uapgerb-chris-ramsay-flying-saucer-diner.v2.md
=== 2026-08-01T12:38:33+09:00 2026-07-24-video-the-terrible-truth-about-the-visitors-whitley-strieber-ep-96.v2.md
Parsing record: 2026-07-24-video-the-terrible-truth-about-the-visitors-whitley-strieber-ep-96.v2.md
Allowance ceiling: weekly 94% >= 88% start-line (ceiling 95 less 7 reserved for end-of-week verification and fixes)
  window resets at 2026-08-05T10:59:59.191103+00:00
  Not starting. Completed chunks are cached; resume is cheap.
--- rc=77 elapsed=2s 2026-07-24-video-the-terrible-truth-about-the-visitors-whitley-strieber-ep-96.v2.md
    deferred (allowance): 2026-07-24-video-the-terrible-truth-about-the-visitors-whitley-strieber-ep-96.v2.md
=== 2026-08-01T12:38:35+09:00 2026-07-20-video-proof-that-nasa-censored-moon-photos-and-the-astronauts-knew.v2.md
Parsing record: 2026-07-20-video-proof-that-nasa-censored-moon-photos-and-the-astronauts-knew.v2.md
Allowance ceiling: weekly 94% >= 88% start-line (ceiling 95 less 7 reserved for end-of-week verification and fixes)
  window resets at 2026-08-05T10:59:59.191103+00:00
  Not starting. Completed chunks are cached; resume is cheap.
--- rc=77 elapsed=3s 2026-07-20-video-proof-that-nasa-censored-moon-photos-and-the-astronauts-knew.v2.md
    deferred (allowance): 2026-07-20-video-proof-that-nasa-censored-moon-photos-and-the-astronauts-knew.v2.md
=== 2026-08-01T12:38:38+09:00 2026-06-05-video-the-crazy-story-that-made-him-quit-investigating-ufos-luigi.v2.md
Parsing record: 2026-06-05-video-the-crazy-story-that-made-him-quit-investigating-ufos-luigi.v2.md
Allowance ceiling: weekly 94% >= 88% start-line (ceiling 95 less 7 reserved for end-of-week verification and fixes)
  window resets at 2026-08-05T10:59:59.191103+00:00
  Not starting. Completed chunks are cached; resume is cheap.
--- rc=77 elapsed=2s 2026-06-05-video-the-crazy-story-that-made-him-quit-investigating-ufos-luigi.v2.md
    deferred (allowance): 2026-06-05-video-the-crazy-story-that-made-him-quit-investigating-ufos-luigi.v2.md
=== 2026-08-01T12:38:40+09:00 2026-02-20-video-the-dangerous-truth-about-ufos-ross-coulthart-debriefed-ep.v2.md
Parsing record: 2026-02-20-video-the-dangerous-truth-about-ufos-ross-coulthart-debriefed-ep.v2.md
Allowance ceiling: weekly 94% >= 88% start-line (ceiling 95 less 7 reserved for end-of-week verification and fixes)
  window resets at 2026-08-05T10:59:59.191103+00:00
  Not starting. Completed chunks are cached; resume is cheap.
--- rc=77 elapsed=17s 2026-02-20-video-the-dangerous-truth-about-ufos-ross-coulthart-debriefed-ep.v2.md
    deferred (allowance): 2026-02-20-video-the-dangerous-truth-about-ufos-ross-coulthart-debriefed-ep.v2.md
=== 2026-08-01T12:38:57+09:00 2026-04-03-video-aliens-angels-and-daemons-michael-phillip-debriefed-ep-82.v2.md
Parsing record: 2026-04-03-video-aliens-angels-and-daemons-michael-phillip-debriefed-ep-82.v2.md
Allowance ceiling: weekly 94% >= 88% start-line (ceiling 95 less 7 reserved for end-of-week verification and fixes)
  window resets at 2026-08-05T10:59:59.191103+00:00
  Not starting. Completed chunks are cached; resume is cheap.
--- rc=77 elapsed=12s 2026-04-03-video-aliens-angels-and-daemons-michael-phillip-debriefed-ep-82.v2.md
    deferred (allowance): 2026-04-03-video-aliens-angels-and-daemons-michael-phillip-debriefed-ep-82.v2.md
=== 2026-08-01T12:39:09+09:00 2026-05-15-video-new-leaked-document-mentions-surviving-aliens-jeremy.v2.md
Parsing record: 2026-05-15-video-new-leaked-document-mentions-surviving-aliens-jeremy.v2.md
Allowance ceiling: weekly 94% >= 88% start-line (ceiling 95 less 7 reserved for end-of-week verification and fixes)
  window resets at 2026-08-05T10:59:59.191103+00:00
  Not starting. Completed chunks are cached; resume is cheap.
--- rc=77 elapsed=9s 2026-05-15-video-new-leaked-document-mentions-surviving-aliens-jeremy.v2.md
    deferred (allowance): 2026-05-15-video-new-leaked-document-mentions-surviving-aliens-jeremy.v2.md
=== 2026-08-01T12:39:18+09:00 2026-07-14-video-the-ufo-cover-up-leads-to-one-secret-society-and-one-final.v2.md
Parsing record: 2026-07-14-video-the-ufo-cover-up-leads-to-one-secret-society-and-one-final.v2.md
Allowance ceiling: weekly 94% >= 88% start-line (ceiling 95 less 7 reserved for end-of-week verification and fixes)
  window resets at 2026-08-05T10:59:59.191103+00:00
  Not starting. Completed chunks are cached; resume is cheap.
--- rc=77 elapsed=2s 2026-07-14-video-the-ufo-cover-up-leads-to-one-secret-society-and-one-final.v2.md
    deferred (allowance): 2026-07-14-video-the-ufo-cover-up-leads-to-one-secret-society-and-one-final.v2.md
=== 2026-08-01T12:39:20+09:00 2026-01-02-video-the-alien-interview-tape-might-be-real-jon-stewart.v2.md
Parsing record: 2026-01-02-video-the-alien-interview-tape-might-be-real-jon-stewart.v2.md
Allowance ceiling: weekly 94% >= 88% start-line (ceiling 95 less 7 reserved for end-of-week verification and fixes)
  window resets at 2026-08-05T10:59:59.191103+00:00
  Not starting. Completed chunks are cached; resume is cheap.
--- rc=77 elapsed=9s 2026-01-02-video-the-alien-interview-tape-might-be-real-jon-stewart.v2.md
    deferred (allowance): 2026-01-02-video-the-alien-interview-tape-might-be-real-jon-stewart.v2.md
=== 2026-08-01T12:39:29+09:00 2026-03-13-video-the-alien-conclusion-according-to-50-years-of-research.v2.md
Parsing record: 2026-03-13-video-the-alien-conclusion-according-to-50-years-of-research.v2.md
Allowance ceiling: weekly 94% >= 88% start-line (ceiling 95 less 7 reserved for end-of-week verification and fixes)
  window resets at 2026-08-05T10:59:59.191103+00:00
  Not starting. Completed chunks are cached; resume is cheap.
--- rc=77 elapsed=3s 2026-03-13-video-the-alien-conclusion-according-to-50-years-of-research.v2.md
    deferred (allowance): 2026-03-13-video-the-alien-conclusion-according-to-50-years-of-research.v2.md
=== 2026-08-01T12:39:32+09:00 2025-12-12-video-army-radar-technician-reveals-alien-message-sfc-jeremy-cj.v2.md
Parsing record: 2025-12-12-video-army-radar-technician-reveals-alien-message-sfc-jeremy-cj.v2.md
Allowance ceiling: weekly 94% >= 88% start-line (ceiling 95 less 7 reserved for end-of-week verification and fixes)
  window resets at 2026-08-05T10:59:59.191103+00:00
  Not starting. Completed chunks are cached; resume is cheap.
--- rc=77 elapsed=3s 2025-12-12-video-army-radar-technician-reveals-alien-message-sfc-jeremy-cj.v2.md
    deferred (allowance): 2025-12-12-video-army-radar-technician-reveals-alien-message-sfc-jeremy-cj.v2.md
=== 2026-08-01T12:39:35+09:00 2001-04-13-web-clarke-s-believe-it-or-not.md
Usage: python -m digester.cli extract [OPTIONS] FILE_PATH
Try 'python -m digester.cli extract --help' for help.

Error: Invalid value for 'FILE_PATH': Path '/home/mark/repos/anomalica/ingests/records/2001-04-13-web-clarke-s-believe-it-or-not.md' does not exist.
--- rc=2 elapsed=0s 2001-04-13-web-clarke-s-believe-it-or-not.md
    strike 1/2 on 2001-04-13-web-clarke-s-believe-it-or-not.md
=== 2026-08-01T12:39:35+09:00 2001-04-13-web-clarke-s-believe-it-or-not.md
Usage: python -m digester.cli extract [OPTIONS] FILE_PATH
Try 'python -m digester.cli extract --help' for help.

Error: Invalid value for 'FILE_PATH': Path '/home/mark/repos/anomalica/ingests/records/2001-04-13-web-clarke-s-believe-it-or-not.md' does not exist.
--- rc=2 elapsed=1s 2001-04-13-web-clarke-s-believe-it-or-not.md
    strike 2/2 on 2001-04-13-web-clarke-s-believe-it-or-not.md
=== 2026-08-01T12:39:36+09:00 2025-01-17-video-the-alien-secret-majestic-12-debriefed-ep-22.v2.md
Parsing record: 2025-01-17-video-the-alien-secret-majestic-12-debriefed-ep-22.v2.md
Allowance ceiling: weekly 94% >= 93% start-line (ceiling 95 less 2 reserved for end-of-week verification and fixes)
  window resets at 2026-08-05T10:59:59.191103+00:00
  Not starting. Completed chunks are cached; resume is cheap.
--- rc=77 elapsed=2s 2025-01-17-video-the-alien-secret-majestic-12-debriefed-ep-22.v2.md
    deferred (allowance): 2025-01-17-video-the-alien-secret-majestic-12-debriefed-ep-22.v2.md
    non-book refused - nothing smaller can pass; parking early
    all remaining deferred by allowance; re-check in 600s
=== 2026-08-01T12:49:38+09:00 2026-07-14-video-is-there-a-ruined-civilization-on-mars-a-theoretical.v2.md
Parsing record: 2026-07-14-video-is-there-a-ruined-civilization-on-mars-a-theoretical.v2.md
Allowance ceiling: weekly 94% >= 88% start-line (ceiling 95 less 7 reserved for end-of-week verification and fixes)
  window resets at 2026-08-05T11:00:00.130261+00:00
  Not starting. Completed chunks are cached; resume is cheap.
--- rc=77 elapsed=3s 2026-07-14-video-is-there-a-ruined-civilization-on-mars-a-theoretical.v2.md
    deferred (allowance): 2026-07-14-video-is-there-a-ruined-civilization-on-mars-a-theoretical.v2.md
=== 2026-08-01T12:49:41+09:00 2026-07-17-video-jesse-michels-uapgerb-chris-ramsay-flying-saucer-diner.v2.md
Parsing record: 2026-07-17-video-jesse-michels-uapgerb-chris-ramsay-flying-saucer-diner.v2.md
Allowance ceiling: weekly 94% >= 88% start-line (ceiling 95 less 7 reserved for end-of-week verification and fixes)
  window resets at 2026-08-05T11:00:00.130261+00:00
  Not starting. Completed chunks are cached; resume is cheap.
--- rc=77 elapsed=16s 2026-07-17-video-jesse-michels-uapgerb-chris-ramsay-flying-saucer-diner.v2.md
    deferred (allowance): 2026-07-17-video-jesse-michels-uapgerb-chris-ramsay-flying-saucer-diner.v2.md
=== 2026-08-01T12:49:57+09:00 2026-07-24-video-the-terrible-truth-about-the-visitors-whitley-strieber-ep-96.v2.md
Parsing record: 2026-07-24-video-the-terrible-truth-about-the-visitors-whitley-strieber-ep-96.v2.md
Allowance ceiling: weekly 94% >= 88% start-line (ceiling 95 less 7 reserved for end-of-week verification and fixes)
  window resets at 2026-08-05T11:00:00.130261+00:00
  Not starting. Completed chunks are cached; resume is cheap.
--- rc=77 elapsed=3s 2026-07-24-video-the-terrible-truth-about-the-visitors-whitley-strieber-ep-96.v2.md
    deferred (allowance): 2026-07-24-video-the-terrible-truth-about-the-visitors-whitley-strieber-ep-96.v2.md
=== 2026-08-01T12:50:00+09:00 2026-07-20-video-proof-that-nasa-censored-moon-photos-and-the-astronauts-knew.v2.md
Parsing record: 2026-07-20-video-proof-that-nasa-censored-moon-photos-and-the-astronauts-knew.v2.md
Allowance ceiling: weekly 94% >= 88% start-line (ceiling 95 less 7 reserved for end-of-week verification and fixes)
  window resets at 2026-08-05T11:00:00.130261+00:00
  Not starting. Completed chunks are cached; resume is cheap.
--- rc=77 elapsed=18s 2026-07-20-video-proof-that-nasa-censored-moon-photos-and-the-astronauts-knew.v2.md
    deferred (allowance): 2026-07-20-video-proof-that-nasa-censored-moon-photos-and-the-astronauts-knew.v2.md
=== 2026-08-01T12:50:18+09:00 2026-06-05-video-the-crazy-story-that-made-him-quit-investigating-ufos-luigi.v2.md
Parsing record: 2026-06-05-video-the-crazy-story-that-made-him-quit-investigating-ufos-luigi.v2.md
Allowance ceiling: weekly 94% >= 88% start-line (ceiling 95 less 7 reserved for end-of-week verification and fixes)
  window resets at 2026-08-05T11:00:00.130261+00:00
  Not starting. Completed chunks are cached; resume is cheap.
--- rc=77 elapsed=2s 2026-06-05-video-the-crazy-story-that-made-him-quit-investigating-ufos-luigi.v2.md
    deferred (allowance): 2026-06-05-video-the-crazy-story-that-made-him-quit-investigating-ufos-luigi.v2.md
=== 2026-08-01T12:50:20+09:00 2026-02-20-video-the-dangerous-truth-about-ufos-ross-coulthart-debriefed-ep.v2.md
Parsing record: 2026-02-20-video-the-dangerous-truth-about-ufos-ross-coulthart-debriefed-ep.v2.md
Allowance ceiling: weekly 94% >= 88% start-line (ceiling 95 less 7 reserved for end-of-week verification and fixes)
  window resets at 2026-08-05T11:00:00.130261+00:00
  Not starting. Completed chunks are cached; resume is cheap.
--- rc=77 elapsed=9s 2026-02-20-video-the-dangerous-truth-about-ufos-ross-coulthart-debriefed-ep.v2.md
    deferred (allowance): 2026-02-20-video-the-dangerous-truth-about-ufos-ross-coulthart-debriefed-ep.v2.md
=== 2026-08-01T12:50:29+09:00 2026-04-03-video-aliens-angels-and-daemons-michael-phillip-debriefed-ep-82.v2.md
Parsing record: 2026-04-03-video-aliens-angels-and-daemons-michael-phillip-debriefed-ep-82.v2.md
Allowance ceiling: weekly 94% >= 88% start-line (ceiling 95 less 7 reserved for end-of-week verification and fixes)
  window resets at 2026-08-05T11:00:00.130261+00:00
  Not starting. Completed chunks are cached; resume is cheap.
--- rc=77 elapsed=2s 2026-04-03-video-aliens-angels-and-daemons-michael-phillip-debriefed-ep-82.v2.md
    deferred (allowance): 2026-04-03-video-aliens-angels-and-daemons-michael-phillip-debriefed-ep-82.v2.md
=== 2026-08-01T12:50:31+09:00 2026-05-15-video-new-leaked-document-mentions-surviving-aliens-jeremy.v2.md
Parsing record: 2026-05-15-video-new-leaked-document-mentions-surviving-aliens-jeremy.v2.md
Allowance ceiling: weekly 94% >= 88% start-line (ceiling 95 less 7 reserved for end-of-week verification and fixes)
  window resets at 2026-08-05T11:00:00.130261+00:00
  Not starting. Completed chunks are cached; resume is cheap.
--- rc=77 elapsed=3s 2026-05-15-video-new-leaked-document-mentions-surviving-aliens-jeremy.v2.md
    deferred (allowance): 2026-05-15-video-new-leaked-document-mentions-surviving-aliens-jeremy.v2.md
=== 2026-08-01T12:50:34+09:00 2026-07-14-video-the-ufo-cover-up-leads-to-one-secret-society-and-one-final.v2.md
Parsing record: 2026-07-14-video-the-ufo-cover-up-leads-to-one-secret-society-and-one-final.v2.md
Allowance ceiling: weekly 94% >= 88% start-line (ceiling 95 less 7 reserved for end-of-week verification and fixes)
  window resets at 2026-08-05T11:00:00.130261+00:00
  Not starting. Completed chunks are cached; resume is cheap.
--- rc=77 elapsed=2s 2026-07-14-video-the-ufo-cover-up-leads-to-one-secret-society-and-one-final.v2.md
    deferred (allowance): 2026-07-14-video-the-ufo-cover-up-leads-to-one-secret-society-and-one-final.v2.md
=== 2026-08-01T12:50:36+09:00 2026-01-02-video-the-alien-interview-tape-might-be-real-jon-stewart.v2.md
Parsing record: 2026-01-02-video-the-alien-interview-tape-might-be-real-jon-stewart.v2.md
Allowance ceiling: weekly 94% >= 88% start-line (ceiling 95 less 7 reserved for end-of-week verification and fixes)
  window resets at 2026-08-05T11:00:00.130261+00:00
  Not starting. Completed chunks are cached; resume is cheap.
--- rc=77 elapsed=2s 2026-01-02-video-the-alien-interview-tape-might-be-real-jon-stewart.v2.md
    deferred (allowance): 2026-01-02-video-the-alien-interview-tape-might-be-real-jon-stewart.v2.md
=== 2026-08-01T12:50:38+09:00 2026-03-13-video-the-alien-conclusion-according-to-50-years-of-research.v2.md
Parsing record: 2026-03-13-video-the-alien-conclusion-according-to-50-years-of-research.v2.md
Allowance ceiling: weekly 94% >= 88% start-line (ceiling 95 less 7 reserved for end-of-week verification and fixes)
  window resets at 2026-08-05T11:00:00.130261+00:00
  Not starting. Completed chunks are cached; resume is cheap.
--- rc=77 elapsed=3s 2026-03-13-video-the-alien-conclusion-according-to-50-years-of-research.v2.md
    deferred (allowance): 2026-03-13-video-the-alien-conclusion-according-to-50-years-of-research.v2.md
=== 2026-08-01T12:50:41+09:00 2025-12-12-video-army-radar-technician-reveals-alien-message-sfc-jeremy-cj.v2.md
Parsing record: 2025-12-12-video-army-radar-technician-reveals-alien-message-sfc-jeremy-cj.v2.md
Allowance ceiling: weekly 94% >= 88% start-line (ceiling 95 less 7 reserved for end-of-week verification and fixes)
  window resets at 2026-08-05T11:00:00.130261+00:00
  Not starting. Completed chunks are cached; resume is cheap.
--- rc=77 elapsed=17s 2025-12-12-video-army-radar-technician-reveals-alien-message-sfc-jeremy-cj.v2.md
    deferred (allowance): 2025-12-12-video-army-radar-technician-reveals-alien-message-sfc-jeremy-cj.v2.md
=== 2026-08-01T12:50:58+09:00 2025-01-17-video-the-alien-secret-majestic-12-debriefed-ep-22.v2.md
Parsing record: 2025-01-17-video-the-alien-secret-majestic-12-debriefed-ep-22.v2.md
Allowance ceiling: weekly 94% >= 93% start-line (ceiling 95 less 2 reserved for end-of-week verification and fixes)
  window resets at 2026-08-05T11:00:00.130261+00:00
  Not starting. Completed chunks are cached; resume is cheap.
--- rc=77 elapsed=2s 2025-01-17-video-the-alien-secret-majestic-12-debriefed-ep-22.v2.md
    deferred (allowance): 2025-01-17-video-the-alien-secret-majestic-12-debriefed-ep-22.v2.md
    non-book refused - nothing smaller can pass; parking early
    all remaining deferred by allowance; re-check in 600s
=== 2026-08-01T13:01:00+09:00 2026-07-14-video-is-there-a-ruined-civilization-on-mars-a-theoretical.v2.md
Parsing record: 2026-07-14-video-is-there-a-ruined-civilization-on-mars-a-theoretical.v2.md
Allowance ceiling: weekly 94% >= 88% start-line (ceiling 95 less 7 reserved for end-of-week verification and fixes)
  window resets at 2026-08-05T10:59:59.563957+00:00
  Not starting. Completed chunks are cached; resume is cheap.
--- rc=77 elapsed=11s 2026-07-14-video-is-there-a-ruined-civilization-on-mars-a-theoretical.v2.md
    deferred (allowance): 2026-07-14-video-is-there-a-ruined-civilization-on-mars-a-theoretical.v2.md
=== 2026-08-01T13:01:11+09:00 2026-07-17-video-jesse-michels-uapgerb-chris-ramsay-flying-saucer-diner.v2.md
Parsing record: 2026-07-17-video-jesse-michels-uapgerb-chris-ramsay-flying-saucer-diner.v2.md
Allowance ceiling: weekly 94% >= 88% start-line (ceiling 95 less 7 reserved for end-of-week verification and fixes)
  window resets at 2026-08-05T10:59:59.563957+00:00
  Not starting. Completed chunks are cached; resume is cheap.
--- rc=77 elapsed=4s 2026-07-17-video-jesse-michels-uapgerb-chris-ramsay-flying-saucer-diner.v2.md
    deferred (allowance): 2026-07-17-video-jesse-michels-uapgerb-chris-ramsay-flying-saucer-diner.v2.md
=== 2026-08-01T13:01:15+09:00 2026-07-24-video-the-terrible-truth-about-the-visitors-whitley-strieber-ep-96.v2.md
Parsing record: 2026-07-24-video-the-terrible-truth-about-the-visitors-whitley-strieber-ep-96.v2.md
Allowance ceiling: weekly 94% >= 88% start-line (ceiling 95 less 7 reserved for end-of-week verification and fixes)
  window resets at 2026-08-05T10:59:59.563957+00:00
  Not starting. Completed chunks are cached; resume is cheap.
--- rc=77 elapsed=2s 2026-07-24-video-the-terrible-truth-about-the-visitors-whitley-strieber-ep-96.v2.md
    deferred (allowance): 2026-07-24-video-the-terrible-truth-about-the-visitors-whitley-strieber-ep-96.v2.md
=== 2026-08-01T13:01:18+09:00 2026-07-20-video-proof-that-nasa-censored-moon-photos-and-the-astronauts-knew.v2.md
Parsing record: 2026-07-20-video-proof-that-nasa-censored-moon-photos-and-the-astronauts-knew.v2.md
Allowance ceiling: weekly 94% >= 88% start-line (ceiling 95 less 7 reserved for end-of-week verification and fixes)
  window resets at 2026-08-05T10:59:59.563957+00:00
  Not starting. Completed chunks are cached; resume is cheap.
--- rc=77 elapsed=1s 2026-07-20-video-proof-that-nasa-censored-moon-photos-and-the-astronauts-knew.v2.md
    deferred (allowance): 2026-07-20-video-proof-that-nasa-censored-moon-photos-and-the-astronauts-knew.v2.md
=== 2026-08-01T13:01:19+09:00 2026-06-05-video-the-crazy-story-that-made-him-quit-investigating-ufos-luigi.v2.md
Parsing record: 2026-06-05-video-the-crazy-story-that-made-him-quit-investigating-ufos-luigi.v2.md
Allowance ceiling: weekly 94% >= 88% start-line (ceiling 95 less 7 reserved for end-of-week verification and fixes)
  window resets at 2026-08-05T10:59:59.563957+00:00
  Not starting. Completed chunks are cached; resume is cheap.
--- rc=77 elapsed=9s 2026-06-05-video-the-crazy-story-that-made-him-quit-investigating-ufos-luigi.v2.md
    deferred (allowance): 2026-06-05-video-the-crazy-story-that-made-him-quit-investigating-ufos-luigi.v2.md
=== 2026-08-01T13:01:28+09:00 2026-02-20-video-the-dangerous-truth-about-ufos-ross-coulthart-debriefed-ep.v2.md
Parsing record: 2026-02-20-video-the-dangerous-truth-about-ufos-ross-coulthart-debriefed-ep.v2.md
Allowance ceiling: weekly 94% >= 88% start-line (ceiling 95 less 7 reserved for end-of-week verification and fixes)
  window resets at 2026-08-05T10:59:59.563957+00:00
  Not starting. Completed chunks are cached; resume is cheap.
--- rc=77 elapsed=2s 2026-02-20-video-the-dangerous-truth-about-ufos-ross-coulthart-debriefed-ep.v2.md
    deferred (allowance): 2026-02-20-video-the-dangerous-truth-about-ufos-ross-coulthart-debriefed-ep.v2.md
=== 2026-08-01T13:01:30+09:00 2026-04-03-video-aliens-angels-and-daemons-michael-phillip-debriefed-ep-82.v2.md
Parsing record: 2026-04-03-video-aliens-angels-and-daemons-michael-phillip-debriefed-ep-82.v2.md
Allowance ceiling: weekly 94% >= 88% start-line (ceiling 95 less 7 reserved for end-of-week verification and fixes)
  window resets at 2026-08-05T10:59:59.563957+00:00
  Not starting. Completed chunks are cached; resume is cheap.
--- rc=77 elapsed=3s 2026-04-03-video-aliens-angels-and-daemons-michael-phillip-debriefed-ep-82.v2.md
    deferred (allowance): 2026-04-03-video-aliens-angels-and-daemons-michael-phillip-debriefed-ep-82.v2.md
=== 2026-08-01T13:01:33+09:00 2026-05-15-video-new-leaked-document-mentions-surviving-aliens-jeremy.v2.md
Parsing record: 2026-05-15-video-new-leaked-document-mentions-surviving-aliens-jeremy.v2.md
Allowance ceiling: weekly 94% >= 88% start-line (ceiling 95 less 7 reserved for end-of-week verification and fixes)
  window resets at 2026-08-05T10:59:59.563957+00:00
  Not starting. Completed chunks are cached; resume is cheap.
--- rc=77 elapsed=2s 2026-05-15-video-new-leaked-document-mentions-surviving-aliens-jeremy.v2.md
    deferred (allowance): 2026-05-15-video-new-leaked-document-mentions-surviving-aliens-jeremy.v2.md
=== 2026-08-01T13:01:35+09:00 2026-07-14-video-the-ufo-cover-up-leads-to-one-secret-society-and-one-final.v2.md
Parsing record: 2026-07-14-video-the-ufo-cover-up-leads-to-one-secret-society-and-one-final.v2.md
Allowance ceiling: weekly 94% >= 88% start-line (ceiling 95 less 7 reserved for end-of-week verification and fixes)
  window resets at 2026-08-05T10:59:59.563957+00:00
  Not starting. Completed chunks are cached; resume is cheap.
--- rc=77 elapsed=3s 2026-07-14-video-the-ufo-cover-up-leads-to-one-secret-society-and-one-final.v2.md
    deferred (allowance): 2026-07-14-video-the-ufo-cover-up-leads-to-one-secret-society-and-one-final.v2.md
=== 2026-08-01T13:01:38+09:00 2026-01-02-video-the-alien-interview-tape-might-be-real-jon-stewart.v2.md
Parsing record: 2026-01-02-video-the-alien-interview-tape-might-be-real-jon-stewart.v2.md
Allowance ceiling: weekly 94% >= 88% start-line (ceiling 95 less 7 reserved for end-of-week verification and fixes)
  window resets at 2026-08-05T10:59:59.563957+00:00
  Not starting. Completed chunks are cached; resume is cheap.
--- rc=77 elapsed=19s 2026-01-02-video-the-alien-interview-tape-might-be-real-jon-stewart.v2.md
    deferred (allowance): 2026-01-02-video-the-alien-interview-tape-might-be-real-jon-stewart.v2.md
=== 2026-08-01T13:01:57+09:00 2026-03-13-video-the-alien-conclusion-according-to-50-years-of-research.v2.md
Parsing record: 2026-03-13-video-the-alien-conclusion-according-to-50-years-of-research.v2.md
Allowance ceiling: weekly 94% >= 88% start-line (ceiling 95 less 7 reserved for end-of-week verification and fixes)
  window resets at 2026-08-05T10:59:59.563957+00:00
  Not starting. Completed chunks are cached; resume is cheap.
--- rc=77 elapsed=5s 2026-03-13-video-the-alien-conclusion-according-to-50-years-of-research.v2.md
    deferred (allowance): 2026-03-13-video-the-alien-conclusion-according-to-50-years-of-research.v2.md
=== 2026-08-01T13:02:02+09:00 2025-12-12-video-army-radar-technician-reveals-alien-message-sfc-jeremy-cj.v2.md
Parsing record: 2025-12-12-video-army-radar-technician-reveals-alien-message-sfc-jeremy-cj.v2.md
Allowance ceiling: weekly 94% >= 88% start-line (ceiling 95 less 7 reserved for end-of-week verification and fixes)
  window resets at 2026-08-05T10:59:59.563957+00:00
  Not starting. Completed chunks are cached; resume is cheap.
--- rc=77 elapsed=9s 2025-12-12-video-army-radar-technician-reveals-alien-message-sfc-jeremy-cj.v2.md
    deferred (allowance): 2025-12-12-video-army-radar-technician-reveals-alien-message-sfc-jeremy-cj.v2.md
=== 2026-08-01T13:02:11+09:00 2025-01-17-video-the-alien-secret-majestic-12-debriefed-ep-22.v2.md
Parsing record: 2025-01-17-video-the-alien-secret-majestic-12-debriefed-ep-22.v2.md
Allowance ceiling: weekly 94% >= 93% start-line (ceiling 95 less 2 reserved for end-of-week verification and fixes)
  window resets at 2026-08-05T10:59:59.563957+00:00
  Not starting. Completed chunks are cached; resume is cheap.
--- rc=77 elapsed=5s 2025-01-17-video-the-alien-secret-majestic-12-debriefed-ep-22.v2.md
    deferred (allowance): 2025-01-17-video-the-alien-secret-majestic-12-debriefed-ep-22.v2.md
    non-book refused - nothing smaller can pass; parking early
    all remaining deferred by allowance; re-check in 600s
=== 2026-08-01T13:12:16+09:00 2026-07-14-video-is-there-a-ruined-civilization-on-mars-a-theoretical.v2.md
Parsing record: 2026-07-14-video-is-there-a-ruined-civilization-on-mars-a-theoretical.v2.md
Allowance ceiling: weekly 94% >= 88% start-line (ceiling 95 less 7 reserved for end-of-week verification and fixes)
  window resets at 2026-08-05T11:00:00.135828+00:00
  Not starting. Completed chunks are cached; resume is cheap.
--- rc=77 elapsed=2s 2026-07-14-video-is-there-a-ruined-civilization-on-mars-a-theoretical.v2.md
    deferred (allowance): 2026-07-14-video-is-there-a-ruined-civilization-on-mars-a-theoretical.v2.md
=== 2026-08-01T13:12:18+09:00 2026-07-17-video-jesse-michels-uapgerb-chris-ramsay-flying-saucer-diner.v2.md
Parsing record: 2026-07-17-video-jesse-michels-uapgerb-chris-ramsay-flying-saucer-diner.v2.md
Allowance ceiling: weekly 94% >= 88% start-line (ceiling 95 less 7 reserved for end-of-week verification and fixes)
  window resets at 2026-08-05T11:00:00.135828+00:00
  Not starting. Completed chunks are cached; resume is cheap.
--- rc=77 elapsed=2s 2026-07-17-video-jesse-michels-uapgerb-chris-ramsay-flying-saucer-diner.v2.md
    deferred (allowance): 2026-07-17-video-jesse-michels-uapgerb-chris-ramsay-flying-saucer-diner.v2.md
=== 2026-08-01T13:12:20+09:00 2026-07-24-video-the-terrible-truth-about-the-visitors-whitley-strieber-ep-96.v2.md
Parsing record: 2026-07-24-video-the-terrible-truth-about-the-visitors-whitley-strieber-ep-96.v2.md
Allowance ceiling: weekly 94% >= 88% start-line (ceiling 95 less 7 reserved for end-of-week verification and fixes)
  window resets at 2026-08-05T11:00:00.135828+00:00
  Not starting. Completed chunks are cached; resume is cheap.
--- rc=77 elapsed=9s 2026-07-24-video-the-terrible-truth-about-the-visitors-whitley-strieber-ep-96.v2.md
    deferred (allowance): 2026-07-24-video-the-terrible-truth-about-the-visitors-whitley-strieber-ep-96.v2.md
=== 2026-08-01T13:12:29+09:00 2026-07-20-video-proof-that-nasa-censored-moon-photos-and-the-astronauts-knew.v2.md
Parsing record: 2026-07-20-video-proof-that-nasa-censored-moon-photos-and-the-astronauts-knew.v2.md
Allowance ceiling: weekly 94% >= 88% start-line (ceiling 95 less 7 reserved for end-of-week verification and fixes)
  window resets at 2026-08-05T11:00:00.135828+00:00
  Not starting. Completed chunks are cached; resume is cheap.
--- rc=77 elapsed=4s 2026-07-20-video-proof-that-nasa-censored-moon-photos-and-the-astronauts-knew.v2.md
    deferred (allowance): 2026-07-20-video-proof-that-nasa-censored-moon-photos-and-the-astronauts-knew.v2.md
=== 2026-08-01T13:12:33+09:00 2026-06-05-video-the-crazy-story-that-made-him-quit-investigating-ufos-luigi.v2.md
Parsing record: 2026-06-05-video-the-crazy-story-that-made-him-quit-investigating-ufos-luigi.v2.md
Allowance ceiling: weekly 94% >= 88% start-line (ceiling 95 less 7 reserved for end-of-week verification and fixes)
  window resets at 2026-08-05T11:00:00.135828+00:00
  Not starting. Completed chunks are cached; resume is cheap.
--- rc=77 elapsed=2s 2026-06-05-video-the-crazy-story-that-made-him-quit-investigating-ufos-luigi.v2.md
    deferred (allowance): 2026-06-05-video-the-crazy-story-that-made-him-quit-investigating-ufos-luigi.v2.md
=== 2026-08-01T13:12:35+09:00 2026-02-20-video-the-dangerous-truth-about-ufos-ross-coulthart-debriefed-ep.v2.md
Parsing record: 2026-02-20-video-the-dangerous-truth-about-ufos-ross-coulthart-debriefed-ep.v2.md
Allowance ceiling: weekly 94% >= 88% start-line (ceiling 95 less 7 reserved for end-of-week verification and fixes)
  window resets at 2026-08-05T11:00:00.135828+00:00
  Not starting. Completed chunks are cached; resume is cheap.
--- rc=77 elapsed=2s 2026-02-20-video-the-dangerous-truth-about-ufos-ross-coulthart-debriefed-ep.v2.md
    deferred (allowance): 2026-02-20-video-the-dangerous-truth-about-ufos-ross-coulthart-debriefed-ep.v2.md
=== 2026-08-01T13:12:37+09:00 2026-04-03-video-aliens-angels-and-daemons-michael-phillip-debriefed-ep-82.v2.md
Parsing record: 2026-04-03-video-aliens-angels-and-daemons-michael-phillip-debriefed-ep-82.v2.md
Allowance ceiling: weekly 94% >= 88% start-line (ceiling 95 less 7 reserved for end-of-week verification and fixes)
  window resets at 2026-08-05T11:00:00.135828+00:00
  Not starting. Completed chunks are cached; resume is cheap.
--- rc=77 elapsed=2s 2026-04-03-video-aliens-angels-and-daemons-michael-phillip-debriefed-ep-82.v2.md
    deferred (allowance): 2026-04-03-video-aliens-angels-and-daemons-michael-phillip-debriefed-ep-82.v2.md
=== 2026-08-01T13:12:39+09:00 2026-05-15-video-new-leaked-document-mentions-surviving-aliens-jeremy.v2.md
Parsing record: 2026-05-15-video-new-leaked-document-mentions-surviving-aliens-jeremy.v2.md
Allowance ceiling: weekly 94% >= 88% start-line (ceiling 95 less 7 reserved for end-of-week verification and fixes)
  window resets at 2026-08-05T11:00:00.135828+00:00
  Not starting. Completed chunks are cached; resume is cheap.
--- rc=77 elapsed=17s 2026-05-15-video-new-leaked-document-mentions-surviving-aliens-jeremy.v2.md
    deferred (allowance): 2026-05-15-video-new-leaked-document-mentions-surviving-aliens-jeremy.v2.md
=== 2026-08-01T13:12:56+09:00 2026-07-14-video-the-ufo-cover-up-leads-to-one-secret-society-and-one-final.v2.md
Parsing record: 2026-07-14-video-the-ufo-cover-up-leads-to-one-secret-society-and-one-final.v2.md
Allowance ceiling: weekly 94% >= 88% start-line (ceiling 95 less 7 reserved for end-of-week verification and fixes)
  window resets at 2026-08-05T11:00:00.135828+00:00
  Not starting. Completed chunks are cached; resume is cheap.
--- rc=77 elapsed=2s 2026-07-14-video-the-ufo-cover-up-leads-to-one-secret-society-and-one-final.v2.md
    deferred (allowance): 2026-07-14-video-the-ufo-cover-up-leads-to-one-secret-society-and-one-final.v2.md
=== 2026-08-01T13:12:58+09:00 2026-01-02-video-the-alien-interview-tape-might-be-real-jon-stewart.v2.md
Parsing record: 2026-01-02-video-the-alien-interview-tape-might-be-real-jon-stewart.v2.md
Allowance ceiling: weekly 94% >= 88% start-line (ceiling 95 less 7 reserved for end-of-week verification and fixes)
  window resets at 2026-08-05T11:00:00.135828+00:00
  Not starting. Completed chunks are cached; resume is cheap.
--- rc=77 elapsed=3s 2026-01-02-video-the-alien-interview-tape-might-be-real-jon-stewart.v2.md
    deferred (allowance): 2026-01-02-video-the-alien-interview-tape-might-be-real-jon-stewart.v2.md
=== 2026-08-01T13:13:01+09:00 2026-03-13-video-the-alien-conclusion-according-to-50-years-of-research.v2.md
Parsing record: 2026-03-13-video-the-alien-conclusion-according-to-50-years-of-research.v2.md
Allowance ceiling: weekly 94% >= 88% start-line (ceiling 95 less 7 reserved for end-of-week verification and fixes)
  window resets at 2026-08-05T11:00:00.135828+00:00
  Not starting. Completed chunks are cached; resume is cheap.
--- rc=77 elapsed=9s 2026-03-13-video-the-alien-conclusion-according-to-50-years-of-research.v2.md
    deferred (allowance): 2026-03-13-video-the-alien-conclusion-according-to-50-years-of-research.v2.md
=== 2026-08-01T13:13:10+09:00 2025-12-12-video-army-radar-technician-reveals-alien-message-sfc-jeremy-cj.v2.md
Parsing record: 2025-12-12-video-army-radar-technician-reveals-alien-message-sfc-jeremy-cj.v2.md
Allowance ceiling: weekly 94% >= 88% start-line (ceiling 95 less 7 reserved for end-of-week verification and fixes)
  window resets at 2026-08-05T11:00:00.135828+00:00
  Not starting. Completed chunks are cached; resume is cheap.
--- rc=77 elapsed=9s 2025-12-12-video-army-radar-technician-reveals-alien-message-sfc-jeremy-cj.v2.md
    deferred (allowance): 2025-12-12-video-army-radar-technician-reveals-alien-message-sfc-jeremy-cj.v2.md
=== 2026-08-01T13:13:19+09:00 2025-01-17-video-the-alien-secret-majestic-12-debriefed-ep-22.v2.md
Parsing record: 2025-01-17-video-the-alien-secret-majestic-12-debriefed-ep-22.v2.md
Allowance ceiling: weekly 94% >= 93% start-line (ceiling 95 less 2 reserved for end-of-week verification and fixes)
  window resets at 2026-08-05T11:00:00.135828+00:00
  Not starting. Completed chunks are cached; resume is cheap.
--- rc=77 elapsed=10s 2025-01-17-video-the-alien-secret-majestic-12-debriefed-ep-22.v2.md
    deferred (allowance): 2025-01-17-video-the-alien-secret-majestic-12-debriefed-ep-22.v2.md
    non-book refused - nothing smaller can pass; parking early
    all remaining deferred by allowance; re-check in 600s
=== 2026-08-01T13:23:29+09:00 2026-07-14-video-is-there-a-ruined-civilization-on-mars-a-theoretical.v2.md
Parsing record: 2026-07-14-video-is-there-a-ruined-civilization-on-mars-a-theoretical.v2.md
Allowance ceiling: weekly 94% >= 88% start-line (ceiling 95 less 7 reserved for end-of-week verification and fixes)
  window resets at 2026-08-05T11:00:00.134792+00:00
  Not starting. Completed chunks are cached; resume is cheap.
--- rc=77 elapsed=3s 2026-07-14-video-is-there-a-ruined-civilization-on-mars-a-theoretical.v2.md
    deferred (allowance): 2026-07-14-video-is-there-a-ruined-civilization-on-mars-a-theoretical.v2.md
=== 2026-08-01T13:23:32+09:00 2026-07-17-video-jesse-michels-uapgerb-chris-ramsay-flying-saucer-diner.v2.md
Parsing record: 2026-07-17-video-jesse-michels-uapgerb-chris-ramsay-flying-saucer-diner.v2.md
Allowance ceiling: weekly 94% >= 88% start-line (ceiling 95 less 7 reserved for end-of-week verification and fixes)
  window resets at 2026-08-05T11:00:00.134792+00:00
  Not starting. Completed chunks are cached; resume is cheap.
--- rc=77 elapsed=3s 2026-07-17-video-jesse-michels-uapgerb-chris-ramsay-flying-saucer-diner.v2.md
    deferred (allowance): 2026-07-17-video-jesse-michels-uapgerb-chris-ramsay-flying-saucer-diner.v2.md
=== 2026-08-01T13:23:35+09:00 2026-07-24-video-the-terrible-truth-about-the-visitors-whitley-strieber-ep-96.v2.md
Parsing record: 2026-07-24-video-the-terrible-truth-about-the-visitors-whitley-strieber-ep-96.v2.md
Allowance ceiling: weekly 94% >= 88% start-line (ceiling 95 less 7 reserved for end-of-week verification and fixes)
  window resets at 2026-08-05T11:00:00.134792+00:00
  Not starting. Completed chunks are cached; resume is cheap.
--- rc=77 elapsed=2s 2026-07-24-video-the-terrible-truth-about-the-visitors-whitley-strieber-ep-96.v2.md
    deferred (allowance): 2026-07-24-video-the-terrible-truth-about-the-visitors-whitley-strieber-ep-96.v2.md
=== 2026-08-01T13:23:37+09:00 2026-07-20-video-proof-that-nasa-censored-moon-photos-and-the-astronauts-knew.v2.md
Parsing record: 2026-07-20-video-proof-that-nasa-censored-moon-photos-and-the-astronauts-knew.v2.md
Allowance ceiling: weekly 94% >= 88% start-line (ceiling 95 less 7 reserved for end-of-week verification and fixes)
  window resets at 2026-08-05T11:00:00.134792+00:00
  Not starting. Completed chunks are cached; resume is cheap.
--- rc=77 elapsed=3s 2026-07-20-video-proof-that-nasa-censored-moon-photos-and-the-astronauts-knew.v2.md
    deferred (allowance): 2026-07-20-video-proof-that-nasa-censored-moon-photos-and-the-astronauts-knew.v2.md
=== 2026-08-01T13:23:40+09:00 2026-06-05-video-the-crazy-story-that-made-him-quit-investigating-ufos-luigi.v2.md
Parsing record: 2026-06-05-video-the-crazy-story-that-made-him-quit-investigating-ufos-luigi.v2.md
Allowance ceiling: weekly 94% >= 88% start-line (ceiling 95 less 7 reserved for end-of-week verification and fixes)
  window resets at 2026-08-05T11:00:00.134792+00:00
  Not starting. Completed chunks are cached; resume is cheap.
--- rc=77 elapsed=19s 2026-06-05-video-the-crazy-story-that-made-him-quit-investigating-ufos-luigi.v2.md
    deferred (allowance): 2026-06-05-video-the-crazy-story-that-made-him-quit-investigating-ufos-luigi.v2.md
=== 2026-08-01T13:23:59+09:00 2026-02-20-video-the-dangerous-truth-about-ufos-ross-coulthart-debriefed-ep.v2.md
Parsing record: 2026-02-20-video-the-dangerous-truth-about-ufos-ross-coulthart-debriefed-ep.v2.md
Allowance ceiling: weekly 94% >= 88% start-line (ceiling 95 less 7 reserved for end-of-week verification and fixes)
  window resets at 2026-08-05T10:59:59.725069+00:00
  Not starting. Completed chunks are cached; resume is cheap.
--- rc=77 elapsed=19s 2026-02-20-video-the-dangerous-truth-about-ufos-ross-coulthart-debriefed-ep.v2.md
    deferred (allowance): 2026-02-20-video-the-dangerous-truth-about-ufos-ross-coulthart-debriefed-ep.v2.md
=== 2026-08-01T13:24:18+09:00 2026-04-03-video-aliens-angels-and-daemons-michael-phillip-debriefed-ep-82.v2.md
Parsing record: 2026-04-03-video-aliens-angels-and-daemons-michael-phillip-debriefed-ep-82.v2.md
Allowance ceiling: weekly 94% >= 88% start-line (ceiling 95 less 7 reserved for end-of-week verification and fixes)
  window resets at 2026-08-05T10:59:59.725069+00:00
  Not starting. Completed chunks are cached; resume is cheap.
--- rc=77 elapsed=3s 2026-04-03-video-aliens-angels-and-daemons-michael-phillip-debriefed-ep-82.v2.md
    deferred (allowance): 2026-04-03-video-aliens-angels-and-daemons-michael-phillip-debriefed-ep-82.v2.md
=== 2026-08-01T13:24:21+09:00 2026-05-15-video-new-leaked-document-mentions-surviving-aliens-jeremy.v2.md
Parsing record: 2026-05-15-video-new-leaked-document-mentions-surviving-aliens-jeremy.v2.md
Allowance ceiling: weekly 94% >= 88% start-line (ceiling 95 less 7 reserved for end-of-week verification and fixes)
  window resets at 2026-08-05T10:59:59.725069+00:00
  Not starting. Completed chunks are cached; resume is cheap.
--- rc=77 elapsed=10s 2026-05-15-video-new-leaked-document-mentions-surviving-aliens-jeremy.v2.md
    deferred (allowance): 2026-05-15-video-new-leaked-document-mentions-surviving-aliens-jeremy.v2.md
=== 2026-08-01T13:24:31+09:00 2026-07-14-video-the-ufo-cover-up-leads-to-one-secret-society-and-one-final.v2.md
Parsing record: 2026-07-14-video-the-ufo-cover-up-leads-to-one-secret-society-and-one-final.v2.md
Allowance ceiling: weekly 94% >= 88% start-line (ceiling 95 less 7 reserved for end-of-week verification and fixes)
  window resets at 2026-08-05T10:59:59.725069+00:00
  Not starting. Completed chunks are cached; resume is cheap.
--- rc=77 elapsed=2s 2026-07-14-video-the-ufo-cover-up-leads-to-one-secret-society-and-one-final.v2.md
    deferred (allowance): 2026-07-14-video-the-ufo-cover-up-leads-to-one-secret-society-and-one-final.v2.md
=== 2026-08-01T13:24:33+09:00 2026-01-02-video-the-alien-interview-tape-might-be-real-jon-stewart.v2.md
Parsing record: 2026-01-02-video-the-alien-interview-tape-might-be-real-jon-stewart.v2.md
Allowance ceiling: weekly 94% >= 88% start-line (ceiling 95 less 7 reserved for end-of-week verification and fixes)
  window resets at 2026-08-05T10:59:59.725069+00:00
  Not starting. Completed chunks are cached; resume is cheap.
--- rc=77 elapsed=3s 2026-01-02-video-the-alien-interview-tape-might-be-real-jon-stewart.v2.md
    deferred (allowance): 2026-01-02-video-the-alien-interview-tape-might-be-real-jon-stewart.v2.md
=== 2026-08-01T13:24:36+09:00 2026-03-13-video-the-alien-conclusion-according-to-50-years-of-research.v2.md
Parsing record: 2026-03-13-video-the-alien-conclusion-according-to-50-years-of-research.v2.md
Allowance ceiling: weekly 94% >= 88% start-line (ceiling 95 less 7 reserved for end-of-week verification and fixes)
  window resets at 2026-08-05T10:59:59.725069+00:00
  Not starting. Completed chunks are cached; resume is cheap.
--- rc=77 elapsed=2s 2026-03-13-video-the-alien-conclusion-according-to-50-years-of-research.v2.md
    deferred (allowance): 2026-03-13-video-the-alien-conclusion-according-to-50-years-of-research.v2.md
=== 2026-08-01T13:24:38+09:00 2025-12-12-video-army-radar-technician-reveals-alien-message-sfc-jeremy-cj.v2.md
Parsing record: 2025-12-12-video-army-radar-technician-reveals-alien-message-sfc-jeremy-cj.v2.md
Allowance ceiling: weekly 94% >= 88% start-line (ceiling 95 less 7 reserved for end-of-week verification and fixes)
  window resets at 2026-08-05T10:59:59.725069+00:00
  Not starting. Completed chunks are cached; resume is cheap.
--- rc=77 elapsed=19s 2025-12-12-video-army-radar-technician-reveals-alien-message-sfc-jeremy-cj.v2.md
    deferred (allowance): 2025-12-12-video-army-radar-technician-reveals-alien-message-sfc-jeremy-cj.v2.md
=== 2026-08-01T13:24:57+09:00 2025-01-17-video-the-alien-secret-majestic-12-debriefed-ep-22.v2.md
Parsing record: 2025-01-17-video-the-alien-secret-majestic-12-debriefed-ep-22.v2.md
Allowance ceiling: weekly 94% >= 93% start-line (ceiling 95 less 2 reserved for end-of-week verification and fixes)
  window resets at 2026-08-05T10:59:59.725069+00:00
  Not starting. Completed chunks are cached; resume is cheap.
--- rc=77 elapsed=3s 2025-01-17-video-the-alien-secret-majestic-12-debriefed-ep-22.v2.md
    deferred (allowance): 2025-01-17-video-the-alien-secret-majestic-12-debriefed-ep-22.v2.md
    non-book refused - nothing smaller can pass; parking early
    all remaining deferred by allowance; re-check in 600s
=== 2026-08-01T13:35:00+09:00 2026-07-14-video-is-there-a-ruined-civilization-on-mars-a-theoretical.v2.md
Parsing record: 2026-07-14-video-is-there-a-ruined-civilization-on-mars-a-theoretical.v2.md
Allowance ceiling: weekly 94% >= 88% start-line (ceiling 95 less 7 reserved for end-of-week verification and fixes)
  window resets at 2026-08-05T11:00:00.911916+00:00
  Not starting. Completed chunks are cached; resume is cheap.
--- rc=77 elapsed=9s 2026-07-14-video-is-there-a-ruined-civilization-on-mars-a-theoretical.v2.md
    deferred (allowance): 2026-07-14-video-is-there-a-ruined-civilization-on-mars-a-theoretical.v2.md
=== 2026-08-01T13:35:09+09:00 2026-07-17-video-jesse-michels-uapgerb-chris-ramsay-flying-saucer-diner.v2.md
Parsing record: 2026-07-17-video-jesse-michels-uapgerb-chris-ramsay-flying-saucer-diner.v2.md
Allowance ceiling: weekly 94% >= 88% start-line (ceiling 95 less 7 reserved for end-of-week verification and fixes)
  window resets at 2026-08-05T11:00:00.911916+00:00
  Not starting. Completed chunks are cached; resume is cheap.
--- rc=77 elapsed=2s 2026-07-17-video-jesse-michels-uapgerb-chris-ramsay-flying-saucer-diner.v2.md
    deferred (allowance): 2026-07-17-video-jesse-michels-uapgerb-chris-ramsay-flying-saucer-diner.v2.md
=== 2026-08-01T13:35:11+09:00 2026-07-24-video-the-terrible-truth-about-the-visitors-whitley-strieber-ep-96.v2.md
Parsing record: 2026-07-24-video-the-terrible-truth-about-the-visitors-whitley-strieber-ep-96.v2.md
Allowance ceiling: weekly 94% >= 88% start-line (ceiling 95 less 7 reserved for end-of-week verification and fixes)
  window resets at 2026-08-05T11:00:00.911916+00:00
  Not starting. Completed chunks are cached; resume is cheap.
--- rc=77 elapsed=5s 2026-07-24-video-the-terrible-truth-about-the-visitors-whitley-strieber-ep-96.v2.md
    deferred (allowance): 2026-07-24-video-the-terrible-truth-about-the-visitors-whitley-strieber-ep-96.v2.md
=== 2026-08-01T13:35:16+09:00 2026-07-20-video-proof-that-nasa-censored-moon-photos-and-the-astronauts-knew.v2.md
Parsing record: 2026-07-20-video-proof-that-nasa-censored-moon-photos-and-the-astronauts-knew.v2.md
Allowance ceiling: weekly 94% >= 88% start-line (ceiling 95 less 7 reserved for end-of-week verification and fixes)
  window resets at 2026-08-05T11:00:00.911916+00:00
  Not starting. Completed chunks are cached; resume is cheap.
--- rc=77 elapsed=2s 2026-07-20-video-proof-that-nasa-censored-moon-photos-and-the-astronauts-knew.v2.md
    deferred (allowance): 2026-07-20-video-proof-that-nasa-censored-moon-photos-and-the-astronauts-knew.v2.md
=== 2026-08-01T13:35:18+09:00 2026-06-05-video-the-crazy-story-that-made-him-quit-investigating-ufos-luigi.v2.md
Parsing record: 2026-06-05-video-the-crazy-story-that-made-him-quit-investigating-ufos-luigi.v2.md
Allowance ceiling: weekly 94% >= 88% start-line (ceiling 95 less 7 reserved for end-of-week verification and fixes)
  window resets at 2026-08-05T11:00:00.911916+00:00
  Not starting. Completed chunks are cached; resume is cheap.
--- rc=77 elapsed=2s 2026-06-05-video-the-crazy-story-that-made-him-quit-investigating-ufos-luigi.v2.md
    deferred (allowance): 2026-06-05-video-the-crazy-story-that-made-him-quit-investigating-ufos-luigi.v2.md
=== 2026-08-01T13:35:20+09:00 2026-02-20-video-the-dangerous-truth-about-ufos-ross-coulthart-debriefed-ep.v2.md
Parsing record: 2026-02-20-video-the-dangerous-truth-about-ufos-ross-coulthart-debriefed-ep.v2.md
Allowance ceiling: weekly 94% >= 88% start-line (ceiling 95 less 7 reserved for end-of-week verification and fixes)
  window resets at 2026-08-05T11:00:00.911916+00:00
  Not starting. Completed chunks are cached; resume is cheap.
--- rc=77 elapsed=17s 2026-02-20-video-the-dangerous-truth-about-ufos-ross-coulthart-debriefed-ep.v2.md
    deferred (allowance): 2026-02-20-video-the-dangerous-truth-about-ufos-ross-coulthart-debriefed-ep.v2.md
=== 2026-08-01T13:35:37+09:00 2026-04-03-video-aliens-angels-and-daemons-michael-phillip-debriefed-ep-82.v2.md
Parsing record: 2026-04-03-video-aliens-angels-and-daemons-michael-phillip-debriefed-ep-82.v2.md
Allowance ceiling: weekly 94% >= 88% start-line (ceiling 95 less 7 reserved for end-of-week verification and fixes)
  window resets at 2026-08-05T11:00:00.911916+00:00
  Not starting. Completed chunks are cached; resume is cheap.
--- rc=77 elapsed=2s 2026-04-03-video-aliens-angels-and-daemons-michael-phillip-debriefed-ep-82.v2.md
    deferred (allowance): 2026-04-03-video-aliens-angels-and-daemons-michael-phillip-debriefed-ep-82.v2.md
=== 2026-08-01T13:35:39+09:00 2026-05-15-video-new-leaked-document-mentions-surviving-aliens-jeremy.v2.md
Parsing record: 2026-05-15-video-new-leaked-document-mentions-surviving-aliens-jeremy.v2.md
Allowance ceiling: weekly 94% >= 88% start-line (ceiling 95 less 7 reserved for end-of-week verification and fixes)
  window resets at 2026-08-05T11:00:00.911916+00:00
  Not starting. Completed chunks are cached; resume is cheap.
--- rc=77 elapsed=17s 2026-05-15-video-new-leaked-document-mentions-surviving-aliens-jeremy.v2.md
    deferred (allowance): 2026-05-15-video-new-leaked-document-mentions-surviving-aliens-jeremy.v2.md
=== 2026-08-01T13:35:56+09:00 2026-07-14-video-the-ufo-cover-up-leads-to-one-secret-society-and-one-final.v2.md
Parsing record: 2026-07-14-video-the-ufo-cover-up-leads-to-one-secret-society-and-one-final.v2.md
Allowance ceiling: weekly 94% >= 88% start-line (ceiling 95 less 7 reserved for end-of-week verification and fixes)
  window resets at 2026-08-05T11:00:00.911916+00:00
  Not starting. Completed chunks are cached; resume is cheap.
--- rc=77 elapsed=2s 2026-07-14-video-the-ufo-cover-up-leads-to-one-secret-society-and-one-final.v2.md
    deferred (allowance): 2026-07-14-video-the-ufo-cover-up-leads-to-one-secret-society-and-one-final.v2.md
=== 2026-08-01T13:35:58+09:00 2026-01-02-video-the-alien-interview-tape-might-be-real-jon-stewart.v2.md
Parsing record: 2026-01-02-video-the-alien-interview-tape-might-be-real-jon-stewart.v2.md
Allowance ceiling: weekly 94% >= 88% start-line (ceiling 95 less 7 reserved for end-of-week verification and fixes)
  window resets at 2026-08-05T11:00:00.911916+00:00
  Not starting. Completed chunks are cached; resume is cheap.
--- rc=77 elapsed=2s 2026-01-02-video-the-alien-interview-tape-might-be-real-jon-stewart.v2.md
    deferred (allowance): 2026-01-02-video-the-alien-interview-tape-might-be-real-jon-stewart.v2.md
=== 2026-08-01T13:36:00+09:00 2026-03-13-video-the-alien-conclusion-according-to-50-years-of-research.v2.md
Parsing record: 2026-03-13-video-the-alien-conclusion-according-to-50-years-of-research.v2.md
Allowance ceiling: weekly 94% >= 88% start-line (ceiling 95 less 7 reserved for end-of-week verification and fixes)
  window resets at 2026-08-05T11:00:00.911916+00:00
  Not starting. Completed chunks are cached; resume is cheap.
--- rc=77 elapsed=9s 2026-03-13-video-the-alien-conclusion-according-to-50-years-of-research.v2.md
    deferred (allowance): 2026-03-13-video-the-alien-conclusion-according-to-50-years-of-research.v2.md
=== 2026-08-01T13:36:09+09:00 2025-12-12-video-army-radar-technician-reveals-alien-message-sfc-jeremy-cj.v2.md
Parsing record: 2025-12-12-video-army-radar-technician-reveals-alien-message-sfc-jeremy-cj.v2.md
Allowance ceiling: weekly 94% >= 88% start-line (ceiling 95 less 7 reserved for end-of-week verification and fixes)
  window resets at 2026-08-05T11:00:00.911916+00:00
  Not starting. Completed chunks are cached; resume is cheap.
--- rc=77 elapsed=1s 2025-12-12-video-army-radar-technician-reveals-alien-message-sfc-jeremy-cj.v2.md
    deferred (allowance): 2025-12-12-video-army-radar-technician-reveals-alien-message-sfc-jeremy-cj.v2.md
=== 2026-08-01T13:36:11+09:00 2025-01-17-video-the-alien-secret-majestic-12-debriefed-ep-22.v2.md
Parsing record: 2025-01-17-video-the-alien-secret-majestic-12-debriefed-ep-22.v2.md
Allowance ceiling: weekly 94% >= 93% start-line (ceiling 95 less 2 reserved for end-of-week verification and fixes)
  window resets at 2026-08-05T11:00:00.911916+00:00
  Not starting. Completed chunks are cached; resume is cheap.
--- rc=77 elapsed=4s 2025-01-17-video-the-alien-secret-majestic-12-debriefed-ep-22.v2.md
    deferred (allowance): 2025-01-17-video-the-alien-secret-majestic-12-debriefed-ep-22.v2.md
    non-book refused - nothing smaller can pass; parking early
    all remaining deferred by allowance; re-check in 600s
=== 2026-08-01T13:46:15+09:00 2026-07-14-video-is-there-a-ruined-civilization-on-mars-a-theoretical.v2.md
Parsing record: 2026-07-14-video-is-there-a-ruined-civilization-on-mars-a-theoretical.v2.md
Allowance ceiling: weekly 94% >= 88% start-line (ceiling 95 less 7 reserved for end-of-week verification and fixes)
  window resets at 2026-08-05T11:00:00.215434+00:00
  Not starting. Completed chunks are cached; resume is cheap.
--- rc=77 elapsed=3s 2026-07-14-video-is-there-a-ruined-civilization-on-mars-a-theoretical.v2.md
    deferred (allowance): 2026-07-14-video-is-there-a-ruined-civilization-on-mars-a-theoretical.v2.md
=== 2026-08-01T13:46:18+09:00 2026-07-17-video-jesse-michels-uapgerb-chris-ramsay-flying-saucer-diner.v2.md
Parsing record: 2026-07-17-video-jesse-michels-uapgerb-chris-ramsay-flying-saucer-diner.v2.md
Allowance ceiling: weekly 94% >= 88% start-line (ceiling 95 less 7 reserved for end-of-week verification and fixes)
  window resets at 2026-08-05T11:00:00.215434+00:00
  Not starting. Completed chunks are cached; resume is cheap.
--- rc=77 elapsed=2s 2026-07-17-video-jesse-michels-uapgerb-chris-ramsay-flying-saucer-diner.v2.md
    deferred (allowance): 2026-07-17-video-jesse-michels-uapgerb-chris-ramsay-flying-saucer-diner.v2.md
=== 2026-08-01T13:46:20+09:00 2026-07-24-video-the-terrible-truth-about-the-visitors-whitley-strieber-ep-96.v2.md
Parsing record: 2026-07-24-video-the-terrible-truth-about-the-visitors-whitley-strieber-ep-96.v2.md
Allowance ceiling: weekly 94% >= 88% start-line (ceiling 95 less 7 reserved for end-of-week verification and fixes)
  window resets at 2026-08-05T11:00:00.215434+00:00
  Not starting. Completed chunks are cached; resume is cheap.
--- rc=77 elapsed=10s 2026-07-24-video-the-terrible-truth-about-the-visitors-whitley-strieber-ep-96.v2.md
    deferred (allowance): 2026-07-24-video-the-terrible-truth-about-the-visitors-whitley-strieber-ep-96.v2.md
=== 2026-08-01T13:46:30+09:00 2026-07-20-video-proof-that-nasa-censored-moon-photos-and-the-astronauts-knew.v2.md
Parsing record: 2026-07-20-video-proof-that-nasa-censored-moon-photos-and-the-astronauts-knew.v2.md
Allowance ceiling: weekly 94% >= 88% start-line (ceiling 95 less 7 reserved for end-of-week verification and fixes)
  window resets at 2026-08-05T11:00:00.215434+00:00
  Not starting. Completed chunks are cached; resume is cheap.
--- rc=77 elapsed=4s 2026-07-20-video-proof-that-nasa-censored-moon-photos-and-the-astronauts-knew.v2.md
    deferred (allowance): 2026-07-20-video-proof-that-nasa-censored-moon-photos-and-the-astronauts-knew.v2.md
=== 2026-08-01T13:46:34+09:00 2026-06-05-video-the-crazy-story-that-made-him-quit-investigating-ufos-luigi.v2.md
Parsing record: 2026-06-05-video-the-crazy-story-that-made-him-quit-investigating-ufos-luigi.v2.md
Allowance ceiling: weekly 94% >= 88% start-line (ceiling 95 less 7 reserved for end-of-week verification and fixes)
  window resets at 2026-08-05T11:00:00.215434+00:00
  Not starting. Completed chunks are cached; resume is cheap.
--- rc=77 elapsed=3s 2026-06-05-video-the-crazy-story-that-made-him-quit-investigating-ufos-luigi.v2.md
    deferred (allowance): 2026-06-05-video-the-crazy-story-that-made-him-quit-investigating-ufos-luigi.v2.md
=== 2026-08-01T13:46:37+09:00 2026-02-20-video-the-dangerous-truth-about-ufos-ross-coulthart-debriefed-ep.v2.md
Parsing record: 2026-02-20-video-the-dangerous-truth-about-ufos-ross-coulthart-debriefed-ep.v2.md
Allowance ceiling: weekly 94% >= 88% start-line (ceiling 95 less 7 reserved for end-of-week verification and fixes)
  window resets at 2026-08-05T11:00:00.215434+00:00
  Not starting. Completed chunks are cached; resume is cheap.
--- rc=77 elapsed=2s 2026-02-20-video-the-dangerous-truth-about-ufos-ross-coulthart-debriefed-ep.v2.md
    deferred (allowance): 2026-02-20-video-the-dangerous-truth-about-ufos-ross-coulthart-debriefed-ep.v2.md
=== 2026-08-01T13:46:39+09:00 2026-04-03-video-aliens-angels-and-daemons-michael-phillip-debriefed-ep-82.v2.md
Parsing record: 2026-04-03-video-aliens-angels-and-daemons-michael-phillip-debriefed-ep-82.v2.md
Allowance ceiling: weekly 94% >= 88% start-line (ceiling 95 less 7 reserved for end-of-week verification and fixes)
  window resets at 2026-08-05T11:00:00.215434+00:00
  Not starting. Completed chunks are cached; resume is cheap.
--- rc=77 elapsed=17s 2026-04-03-video-aliens-angels-and-daemons-michael-phillip-debriefed-ep-82.v2.md
    deferred (allowance): 2026-04-03-video-aliens-angels-and-daemons-michael-phillip-debriefed-ep-82.v2.md
=== 2026-08-01T13:46:56+09:00 2026-05-15-video-new-leaked-document-mentions-surviving-aliens-jeremy.v2.md
Parsing record: 2026-05-15-video-new-leaked-document-mentions-surviving-aliens-jeremy.v2.md
Allowance ceiling: weekly 94% >= 88% start-line (ceiling 95 less 7 reserved for end-of-week verification and fixes)
  window resets at 2026-08-05T11:00:00.215434+00:00
  Not starting. Completed chunks are cached; resume is cheap.
--- rc=77 elapsed=2s 2026-05-15-video-new-leaked-document-mentions-surviving-aliens-jeremy.v2.md
    deferred (allowance): 2026-05-15-video-new-leaked-document-mentions-surviving-aliens-jeremy.v2.md
=== 2026-08-01T13:46:58+09:00 2026-07-14-video-the-ufo-cover-up-leads-to-one-secret-society-and-one-final.v2.md
Parsing record: 2026-07-14-video-the-ufo-cover-up-leads-to-one-secret-society-and-one-final.v2.md
Allowance ceiling: weekly 94% >= 88% start-line (ceiling 95 less 7 reserved for end-of-week verification and fixes)
  window resets at 2026-08-05T11:00:00.215434+00:00
  Not starting. Completed chunks are cached; resume is cheap.
--- rc=77 elapsed=2s 2026-07-14-video-the-ufo-cover-up-leads-to-one-secret-society-and-one-final.v2.md
    deferred (allowance): 2026-07-14-video-the-ufo-cover-up-leads-to-one-secret-society-and-one-final.v2.md
=== 2026-08-01T13:47:00+09:00 2026-01-02-video-the-alien-interview-tape-might-be-real-jon-stewart.v2.md
Parsing record: 2026-01-02-video-the-alien-interview-tape-might-be-real-jon-stewart.v2.md
Allowance ceiling: weekly 94% >= 88% start-line (ceiling 95 less 7 reserved for end-of-week verification and fixes)
  window resets at 2026-08-05T11:00:00.215434+00:00
  Not starting. Completed chunks are cached; resume is cheap.
--- rc=77 elapsed=10s 2026-01-02-video-the-alien-interview-tape-might-be-real-jon-stewart.v2.md
    deferred (allowance): 2026-01-02-video-the-alien-interview-tape-might-be-real-jon-stewart.v2.md
=== 2026-08-01T13:47:10+09:00 2026-03-13-video-the-alien-conclusion-according-to-50-years-of-research.v2.md
Parsing record: 2026-03-13-video-the-alien-conclusion-according-to-50-years-of-research.v2.md
Allowance ceiling: weekly 94% >= 88% start-line (ceiling 95 less 7 reserved for end-of-week verification and fixes)
  window resets at 2026-08-05T11:00:00.215434+00:00
  Not starting. Completed chunks are cached; resume is cheap.
--- rc=77 elapsed=5s 2026-03-13-video-the-alien-conclusion-according-to-50-years-of-research.v2.md
    deferred (allowance): 2026-03-13-video-the-alien-conclusion-according-to-50-years-of-research.v2.md
=== 2026-08-01T13:47:15+09:00 2025-12-12-video-army-radar-technician-reveals-alien-message-sfc-jeremy-cj.v2.md
Parsing record: 2025-12-12-video-army-radar-technician-reveals-alien-message-sfc-jeremy-cj.v2.md
Allowance ceiling: weekly 94% >= 88% start-line (ceiling 95 less 7 reserved for end-of-week verification and fixes)
  window resets at 2026-08-05T11:00:00.215434+00:00
  Not starting. Completed chunks are cached; resume is cheap.
--- rc=77 elapsed=3s 2025-12-12-video-army-radar-technician-reveals-alien-message-sfc-jeremy-cj.v2.md
    deferred (allowance): 2025-12-12-video-army-radar-technician-reveals-alien-message-sfc-jeremy-cj.v2.md
=== 2026-08-01T13:47:18+09:00 2025-01-17-video-the-alien-secret-majestic-12-debriefed-ep-22.v2.md
Parsing record: 2025-01-17-video-the-alien-secret-majestic-12-debriefed-ep-22.v2.md
Allowance ceiling: weekly 94% >= 93% start-line (ceiling 95 less 2 reserved for end-of-week verification and fixes)
  window resets at 2026-08-05T11:00:00.215434+00:00
  Not starting. Completed chunks are cached; resume is cheap.
--- rc=77 elapsed=2s 2025-01-17-video-the-alien-secret-majestic-12-debriefed-ep-22.v2.md
    deferred (allowance): 2025-01-17-video-the-alien-secret-majestic-12-debriefed-ep-22.v2.md
    non-book refused - nothing smaller can pass; parking early
    all remaining deferred by allowance; re-check in 600s
=== 2026-08-01T13:57:21+09:00 2026-07-14-video-is-there-a-ruined-civilization-on-mars-a-theoretical.v2.md
Parsing record: 2026-07-14-video-is-there-a-ruined-civilization-on-mars-a-theoretical.v2.md
Allowance ceiling: weekly 94% >= 88% start-line (ceiling 95 less 7 reserved for end-of-week verification and fixes)
  window resets at 2026-08-05T11:00:00.215434+00:00
  Not starting. Completed chunks are cached; resume is cheap.
--- rc=77 elapsed=19s 2026-07-14-video-is-there-a-ruined-civilization-on-mars-a-theoretical.v2.md
    deferred (allowance): 2026-07-14-video-is-there-a-ruined-civilization-on-mars-a-theoretical.v2.md
=== 2026-08-01T13:57:40+09:00 2026-07-17-video-jesse-michels-uapgerb-chris-ramsay-flying-saucer-diner.v2.md
Parsing record: 2026-07-17-video-jesse-michels-uapgerb-chris-ramsay-flying-saucer-diner.v2.md
Allowance ceiling: weekly 94% >= 88% start-line (ceiling 95 less 7 reserved for end-of-week verification and fixes)
  window resets at 2026-08-05T11:00:00.215434+00:00
  Not starting. Completed chunks are cached; resume is cheap.
--- rc=77 elapsed=20s 2026-07-17-video-jesse-michels-uapgerb-chris-ramsay-flying-saucer-diner.v2.md
    deferred (allowance): 2026-07-17-video-jesse-michels-uapgerb-chris-ramsay-flying-saucer-diner.v2.md
=== 2026-08-01T13:58:00+09:00 2026-07-24-video-the-terrible-truth-about-the-visitors-whitley-strieber-ep-96.v2.md
Parsing record: 2026-07-24-video-the-terrible-truth-about-the-visitors-whitley-strieber-ep-96.v2.md
Allowance ceiling: weekly 94% >= 88% start-line (ceiling 95 less 7 reserved for end-of-week verification and fixes)
  window resets at 2026-08-05T11:00:00.233239+00:00
  Not starting. Completed chunks are cached; resume is cheap.
--- rc=77 elapsed=17s 2026-07-24-video-the-terrible-truth-about-the-visitors-whitley-strieber-ep-96.v2.md
    deferred (allowance): 2026-07-24-video-the-terrible-truth-about-the-visitors-whitley-strieber-ep-96.v2.md
=== 2026-08-01T13:58:17+09:00 2026-07-20-video-proof-that-nasa-censored-moon-photos-and-the-astronauts-knew.v2.md
Parsing record: 2026-07-20-video-proof-that-nasa-censored-moon-photos-and-the-astronauts-knew.v2.md
Allowance ceiling: weekly 94% >= 88% start-line (ceiling 95 less 7 reserved for end-of-week verification and fixes)
  window resets at 2026-08-05T11:00:00.233239+00:00
  Not starting. Completed chunks are cached; resume is cheap.
--- rc=77 elapsed=3s 2026-07-20-video-proof-that-nasa-censored-moon-photos-and-the-astronauts-knew.v2.md
    deferred (allowance): 2026-07-20-video-proof-that-nasa-censored-moon-photos-and-the-astronauts-knew.v2.md
=== 2026-08-01T13:58:20+09:00 2026-06-05-video-the-crazy-story-that-made-him-quit-investigating-ufos-luigi.v2.md
Parsing record: 2026-06-05-video-the-crazy-story-that-made-him-quit-investigating-ufos-luigi.v2.md
Allowance ceiling: weekly 94% >= 88% start-line (ceiling 95 less 7 reserved for end-of-week verification and fixes)
  window resets at 2026-08-05T11:00:00.233239+00:00
  Not starting. Completed chunks are cached; resume is cheap.
--- rc=77 elapsed=9s 2026-06-05-video-the-crazy-story-that-made-him-quit-investigating-ufos-luigi.v2.md
    deferred (allowance): 2026-06-05-video-the-crazy-story-that-made-him-quit-investigating-ufos-luigi.v2.md
=== 2026-08-01T13:58:29+09:00 2026-02-20-video-the-dangerous-truth-about-ufos-ross-coulthart-debriefed-ep.v2.md
Parsing record: 2026-02-20-video-the-dangerous-truth-about-ufos-ross-coulthart-debriefed-ep.v2.md
Allowance ceiling: weekly 94% >= 88% start-line (ceiling 95 less 7 reserved for end-of-week verification and fixes)
  window resets at 2026-08-05T11:00:00.233239+00:00
  Not starting. Completed chunks are cached; resume is cheap.
--- rc=77 elapsed=2s 2026-02-20-video-the-dangerous-truth-about-ufos-ross-coulthart-debriefed-ep.v2.md
    deferred (allowance): 2026-02-20-video-the-dangerous-truth-about-ufos-ross-coulthart-debriefed-ep.v2.md
=== 2026-08-01T13:58:31+09:00 2026-04-03-video-aliens-angels-and-daemons-michael-phillip-debriefed-ep-82.v2.md
Parsing record: 2026-04-03-video-aliens-angels-and-daemons-michael-phillip-debriefed-ep-82.v2.md
Allowance ceiling: weekly 94% >= 88% start-line (ceiling 95 less 7 reserved for end-of-week verification and fixes)
  window resets at 2026-08-05T11:00:00.233239+00:00
  Not starting. Completed chunks are cached; resume is cheap.
--- rc=77 elapsed=2s 2026-04-03-video-aliens-angels-and-daemons-michael-phillip-debriefed-ep-82.v2.md
    deferred (allowance): 2026-04-03-video-aliens-angels-and-daemons-michael-phillip-debriefed-ep-82.v2.md
=== 2026-08-01T13:58:33+09:00 2026-05-15-video-new-leaked-document-mentions-surviving-aliens-jeremy.v2.md
Parsing record: 2026-05-15-video-new-leaked-document-mentions-surviving-aliens-jeremy.v2.md
Allowance ceiling: weekly 94% >= 88% start-line (ceiling 95 less 7 reserved for end-of-week verification and fixes)
  window resets at 2026-08-05T11:00:00.233239+00:00
  Not starting. Completed chunks are cached; resume is cheap.
--- rc=77 elapsed=3s 2026-05-15-video-new-leaked-document-mentions-surviving-aliens-jeremy.v2.md
    deferred (allowance): 2026-05-15-video-new-leaked-document-mentions-surviving-aliens-jeremy.v2.md
=== 2026-08-01T13:58:36+09:00 2026-07-14-video-the-ufo-cover-up-leads-to-one-secret-society-and-one-final.v2.md
Parsing record: 2026-07-14-video-the-ufo-cover-up-leads-to-one-secret-society-and-one-final.v2.md
Allowance ceiling: weekly 94% >= 88% start-line (ceiling 95 less 7 reserved for end-of-week verification and fixes)
  window resets at 2026-08-05T11:00:00.233239+00:00
  Not starting. Completed chunks are cached; resume is cheap.
--- rc=77 elapsed=2s 2026-07-14-video-the-ufo-cover-up-leads-to-one-secret-society-and-one-final.v2.md
    deferred (allowance): 2026-07-14-video-the-ufo-cover-up-leads-to-one-secret-society-and-one-final.v2.md
=== 2026-08-01T13:58:38+09:00 2026-01-02-video-the-alien-interview-tape-might-be-real-jon-stewart.v2.md
Parsing record: 2026-01-02-video-the-alien-interview-tape-might-be-real-jon-stewart.v2.md
Allowance ceiling: weekly 94% >= 88% start-line (ceiling 95 less 7 reserved for end-of-week verification and fixes)
  window resets at 2026-08-05T11:00:00.233239+00:00
  Not starting. Completed chunks are cached; resume is cheap.
--- rc=77 elapsed=2s 2026-01-02-video-the-alien-interview-tape-might-be-real-jon-stewart.v2.md
    deferred (allowance): 2026-01-02-video-the-alien-interview-tape-might-be-real-jon-stewart.v2.md
=== 2026-08-01T13:58:40+09:00 2026-03-13-video-the-alien-conclusion-according-to-50-years-of-research.v2.md
Parsing record: 2026-03-13-video-the-alien-conclusion-according-to-50-years-of-research.v2.md
Allowance ceiling: weekly 94% >= 88% start-line (ceiling 95 less 7 reserved for end-of-week verification and fixes)
  window resets at 2026-08-05T11:00:00.233239+00:00
  Not starting. Completed chunks are cached; resume is cheap.
--- rc=77 elapsed=17s 2026-03-13-video-the-alien-conclusion-according-to-50-years-of-research.v2.md
    deferred (allowance): 2026-03-13-video-the-alien-conclusion-according-to-50-years-of-research.v2.md
=== 2026-08-01T13:58:57+09:00 2025-12-12-video-army-radar-technician-reveals-alien-message-sfc-jeremy-cj.v2.md
Parsing record: 2025-12-12-video-army-radar-technician-reveals-alien-message-sfc-jeremy-cj.v2.md
Allowance ceiling: weekly 94% >= 88% start-line (ceiling 95 less 7 reserved for end-of-week verification and fixes)
  window resets at 2026-08-05T11:00:00.233239+00:00
  Not starting. Completed chunks are cached; resume is cheap.
--- rc=77 elapsed=1s 2025-12-12-video-army-radar-technician-reveals-alien-message-sfc-jeremy-cj.v2.md
    deferred (allowance): 2025-12-12-video-army-radar-technician-reveals-alien-message-sfc-jeremy-cj.v2.md
=== 2026-08-01T13:58:59+09:00 2025-01-17-video-the-alien-secret-majestic-12-debriefed-ep-22.v2.md
Parsing record: 2025-01-17-video-the-alien-secret-majestic-12-debriefed-ep-22.v2.md
Allowance ceiling: weekly 94% >= 93% start-line (ceiling 95 less 2 reserved for end-of-week verification and fixes)
  window resets at 2026-08-05T11:00:00.233239+00:00
  Not starting. Completed chunks are cached; resume is cheap.
--- rc=77 elapsed=9s 2025-01-17-video-the-alien-secret-majestic-12-debriefed-ep-22.v2.md
    deferred (allowance): 2025-01-17-video-the-alien-secret-majestic-12-debriefed-ep-22.v2.md
    non-book refused - nothing smaller can pass; parking early
    all remaining deferred by allowance; re-check in 600s
=== 2026-08-01T14:09:08+09:00 2026-07-14-video-is-there-a-ruined-civilization-on-mars-a-theoretical.v2.md
Parsing record: 2026-07-14-video-is-there-a-ruined-civilization-on-mars-a-theoretical.v2.md
Allowance ceiling: weekly 94% >= 88% start-line (ceiling 95 less 7 reserved for end-of-week verification and fixes)
  window resets at 2026-08-05T10:59:59.631359+00:00
  Not starting. Completed chunks are cached; resume is cheap.
--- rc=77 elapsed=2s 2026-07-14-video-is-there-a-ruined-civilization-on-mars-a-theoretical.v2.md
    deferred (allowance): 2026-07-14-video-is-there-a-ruined-civilization-on-mars-a-theoretical.v2.md
=== 2026-08-01T14:09:10+09:00 2026-07-17-video-jesse-michels-uapgerb-chris-ramsay-flying-saucer-diner.v2.md
Parsing record: 2026-07-17-video-jesse-michels-uapgerb-chris-ramsay-flying-saucer-diner.v2.md
Allowance ceiling: weekly 94% >= 88% start-line (ceiling 95 less 7 reserved for end-of-week verification and fixes)
  window resets at 2026-08-05T10:59:59.631359+00:00
  Not starting. Completed chunks are cached; resume is cheap.
--- rc=77 elapsed=5s 2026-07-17-video-jesse-michels-uapgerb-chris-ramsay-flying-saucer-diner.v2.md
    deferred (allowance): 2026-07-17-video-jesse-michels-uapgerb-chris-ramsay-flying-saucer-diner.v2.md
=== 2026-08-01T14:09:15+09:00 2026-07-24-video-the-terrible-truth-about-the-visitors-whitley-strieber-ep-96.v2.md
Parsing record: 2026-07-24-video-the-terrible-truth-about-the-visitors-whitley-strieber-ep-96.v2.md
Allowance ceiling: weekly 94% >= 88% start-line (ceiling 95 less 7 reserved for end-of-week verification and fixes)
  window resets at 2026-08-05T10:59:59.631359+00:00
  Not starting. Completed chunks are cached; resume is cheap.
--- rc=77 elapsed=3s 2026-07-24-video-the-terrible-truth-about-the-visitors-whitley-strieber-ep-96.v2.md
    deferred (allowance): 2026-07-24-video-the-terrible-truth-about-the-visitors-whitley-strieber-ep-96.v2.md
=== 2026-08-01T14:09:18+09:00 2026-07-20-video-proof-that-nasa-censored-moon-photos-and-the-astronauts-knew.v2.md
Parsing record: 2026-07-20-video-proof-that-nasa-censored-moon-photos-and-the-astronauts-knew.v2.md
Allowance ceiling: weekly 94% >= 88% start-line (ceiling 95 less 7 reserved for end-of-week verification and fixes)
  window resets at 2026-08-05T10:59:59.631359+00:00
  Not starting. Completed chunks are cached; resume is cheap.
--- rc=77 elapsed=2s 2026-07-20-video-proof-that-nasa-censored-moon-photos-and-the-astronauts-knew.v2.md
    deferred (allowance): 2026-07-20-video-proof-that-nasa-censored-moon-photos-and-the-astronauts-knew.v2.md
=== 2026-08-01T14:09:20+09:00 2026-06-05-video-the-crazy-story-that-made-him-quit-investigating-ufos-luigi.v2.md
Parsing record: 2026-06-05-video-the-crazy-story-that-made-him-quit-investigating-ufos-luigi.v2.md
Allowance ceiling: weekly 94% >= 88% start-line (ceiling 95 less 7 reserved for end-of-week verification and fixes)
  window resets at 2026-08-05T10:59:59.631359+00:00
  Not starting. Completed chunks are cached; resume is cheap.
--- rc=77 elapsed=10s 2026-06-05-video-the-crazy-story-that-made-him-quit-investigating-ufos-luigi.v2.md
    deferred (allowance): 2026-06-05-video-the-crazy-story-that-made-him-quit-investigating-ufos-luigi.v2.md
=== 2026-08-01T14:09:30+09:00 2026-02-20-video-the-dangerous-truth-about-ufos-ross-coulthart-debriefed-ep.v2.md
Parsing record: 2026-02-20-video-the-dangerous-truth-about-ufos-ross-coulthart-debriefed-ep.v2.md
Allowance ceiling: weekly 94% >= 88% start-line (ceiling 95 less 7 reserved for end-of-week verification and fixes)
  window resets at 2026-08-05T10:59:59.631359+00:00
  Not starting. Completed chunks are cached; resume is cheap.
--- rc=77 elapsed=3s 2026-02-20-video-the-dangerous-truth-about-ufos-ross-coulthart-debriefed-ep.v2.md
    deferred (allowance): 2026-02-20-video-the-dangerous-truth-about-ufos-ross-coulthart-debriefed-ep.v2.md
=== 2026-08-01T14:09:33+09:00 2026-04-03-video-aliens-angels-and-daemons-michael-phillip-debriefed-ep-82.v2.md
Parsing record: 2026-04-03-video-aliens-angels-and-daemons-michael-phillip-debriefed-ep-82.v2.md
Allowance ceiling: weekly 94% >= 88% start-line (ceiling 95 less 7 reserved for end-of-week verification and fixes)
  window resets at 2026-08-05T10:59:59.631359+00:00
  Not starting. Completed chunks are cached; resume is cheap.
--- rc=77 elapsed=2s 2026-04-03-video-aliens-angels-and-daemons-michael-phillip-debriefed-ep-82.v2.md
    deferred (allowance): 2026-04-03-video-aliens-angels-and-daemons-michael-phillip-debriefed-ep-82.v2.md
=== 2026-08-01T14:09:36+09:00 2026-05-15-video-new-leaked-document-mentions-surviving-aliens-jeremy.v2.md
Parsing record: 2026-05-15-video-new-leaked-document-mentions-surviving-aliens-jeremy.v2.md
Allowance ceiling: weekly 94% >= 88% start-line (ceiling 95 less 7 reserved for end-of-week verification and fixes)
  window resets at 2026-08-05T10:59:59.631359+00:00
  Not starting. Completed chunks are cached; resume is cheap.
--- rc=77 elapsed=2s 2026-05-15-video-new-leaked-document-mentions-surviving-aliens-jeremy.v2.md
    deferred (allowance): 2026-05-15-video-new-leaked-document-mentions-surviving-aliens-jeremy.v2.md
=== 2026-08-01T14:09:38+09:00 2026-07-14-video-the-ufo-cover-up-leads-to-one-secret-society-and-one-final.v2.md
Parsing record: 2026-07-14-video-the-ufo-cover-up-leads-to-one-secret-society-and-one-final.v2.md
Allowance ceiling: weekly 94% >= 88% start-line (ceiling 95 less 7 reserved for end-of-week verification and fixes)
  window resets at 2026-08-05T10:59:59.631359+00:00
  Not starting. Completed chunks are cached; resume is cheap.
--- rc=77 elapsed=2s 2026-07-14-video-the-ufo-cover-up-leads-to-one-secret-society-and-one-final.v2.md
    deferred (allowance): 2026-07-14-video-the-ufo-cover-up-leads-to-one-secret-society-and-one-final.v2.md
=== 2026-08-01T14:09:40+09:00 2026-01-02-video-the-alien-interview-tape-might-be-real-jon-stewart.v2.md
Parsing record: 2026-01-02-video-the-alien-interview-tape-might-be-real-jon-stewart.v2.md
Allowance ceiling: weekly 94% >= 88% start-line (ceiling 95 less 7 reserved for end-of-week verification and fixes)
  window resets at 2026-08-05T10:59:59.631359+00:00
  Not starting. Completed chunks are cached; resume is cheap.
--- rc=77 elapsed=18s 2026-01-02-video-the-alien-interview-tape-might-be-real-jon-stewart.v2.md
    deferred (allowance): 2026-01-02-video-the-alien-interview-tape-might-be-real-jon-stewart.v2.md
=== 2026-08-01T14:09:58+09:00 2026-03-13-video-the-alien-conclusion-according-to-50-years-of-research.v2.md
Parsing record: 2026-03-13-video-the-alien-conclusion-according-to-50-years-of-research.v2.md
Allowance ceiling: weekly 94% >= 88% start-line (ceiling 95 less 7 reserved for end-of-week verification and fixes)
  window resets at 2026-08-05T10:59:59.631359+00:00
  Not starting. Completed chunks are cached; resume is cheap.
--- rc=77 elapsed=2s 2026-03-13-video-the-alien-conclusion-according-to-50-years-of-research.v2.md
    deferred (allowance): 2026-03-13-video-the-alien-conclusion-according-to-50-years-of-research.v2.md
=== 2026-08-01T14:10:00+09:00 2025-12-12-video-army-radar-technician-reveals-alien-message-sfc-jeremy-cj.v2.md
Parsing record: 2025-12-12-video-army-radar-technician-reveals-alien-message-sfc-jeremy-cj.v2.md
Allowance ceiling: weekly 94% >= 88% start-line (ceiling 95 less 7 reserved for end-of-week verification and fixes)
  window resets at 2026-08-05T10:59:59.631359+00:00
  Not starting. Completed chunks are cached; resume is cheap.
--- rc=77 elapsed=9s 2025-12-12-video-army-radar-technician-reveals-alien-message-sfc-jeremy-cj.v2.md
    deferred (allowance): 2025-12-12-video-army-radar-technician-reveals-alien-message-sfc-jeremy-cj.v2.md
=== 2026-08-01T14:10:09+09:00 2025-01-17-video-the-alien-secret-majestic-12-debriefed-ep-22.v2.md
Parsing record: 2025-01-17-video-the-alien-secret-majestic-12-debriefed-ep-22.v2.md
Allowance ceiling: weekly 94% >= 93% start-line (ceiling 95 less 2 reserved for end-of-week verification and fixes)
  window resets at 2026-08-05T10:59:59.631359+00:00
  Not starting. Completed chunks are cached; resume is cheap.
--- rc=77 elapsed=3s 2025-01-17-video-the-alien-secret-majestic-12-debriefed-ep-22.v2.md
    deferred (allowance): 2025-01-17-video-the-alien-secret-majestic-12-debriefed-ep-22.v2.md
    non-book refused - nothing smaller can pass; parking early
    all remaining deferred by allowance; re-check in 600s
=== 2026-08-01T14:20:13+09:00 2026-07-14-video-is-there-a-ruined-civilization-on-mars-a-theoretical.v2.md
Parsing record: 2026-07-14-video-is-there-a-ruined-civilization-on-mars-a-theoretical.v2.md
Allowance ceiling: weekly 94% >= 88% start-line (ceiling 95 less 7 reserved for end-of-week verification and fixes)
  window resets at 2026-08-05T11:00:00.223504+00:00
  Not starting. Completed chunks are cached; resume is cheap.
--- rc=77 elapsed=9s 2026-07-14-video-is-there-a-ruined-civilization-on-mars-a-theoretical.v2.md
    deferred (allowance): 2026-07-14-video-is-there-a-ruined-civilization-on-mars-a-theoretical.v2.md
=== 2026-08-01T14:20:22+09:00 2026-07-17-video-jesse-michels-uapgerb-chris-ramsay-flying-saucer-diner.v2.md
Parsing record: 2026-07-17-video-jesse-michels-uapgerb-chris-ramsay-flying-saucer-diner.v2.md
Allowance ceiling: weekly 94% >= 88% start-line (ceiling 95 less 7 reserved for end-of-week verification and fixes)
  window resets at 2026-08-05T11:00:00.223504+00:00
  Not starting. Completed chunks are cached; resume is cheap.
--- rc=77 elapsed=9s 2026-07-17-video-jesse-michels-uapgerb-chris-ramsay-flying-saucer-diner.v2.md
    deferred (allowance): 2026-07-17-video-jesse-michels-uapgerb-chris-ramsay-flying-saucer-diner.v2.md
=== 2026-08-01T14:20:31+09:00 2026-07-24-video-the-terrible-truth-about-the-visitors-whitley-strieber-ep-96.v2.md
Parsing record: 2026-07-24-video-the-terrible-truth-about-the-visitors-whitley-strieber-ep-96.v2.md
Allowance ceiling: weekly 94% >= 88% start-line (ceiling 95 less 7 reserved for end-of-week verification and fixes)
  window resets at 2026-08-05T11:00:00.223504+00:00
  Not starting. Completed chunks are cached; resume is cheap.
--- rc=77 elapsed=3s 2026-07-24-video-the-terrible-truth-about-the-visitors-whitley-strieber-ep-96.v2.md
    deferred (allowance): 2026-07-24-video-the-terrible-truth-about-the-visitors-whitley-strieber-ep-96.v2.md
=== 2026-08-01T14:20:34+09:00 2026-07-20-video-proof-that-nasa-censored-moon-photos-and-the-astronauts-knew.v2.md
Parsing record: 2026-07-20-video-proof-that-nasa-censored-moon-photos-and-the-astronauts-knew.v2.md
Allowance ceiling: weekly 94% >= 88% start-line (ceiling 95 less 7 reserved for end-of-week verification and fixes)
  window resets at 2026-08-05T11:00:00.223504+00:00
  Not starting. Completed chunks are cached; resume is cheap.
--- rc=77 elapsed=3s 2026-07-20-video-proof-that-nasa-censored-moon-photos-and-the-astronauts-knew.v2.md
    deferred (allowance): 2026-07-20-video-proof-that-nasa-censored-moon-photos-and-the-astronauts-knew.v2.md
=== 2026-08-01T14:20:37+09:00 2026-06-05-video-the-crazy-story-that-made-him-quit-investigating-ufos-luigi.v2.md
Parsing record: 2026-06-05-video-the-crazy-story-that-made-him-quit-investigating-ufos-luigi.v2.md
Allowance ceiling: weekly 94% >= 88% start-line (ceiling 95 less 7 reserved for end-of-week verification and fixes)
  window resets at 2026-08-05T11:00:00.223504+00:00
  Not starting. Completed chunks are cached; resume is cheap.
--- rc=77 elapsed=2s 2026-06-05-video-the-crazy-story-that-made-him-quit-investigating-ufos-luigi.v2.md
    deferred (allowance): 2026-06-05-video-the-crazy-story-that-made-him-quit-investigating-ufos-luigi.v2.md
=== 2026-08-01T14:20:39+09:00 2026-02-20-video-the-dangerous-truth-about-ufos-ross-coulthart-debriefed-ep.v2.md
Parsing record: 2026-02-20-video-the-dangerous-truth-about-ufos-ross-coulthart-debriefed-ep.v2.md
Allowance ceiling: weekly 94% >= 88% start-line (ceiling 95 less 7 reserved for end-of-week verification and fixes)
  window resets at 2026-08-05T11:00:00.223504+00:00
  Not starting. Completed chunks are cached; resume is cheap.
--- rc=77 elapsed=17s 2026-02-20-video-the-dangerous-truth-about-ufos-ross-coulthart-debriefed-ep.v2.md
    deferred (allowance): 2026-02-20-video-the-dangerous-truth-about-ufos-ross-coulthart-debriefed-ep.v2.md
=== 2026-08-01T14:20:56+09:00 2026-04-03-video-aliens-angels-and-daemons-michael-phillip-debriefed-ep-82.v2.md
Parsing record: 2026-04-03-video-aliens-angels-and-daemons-michael-phillip-debriefed-ep-82.v2.md
Allowance ceiling: weekly 94% >= 88% start-line (ceiling 95 less 7 reserved for end-of-week verification and fixes)
  window resets at 2026-08-05T11:00:00.223504+00:00
  Not starting. Completed chunks are cached; resume is cheap.
--- rc=77 elapsed=2s 2026-04-03-video-aliens-angels-and-daemons-michael-phillip-debriefed-ep-82.v2.md
    deferred (allowance): 2026-04-03-video-aliens-angels-and-daemons-michael-phillip-debriefed-ep-82.v2.md
=== 2026-08-01T14:20:58+09:00 2026-05-15-video-new-leaked-document-mentions-surviving-aliens-jeremy.v2.md
Parsing record: 2026-05-15-video-new-leaked-document-mentions-surviving-aliens-jeremy.v2.md
Allowance ceiling: weekly 94% >= 88% start-line (ceiling 95 less 7 reserved for end-of-week verification and fixes)
  window resets at 2026-08-05T11:00:00.223504+00:00
  Not starting. Completed chunks are cached; resume is cheap.
--- rc=77 elapsed=3s 2026-05-15-video-new-leaked-document-mentions-surviving-aliens-jeremy.v2.md
    deferred (allowance): 2026-05-15-video-new-leaked-document-mentions-surviving-aliens-jeremy.v2.md
=== 2026-08-01T14:21:01+09:00 2026-07-14-video-the-ufo-cover-up-leads-to-one-secret-society-and-one-final.v2.md
Parsing record: 2026-07-14-video-the-ufo-cover-up-leads-to-one-secret-society-and-one-final.v2.md
Allowance ceiling: weekly 94% >= 88% start-line (ceiling 95 less 7 reserved for end-of-week verification and fixes)
  window resets at 2026-08-05T11:00:00.223504+00:00
  Not starting. Completed chunks are cached; resume is cheap.
--- rc=77 elapsed=10s 2026-07-14-video-the-ufo-cover-up-leads-to-one-secret-society-and-one-final.v2.md
    deferred (allowance): 2026-07-14-video-the-ufo-cover-up-leads-to-one-secret-society-and-one-final.v2.md
=== 2026-08-01T14:21:11+09:00 2026-01-02-video-the-alien-interview-tape-might-be-real-jon-stewart.v2.md
Parsing record: 2026-01-02-video-the-alien-interview-tape-might-be-real-jon-stewart.v2.md
Allowance ceiling: weekly 94% >= 88% start-line (ceiling 95 less 7 reserved for end-of-week verification and fixes)
  window resets at 2026-08-05T11:00:00.223504+00:00
  Not starting. Completed chunks are cached; resume is cheap.
--- rc=77 elapsed=9s 2026-01-02-video-the-alien-interview-tape-might-be-real-jon-stewart.v2.md
    deferred (allowance): 2026-01-02-video-the-alien-interview-tape-might-be-real-jon-stewart.v2.md
=== 2026-08-01T14:21:20+09:00 2026-03-13-video-the-alien-conclusion-according-to-50-years-of-research.v2.md
Parsing record: 2026-03-13-video-the-alien-conclusion-according-to-50-years-of-research.v2.md
Allowance ceiling: weekly 94% >= 88% start-line (ceiling 95 less 7 reserved for end-of-week verification and fixes)
  window resets at 2026-08-05T11:00:00.223504+00:00
  Not starting. Completed chunks are cached; resume is cheap.
--- rc=77 elapsed=12s 2026-03-13-video-the-alien-conclusion-according-to-50-years-of-research.v2.md
    deferred (allowance): 2026-03-13-video-the-alien-conclusion-according-to-50-years-of-research.v2.md
=== 2026-08-01T14:21:32+09:00 2025-12-12-video-army-radar-technician-reveals-alien-message-sfc-jeremy-cj.v2.md
Parsing record: 2025-12-12-video-army-radar-technician-reveals-alien-message-sfc-jeremy-cj.v2.md
Allowance ceiling: weekly 94% >= 88% start-line (ceiling 95 less 7 reserved for end-of-week verification and fixes)
  window resets at 2026-08-05T11:00:00.223504+00:00
  Not starting. Completed chunks are cached; resume is cheap.
--- rc=77 elapsed=3s 2025-12-12-video-army-radar-technician-reveals-alien-message-sfc-jeremy-cj.v2.md
    deferred (allowance): 2025-12-12-video-army-radar-technician-reveals-alien-message-sfc-jeremy-cj.v2.md
=== 2026-08-01T14:21:35+09:00 2025-01-17-video-the-alien-secret-majestic-12-debriefed-ep-22.v2.md
Parsing record: 2025-01-17-video-the-alien-secret-majestic-12-debriefed-ep-22.v2.md
Allowance ceiling: weekly 94% >= 93% start-line (ceiling 95 less 2 reserved for end-of-week verification and fixes)
  window resets at 2026-08-05T11:00:00.223504+00:00
  Not starting. Completed chunks are cached; resume is cheap.
--- rc=77 elapsed=2s 2025-01-17-video-the-alien-secret-majestic-12-debriefed-ep-22.v2.md
    deferred (allowance): 2025-01-17-video-the-alien-secret-majestic-12-debriefed-ep-22.v2.md
    non-book refused - nothing smaller can pass; parking early
    all remaining deferred by allowance; re-check in 600s
=== 2026-08-01T14:31:38+09:00 2026-07-14-video-is-there-a-ruined-civilization-on-mars-a-theoretical.v2.md
Parsing record: 2026-07-14-video-is-there-a-ruined-civilization-on-mars-a-theoretical.v2.md
Allowance ceiling: weekly 94% >= 88% start-line (ceiling 95 less 7 reserved for end-of-week verification and fixes)
  window resets at 2026-08-05T11:00:00.366582+00:00
  Not starting. Completed chunks are cached; resume is cheap.
--- rc=77 elapsed=2s 2026-07-14-video-is-there-a-ruined-civilization-on-mars-a-theoretical.v2.md
    deferred (allowance): 2026-07-14-video-is-there-a-ruined-civilization-on-mars-a-theoretical.v2.md
=== 2026-08-01T14:31:40+09:00 2026-07-17-video-jesse-michels-uapgerb-chris-ramsay-flying-saucer-diner.v2.md
Parsing record: 2026-07-17-video-jesse-michels-uapgerb-chris-ramsay-flying-saucer-diner.v2.md
Allowance ceiling: weekly 94% >= 88% start-line (ceiling 95 less 7 reserved for end-of-week verification and fixes)
  window resets at 2026-08-05T11:00:00.366582+00:00
  Not starting. Completed chunks are cached; resume is cheap.
--- rc=77 elapsed=16s 2026-07-17-video-jesse-michels-uapgerb-chris-ramsay-flying-saucer-diner.v2.md
    deferred (allowance): 2026-07-17-video-jesse-michels-uapgerb-chris-ramsay-flying-saucer-diner.v2.md
=== 2026-08-01T14:31:56+09:00 2026-07-24-video-the-terrible-truth-about-the-visitors-whitley-strieber-ep-96.v2.md
Parsing record: 2026-07-24-video-the-terrible-truth-about-the-visitors-whitley-strieber-ep-96.v2.md
Allowance ceiling: weekly 94% >= 88% start-line (ceiling 95 less 7 reserved for end-of-week verification and fixes)
  window resets at 2026-08-05T11:00:00.366582+00:00
  Not starting. Completed chunks are cached; resume is cheap.
--- rc=77 elapsed=2s 2026-07-24-video-the-terrible-truth-about-the-visitors-whitley-strieber-ep-96.v2.md
    deferred (allowance): 2026-07-24-video-the-terrible-truth-about-the-visitors-whitley-strieber-ep-96.v2.md
=== 2026-08-01T14:31:58+09:00 2026-07-20-video-proof-that-nasa-censored-moon-photos-and-the-astronauts-knew.v2.md
Parsing record: 2026-07-20-video-proof-that-nasa-censored-moon-photos-and-the-astronauts-knew.v2.md
Allowance ceiling: weekly 94% >= 88% start-line (ceiling 95 less 7 reserved for end-of-week verification and fixes)
  window resets at 2026-08-05T11:00:00.366582+00:00
  Not starting. Completed chunks are cached; resume is cheap.
--- rc=77 elapsed=2s 2026-07-20-video-proof-that-nasa-censored-moon-photos-and-the-astronauts-knew.v2.md
    deferred (allowance): 2026-07-20-video-proof-that-nasa-censored-moon-photos-and-the-astronauts-knew.v2.md
=== 2026-08-01T14:32:00+09:00 2026-06-05-video-the-crazy-story-that-made-him-quit-investigating-ufos-luigi.v2.md
Parsing record: 2026-06-05-video-the-crazy-story-that-made-him-quit-investigating-ufos-luigi.v2.md
Allowance ceiling: weekly 94% >= 88% start-line (ceiling 95 less 7 reserved for end-of-week verification and fixes)
  window resets at 2026-08-05T11:00:00.366582+00:00
  Not starting. Completed chunks are cached; resume is cheap.
--- rc=77 elapsed=8s 2026-06-05-video-the-crazy-story-that-made-him-quit-investigating-ufos-luigi.v2.md
    deferred (allowance): 2026-06-05-video-the-crazy-story-that-made-him-quit-investigating-ufos-luigi.v2.md
=== 2026-08-01T14:32:08+09:00 2026-02-20-video-the-dangerous-truth-about-ufos-ross-coulthart-debriefed-ep.v2.md
Parsing record: 2026-02-20-video-the-dangerous-truth-about-ufos-ross-coulthart-debriefed-ep.v2.md
Allowance ceiling: weekly 94% >= 88% start-line (ceiling 95 less 7 reserved for end-of-week verification and fixes)
  window resets at 2026-08-05T11:00:00.366582+00:00
  Not starting. Completed chunks are cached; resume is cheap.
--- rc=77 elapsed=2s 2026-02-20-video-the-dangerous-truth-about-ufos-ross-coulthart-debriefed-ep.v2.md
    deferred (allowance): 2026-02-20-video-the-dangerous-truth-about-ufos-ross-coulthart-debriefed-ep.v2.md
=== 2026-08-01T14:32:10+09:00 2026-04-03-video-aliens-angels-and-daemons-michael-phillip-debriefed-ep-82.v2.md
Parsing record: 2026-04-03-video-aliens-angels-and-daemons-michael-phillip-debriefed-ep-82.v2.md
Allowance ceiling: weekly 94% >= 88% start-line (ceiling 95 less 7 reserved for end-of-week verification and fixes)
  window resets at 2026-08-05T11:00:00.366582+00:00
  Not starting. Completed chunks are cached; resume is cheap.
--- rc=77 elapsed=5s 2026-04-03-video-aliens-angels-and-daemons-michael-phillip-debriefed-ep-82.v2.md
    deferred (allowance): 2026-04-03-video-aliens-angels-and-daemons-michael-phillip-debriefed-ep-82.v2.md
=== 2026-08-01T14:32:15+09:00 2026-05-15-video-new-leaked-document-mentions-surviving-aliens-jeremy.v2.md
Parsing record: 2026-05-15-video-new-leaked-document-mentions-surviving-aliens-jeremy.v2.md
Allowance ceiling: weekly 94% >= 88% start-line (ceiling 95 less 7 reserved for end-of-week verification and fixes)
  window resets at 2026-08-05T11:00:00.366582+00:00
  Not starting. Completed chunks are cached; resume is cheap.
--- rc=77 elapsed=4s 2026-05-15-video-new-leaked-document-mentions-surviving-aliens-jeremy.v2.md
    deferred (allowance): 2026-05-15-video-new-leaked-document-mentions-surviving-aliens-jeremy.v2.md
=== 2026-08-01T14:32:19+09:00 2026-07-14-video-the-ufo-cover-up-leads-to-one-secret-society-and-one-final.v2.md
Parsing record: 2026-07-14-video-the-ufo-cover-up-leads-to-one-secret-society-and-one-final.v2.md
Allowance ceiling: weekly 94% >= 88% start-line (ceiling 95 less 7 reserved for end-of-week verification and fixes)
  window resets at 2026-08-05T11:00:00.366582+00:00
  Not starting. Completed chunks are cached; resume is cheap.
--- rc=77 elapsed=2s 2026-07-14-video-the-ufo-cover-up-leads-to-one-secret-society-and-one-final.v2.md
    deferred (allowance): 2026-07-14-video-the-ufo-cover-up-leads-to-one-secret-society-and-one-final.v2.md
=== 2026-08-01T14:32:21+09:00 2026-01-02-video-the-alien-interview-tape-might-be-real-jon-stewart.v2.md
Parsing record: 2026-01-02-video-the-alien-interview-tape-might-be-real-jon-stewart.v2.md
Allowance ceiling: weekly 94% >= 88% start-line (ceiling 95 less 7 reserved for end-of-week verification and fixes)
  window resets at 2026-08-05T11:00:00.366582+00:00
  Not starting. Completed chunks are cached; resume is cheap.
--- rc=77 elapsed=12s 2026-01-02-video-the-alien-interview-tape-might-be-real-jon-stewart.v2.md
    deferred (allowance): 2026-01-02-video-the-alien-interview-tape-might-be-real-jon-stewart.v2.md
=== 2026-08-01T14:32:33+09:00 2026-03-13-video-the-alien-conclusion-according-to-50-years-of-research.v2.md
Parsing record: 2026-03-13-video-the-alien-conclusion-according-to-50-years-of-research.v2.md
Allowance ceiling: weekly 94% >= 88% start-line (ceiling 95 less 7 reserved for end-of-week verification and fixes)
  window resets at 2026-08-05T11:00:00.366582+00:00
  Not starting. Completed chunks are cached; resume is cheap.
--- rc=77 elapsed=2s 2026-03-13-video-the-alien-conclusion-according-to-50-years-of-research.v2.md
    deferred (allowance): 2026-03-13-video-the-alien-conclusion-according-to-50-years-of-research.v2.md
=== 2026-08-01T14:32:35+09:00 2025-12-12-video-army-radar-technician-reveals-alien-message-sfc-jeremy-cj.v2.md
Parsing record: 2025-12-12-video-army-radar-technician-reveals-alien-message-sfc-jeremy-cj.v2.md
Allowance ceiling: weekly 94% >= 88% start-line (ceiling 95 less 7 reserved for end-of-week verification and fixes)
  window resets at 2026-08-05T11:00:00.366582+00:00
  Not starting. Completed chunks are cached; resume is cheap.
--- rc=77 elapsed=2s 2025-12-12-video-army-radar-technician-reveals-alien-message-sfc-jeremy-cj.v2.md
    deferred (allowance): 2025-12-12-video-army-radar-technician-reveals-alien-message-sfc-jeremy-cj.v2.md
=== 2026-08-01T14:32:37+09:00 2025-01-17-video-the-alien-secret-majestic-12-debriefed-ep-22.v2.md
Parsing record: 2025-01-17-video-the-alien-secret-majestic-12-debriefed-ep-22.v2.md
Allowance ceiling: weekly 94% >= 93% start-line (ceiling 95 less 2 reserved for end-of-week verification and fixes)
  window resets at 2026-08-05T11:00:00.366582+00:00
  Not starting. Completed chunks are cached; resume is cheap.
--- rc=77 elapsed=2s 2025-01-17-video-the-alien-secret-majestic-12-debriefed-ep-22.v2.md
    deferred (allowance): 2025-01-17-video-the-alien-secret-majestic-12-debriefed-ep-22.v2.md
    non-book refused - nothing smaller can pass; parking early
    all remaining deferred by allowance; re-check in 600s
=== 2026-08-01T14:42:39+09:00 2026-07-14-video-is-there-a-ruined-civilization-on-mars-a-theoretical.v2.md
Parsing record: 2026-07-14-video-is-there-a-ruined-civilization-on-mars-a-theoretical.v2.md
Allowance ceiling: weekly 95% >= 88% start-line (ceiling 95 less 7 reserved for end-of-week verification and fixes)
  window resets at 2026-08-05T10:59:59.135682+00:00
  Not starting. Completed chunks are cached; resume is cheap.
--- rc=77 elapsed=2s 2026-07-14-video-is-there-a-ruined-civilization-on-mars-a-theoretical.v2.md
    deferred (allowance): 2026-07-14-video-is-there-a-ruined-civilization-on-mars-a-theoretical.v2.md
=== 2026-08-01T14:42:41+09:00 2026-07-17-video-jesse-michels-uapgerb-chris-ramsay-flying-saucer-diner.v2.md
Parsing record: 2026-07-17-video-jesse-michels-uapgerb-chris-ramsay-flying-saucer-diner.v2.md
Allowance ceiling: weekly 95% >= 88% start-line (ceiling 95 less 7 reserved for end-of-week verification and fixes)
  window resets at 2026-08-05T10:59:59.135682+00:00
  Not starting. Completed chunks are cached; resume is cheap.
--- rc=77 elapsed=17s 2026-07-17-video-jesse-michels-uapgerb-chris-ramsay-flying-saucer-diner.v2.md
    deferred (allowance): 2026-07-17-video-jesse-michels-uapgerb-chris-ramsay-flying-saucer-diner.v2.md
=== 2026-08-01T14:42:58+09:00 2026-07-24-video-the-terrible-truth-about-the-visitors-whitley-strieber-ep-96.v2.md
Parsing record: 2026-07-24-video-the-terrible-truth-about-the-visitors-whitley-strieber-ep-96.v2.md
Allowance ceiling: weekly 95% >= 88% start-line (ceiling 95 less 7 reserved for end-of-week verification and fixes)
  window resets at 2026-08-05T10:59:59.135682+00:00
  Not starting. Completed chunks are cached; resume is cheap.
--- rc=77 elapsed=1s 2026-07-24-video-the-terrible-truth-about-the-visitors-whitley-strieber-ep-96.v2.md
    deferred (allowance): 2026-07-24-video-the-terrible-truth-about-the-visitors-whitley-strieber-ep-96.v2.md
=== 2026-08-01T14:42:59+09:00 2026-07-20-video-proof-that-nasa-censored-moon-photos-and-the-astronauts-knew.v2.md
Parsing record: 2026-07-20-video-proof-that-nasa-censored-moon-photos-and-the-astronauts-knew.v2.md
Allowance ceiling: weekly 95% >= 88% start-line (ceiling 95 less 7 reserved for end-of-week verification and fixes)
  window resets at 2026-08-05T10:59:59.135682+00:00
  Not starting. Completed chunks are cached; resume is cheap.
--- rc=77 elapsed=9s 2026-07-20-video-proof-that-nasa-censored-moon-photos-and-the-astronauts-knew.v2.md
    deferred (allowance): 2026-07-20-video-proof-that-nasa-censored-moon-photos-and-the-astronauts-knew.v2.md
=== 2026-08-01T14:43:08+09:00 2026-06-05-video-the-crazy-story-that-made-him-quit-investigating-ufos-luigi.v2.md
Parsing record: 2026-06-05-video-the-crazy-story-that-made-him-quit-investigating-ufos-luigi.v2.md
Allowance ceiling: weekly 95% >= 88% start-line (ceiling 95 less 7 reserved for end-of-week verification and fixes)
  window resets at 2026-08-05T10:59:59.135682+00:00
  Not starting. Completed chunks are cached; resume is cheap.
--- rc=77 elapsed=2s 2026-06-05-video-the-crazy-story-that-made-him-quit-investigating-ufos-luigi.v2.md
    deferred (allowance): 2026-06-05-video-the-crazy-story-that-made-him-quit-investigating-ufos-luigi.v2.md
=== 2026-08-01T14:43:10+09:00 2026-02-20-video-the-dangerous-truth-about-ufos-ross-coulthart-debriefed-ep.v2.md
Parsing record: 2026-02-20-video-the-dangerous-truth-about-ufos-ross-coulthart-debriefed-ep.v2.md
Allowance ceiling: weekly 95% >= 88% start-line (ceiling 95 less 7 reserved for end-of-week verification and fixes)
  window resets at 2026-08-05T10:59:59.135682+00:00
  Not starting. Completed chunks are cached; resume is cheap.
--- rc=77 elapsed=9s 2026-02-20-video-the-dangerous-truth-about-ufos-ross-coulthart-debriefed-ep.v2.md
    deferred (allowance): 2026-02-20-video-the-dangerous-truth-about-ufos-ross-coulthart-debriefed-ep.v2.md
=== 2026-08-01T14:43:19+09:00 2026-04-03-video-aliens-angels-and-daemons-michael-phillip-debriefed-ep-82.v2.md
Parsing record: 2026-04-03-video-aliens-angels-and-daemons-michael-phillip-debriefed-ep-82.v2.md
Allowance ceiling: weekly 95% >= 88% start-line (ceiling 95 less 7 reserved for end-of-week verification and fixes)
  window resets at 2026-08-05T10:59:59.135682+00:00
  Not starting. Completed chunks are cached; resume is cheap.
--- rc=77 elapsed=2s 2026-04-03-video-aliens-angels-and-daemons-michael-phillip-debriefed-ep-82.v2.md
    deferred (allowance): 2026-04-03-video-aliens-angels-and-daemons-michael-phillip-debriefed-ep-82.v2.md
=== 2026-08-01T14:43:21+09:00 2026-05-15-video-new-leaked-document-mentions-surviving-aliens-jeremy.v2.md
Parsing record: 2026-05-15-video-new-leaked-document-mentions-surviving-aliens-jeremy.v2.md
Allowance ceiling: weekly 95% >= 88% start-line (ceiling 95 less 7 reserved for end-of-week verification and fixes)
  window resets at 2026-08-05T10:59:59.135682+00:00
  Not starting. Completed chunks are cached; resume is cheap.
--- rc=77 elapsed=10s 2026-05-15-video-new-leaked-document-mentions-surviving-aliens-jeremy.v2.md
    deferred (allowance): 2026-05-15-video-new-leaked-document-mentions-surviving-aliens-jeremy.v2.md
=== 2026-08-01T14:43:31+09:00 2026-07-14-video-the-ufo-cover-up-leads-to-one-secret-society-and-one-final.v2.md
Parsing record: 2026-07-14-video-the-ufo-cover-up-leads-to-one-secret-society-and-one-final.v2.md
Allowance ceiling: weekly 95% >= 88% start-line (ceiling 95 less 7 reserved for end-of-week verification and fixes)
  window resets at 2026-08-05T10:59:59.135682+00:00
  Not starting. Completed chunks are cached; resume is cheap.
--- rc=77 elapsed=3s 2026-07-14-video-the-ufo-cover-up-leads-to-one-secret-society-and-one-final.v2.md
    deferred (allowance): 2026-07-14-video-the-ufo-cover-up-leads-to-one-secret-society-and-one-final.v2.md
=== 2026-08-01T14:43:34+09:00 2026-01-02-video-the-alien-interview-tape-might-be-real-jon-stewart.v2.md
Parsing record: 2026-01-02-video-the-alien-interview-tape-might-be-real-jon-stewart.v2.md
Allowance ceiling: weekly 95% >= 88% start-line (ceiling 95 less 7 reserved for end-of-week verification and fixes)
  window resets at 2026-08-05T10:59:59.135682+00:00
  Not starting. Completed chunks are cached; resume is cheap.
--- rc=77 elapsed=2s 2026-01-02-video-the-alien-interview-tape-might-be-real-jon-stewart.v2.md
    deferred (allowance): 2026-01-02-video-the-alien-interview-tape-might-be-real-jon-stewart.v2.md
=== 2026-08-01T14:43:36+09:00 2026-03-13-video-the-alien-conclusion-according-to-50-years-of-research.v2.md
Parsing record: 2026-03-13-video-the-alien-conclusion-according-to-50-years-of-research.v2.md
Allowance ceiling: weekly 95% >= 88% start-line (ceiling 95 less 7 reserved for end-of-week verification and fixes)
  window resets at 2026-08-05T10:59:59.135682+00:00
  Not starting. Completed chunks are cached; resume is cheap.
--- rc=77 elapsed=2s 2026-03-13-video-the-alien-conclusion-according-to-50-years-of-research.v2.md
    deferred (allowance): 2026-03-13-video-the-alien-conclusion-according-to-50-years-of-research.v2.md
=== 2026-08-01T14:43:38+09:00 2025-12-12-video-army-radar-technician-reveals-alien-message-sfc-jeremy-cj.v2.md
Parsing record: 2025-12-12-video-army-radar-technician-reveals-alien-message-sfc-jeremy-cj.v2.md
Allowance ceiling: weekly 95% >= 88% start-line (ceiling 95 less 7 reserved for end-of-week verification and fixes)
  window resets at 2026-08-05T10:59:59.135682+00:00
  Not starting. Completed chunks are cached; resume is cheap.
--- rc=77 elapsed=2s 2025-12-12-video-army-radar-technician-reveals-alien-message-sfc-jeremy-cj.v2.md
    deferred (allowance): 2025-12-12-video-army-radar-technician-reveals-alien-message-sfc-jeremy-cj.v2.md
=== 2026-08-01T14:43:40+09:00 2025-01-17-video-the-alien-secret-majestic-12-debriefed-ep-22.v2.md
Parsing record: 2025-01-17-video-the-alien-secret-majestic-12-debriefed-ep-22.v2.md
Allowance ceiling: weekly 95% >= 93% start-line (ceiling 95 less 2 reserved for end-of-week verification and fixes)
  window resets at 2026-08-05T10:59:59.135682+00:00
  Not starting. Completed chunks are cached; resume is cheap.
--- rc=77 elapsed=19s 2025-01-17-video-the-alien-secret-majestic-12-debriefed-ep-22.v2.md
    deferred (allowance): 2025-01-17-video-the-alien-secret-majestic-12-debriefed-ep-22.v2.md
    non-book refused - nothing smaller can pass; parking early
    all remaining deferred by allowance; re-check in 600s
=== 2026-08-01T14:54:00+09:00 2026-07-14-video-is-there-a-ruined-civilization-on-mars-a-theoretical.v2.md
Parsing record: 2026-07-14-video-is-there-a-ruined-civilization-on-mars-a-theoretical.v2.md
Allowance ceiling: weekly 95% >= 88% start-line (ceiling 95 less 7 reserved for end-of-week verification and fixes)
  window resets at 2026-08-05T10:59:59.090967+00:00
  Not starting. Completed chunks are cached; resume is cheap.
--- rc=77 elapsed=9s 2026-07-14-video-is-there-a-ruined-civilization-on-mars-a-theoretical.v2.md
    deferred (allowance): 2026-07-14-video-is-there-a-ruined-civilization-on-mars-a-theoretical.v2.md
=== 2026-08-01T14:54:09+09:00 2026-07-17-video-jesse-michels-uapgerb-chris-ramsay-flying-saucer-diner.v2.md
Parsing record: 2026-07-17-video-jesse-michels-uapgerb-chris-ramsay-flying-saucer-diner.v2.md
Allowance ceiling: weekly 95% >= 88% start-line (ceiling 95 less 7 reserved for end-of-week verification and fixes)
  window resets at 2026-08-05T10:59:59.090967+00:00
  Not starting. Completed chunks are cached; resume is cheap.
--- rc=77 elapsed=2s 2026-07-17-video-jesse-michels-uapgerb-chris-ramsay-flying-saucer-diner.v2.md
    deferred (allowance): 2026-07-17-video-jesse-michels-uapgerb-chris-ramsay-flying-saucer-diner.v2.md
=== 2026-08-01T14:54:11+09:00 2026-07-24-video-the-terrible-truth-about-the-visitors-whitley-strieber-ep-96.v2.md
Parsing record: 2026-07-24-video-the-terrible-truth-about-the-visitors-whitley-strieber-ep-96.v2.md
Allowance ceiling: weekly 95% >= 88% start-line (ceiling 95 less 7 reserved for end-of-week verification and fixes)
  window resets at 2026-08-05T10:59:59.090967+00:00
  Not starting. Completed chunks are cached; resume is cheap.
--- rc=77 elapsed=19s 2026-07-24-video-the-terrible-truth-about-the-visitors-whitley-strieber-ep-96.v2.md
    deferred (allowance): 2026-07-24-video-the-terrible-truth-about-the-visitors-whitley-strieber-ep-96.v2.md
=== 2026-08-01T14:54:30+09:00 2026-07-20-video-proof-that-nasa-censored-moon-photos-and-the-astronauts-knew.v2.md
Parsing record: 2026-07-20-video-proof-that-nasa-censored-moon-photos-and-the-astronauts-knew.v2.md
Allowance ceiling: weekly 95% >= 88% start-line (ceiling 95 less 7 reserved for end-of-week verification and fixes)
  window resets at 2026-08-05T10:59:59.090967+00:00
  Not starting. Completed chunks are cached; resume is cheap.
--- rc=77 elapsed=4s 2026-07-20-video-proof-that-nasa-censored-moon-photos-and-the-astronauts-knew.v2.md
    deferred (allowance): 2026-07-20-video-proof-that-nasa-censored-moon-photos-and-the-astronauts-knew.v2.md
=== 2026-08-01T14:54:34+09:00 2026-06-05-video-the-crazy-story-that-made-him-quit-investigating-ufos-luigi.v2.md
Parsing record: 2026-06-05-video-the-crazy-story-that-made-him-quit-investigating-ufos-luigi.v2.md
Allowance ceiling: weekly 95% >= 88% start-line (ceiling 95 less 7 reserved for end-of-week verification and fixes)
  window resets at 2026-08-05T10:59:59.090967+00:00
  Not starting. Completed chunks are cached; resume is cheap.
--- rc=77 elapsed=3s 2026-06-05-video-the-crazy-story-that-made-him-quit-investigating-ufos-luigi.v2.md
    deferred (allowance): 2026-06-05-video-the-crazy-story-that-made-him-quit-investigating-ufos-luigi.v2.md
=== 2026-08-01T14:54:37+09:00 2026-02-20-video-the-dangerous-truth-about-ufos-ross-coulthart-debriefed-ep.v2.md
Parsing record: 2026-02-20-video-the-dangerous-truth-about-ufos-ross-coulthart-debriefed-ep.v2.md
Allowance ceiling: weekly 95% >= 88% start-line (ceiling 95 less 7 reserved for end-of-week verification and fixes)
  window resets at 2026-08-05T10:59:59.090967+00:00
  Not starting. Completed chunks are cached; resume is cheap.
--- rc=77 elapsed=2s 2026-02-20-video-the-dangerous-truth-about-ufos-ross-coulthart-debriefed-ep.v2.md
    deferred (allowance): 2026-02-20-video-the-dangerous-truth-about-ufos-ross-coulthart-debriefed-ep.v2.md
=== 2026-08-01T14:54:39+09:00 2026-04-03-video-aliens-angels-and-daemons-michael-phillip-debriefed-ep-82.v2.md
Parsing record: 2026-04-03-video-aliens-angels-and-daemons-michael-phillip-debriefed-ep-82.v2.md
Allowance ceiling: weekly 95% >= 88% start-line (ceiling 95 less 7 reserved for end-of-week verification and fixes)
  window resets at 2026-08-05T10:59:59.090967+00:00
  Not starting. Completed chunks are cached; resume is cheap.
--- rc=77 elapsed=2s 2026-04-03-video-aliens-angels-and-daemons-michael-phillip-debriefed-ep-82.v2.md
    deferred (allowance): 2026-04-03-video-aliens-angels-and-daemons-michael-phillip-debriefed-ep-82.v2.md
=== 2026-08-01T14:54:41+09:00 2026-05-15-video-new-leaked-document-mentions-surviving-aliens-jeremy.v2.md
Parsing record: 2026-05-15-video-new-leaked-document-mentions-surviving-aliens-jeremy.v2.md
Allowance ceiling: weekly 95% >= 88% start-line (ceiling 95 less 7 reserved for end-of-week verification and fixes)
  window resets at 2026-08-05T10:59:59.090967+00:00
  Not starting. Completed chunks are cached; resume is cheap.
--- rc=77 elapsed=16s 2026-05-15-video-new-leaked-document-mentions-surviving-aliens-jeremy.v2.md
    deferred (allowance): 2026-05-15-video-new-leaked-document-mentions-surviving-aliens-jeremy.v2.md
=== 2026-08-01T14:54:57+09:00 2026-07-14-video-the-ufo-cover-up-leads-to-one-secret-society-and-one-final.v2.md
Parsing record: 2026-07-14-video-the-ufo-cover-up-leads-to-one-secret-society-and-one-final.v2.md
Allowance ceiling: weekly 95% >= 88% start-line (ceiling 95 less 7 reserved for end-of-week verification and fixes)
  window resets at 2026-08-05T10:59:59.090967+00:00
  Not starting. Completed chunks are cached; resume is cheap.
--- rc=77 elapsed=2s 2026-07-14-video-the-ufo-cover-up-leads-to-one-secret-society-and-one-final.v2.md
    deferred (allowance): 2026-07-14-video-the-ufo-cover-up-leads-to-one-secret-society-and-one-final.v2.md
=== 2026-08-01T14:54:59+09:00 2026-01-02-video-the-alien-interview-tape-might-be-real-jon-stewart.v2.md
Parsing record: 2026-01-02-video-the-alien-interview-tape-might-be-real-jon-stewart.v2.md
Allowance ceiling: weekly 95% >= 88% start-line (ceiling 95 less 7 reserved for end-of-week verification and fixes)
  window resets at 2026-08-05T10:59:59.090967+00:00
  Not starting. Completed chunks are cached; resume is cheap.
--- rc=77 elapsed=2s 2026-01-02-video-the-alien-interview-tape-might-be-real-jon-stewart.v2.md
    deferred (allowance): 2026-01-02-video-the-alien-interview-tape-might-be-real-jon-stewart.v2.md
=== 2026-08-01T14:55:01+09:00 2026-03-13-video-the-alien-conclusion-according-to-50-years-of-research.v2.md
Parsing record: 2026-03-13-video-the-alien-conclusion-according-to-50-years-of-research.v2.md
Allowance ceiling: weekly 95% >= 88% start-line (ceiling 95 less 7 reserved for end-of-week verification and fixes)
  window resets at 2026-08-05T10:59:59.090967+00:00
  Not starting. Completed chunks are cached; resume is cheap.
--- rc=77 elapsed=9s 2026-03-13-video-the-alien-conclusion-according-to-50-years-of-research.v2.md
    deferred (allowance): 2026-03-13-video-the-alien-conclusion-according-to-50-years-of-research.v2.md
=== 2026-08-01T14:55:10+09:00 2025-12-12-video-army-radar-technician-reveals-alien-message-sfc-jeremy-cj.v2.md
Parsing record: 2025-12-12-video-army-radar-technician-reveals-alien-message-sfc-jeremy-cj.v2.md
Allowance ceiling: weekly 95% >= 88% start-line (ceiling 95 less 7 reserved for end-of-week verification and fixes)
  window resets at 2026-08-05T10:59:59.090967+00:00
  Not starting. Completed chunks are cached; resume is cheap.
--- rc=77 elapsed=5s 2025-12-12-video-army-radar-technician-reveals-alien-message-sfc-jeremy-cj.v2.md
    deferred (allowance): 2025-12-12-video-army-radar-technician-reveals-alien-message-sfc-jeremy-cj.v2.md
=== 2026-08-01T14:55:15+09:00 2025-01-17-video-the-alien-secret-majestic-12-debriefed-ep-22.v2.md
Parsing record: 2025-01-17-video-the-alien-secret-majestic-12-debriefed-ep-22.v2.md
Allowance ceiling: weekly 95% >= 93% start-line (ceiling 95 less 2 reserved for end-of-week verification and fixes)
  window resets at 2026-08-05T10:59:59.090967+00:00
  Not starting. Completed chunks are cached; resume is cheap.
--- rc=77 elapsed=2s 2025-01-17-video-the-alien-secret-majestic-12-debriefed-ep-22.v2.md
    deferred (allowance): 2025-01-17-video-the-alien-secret-majestic-12-debriefed-ep-22.v2.md
    non-book refused - nothing smaller can pass; parking early
    all remaining deferred by allowance; re-check in 600s
=== 2026-08-01T15:05:17+09:00 2026-07-14-video-is-there-a-ruined-civilization-on-mars-a-theoretical.v2.md
Parsing record: 2026-07-14-video-is-there-a-ruined-civilization-on-mars-a-theoretical.v2.md
Allowance ceiling: weekly 95% >= 88% start-line (ceiling 95 less 7 reserved for end-of-week verification and fixes)
  window resets at 2026-08-05T11:00:00.256597+00:00
  Not starting. Completed chunks are cached; resume is cheap.
--- rc=77 elapsed=3s 2026-07-14-video-is-there-a-ruined-civilization-on-mars-a-theoretical.v2.md
    deferred (allowance): 2026-07-14-video-is-there-a-ruined-civilization-on-mars-a-theoretical.v2.md
=== 2026-08-01T15:05:20+09:00 2026-07-17-video-jesse-michels-uapgerb-chris-ramsay-flying-saucer-diner.v2.md
Parsing record: 2026-07-17-video-jesse-michels-uapgerb-chris-ramsay-flying-saucer-diner.v2.md
Allowance ceiling: weekly 95% >= 88% start-line (ceiling 95 less 7 reserved for end-of-week verification and fixes)
  window resets at 2026-08-05T11:00:00.256597+00:00
  Not starting. Completed chunks are cached; resume is cheap.
--- rc=77 elapsed=11s 2026-07-17-video-jesse-michels-uapgerb-chris-ramsay-flying-saucer-diner.v2.md
    deferred (allowance): 2026-07-17-video-jesse-michels-uapgerb-chris-ramsay-flying-saucer-diner.v2.md
=== 2026-08-01T15:05:31+09:00 2026-07-24-video-the-terrible-truth-about-the-visitors-whitley-strieber-ep-96.v2.md
Parsing record: 2026-07-24-video-the-terrible-truth-about-the-visitors-whitley-strieber-ep-96.v2.md
Allowance ceiling: weekly 95% >= 88% start-line (ceiling 95 less 7 reserved for end-of-week verification and fixes)
  window resets at 2026-08-05T11:00:00.256597+00:00
  Not starting. Completed chunks are cached; resume is cheap.
--- rc=77 elapsed=3s 2026-07-24-video-the-terrible-truth-about-the-visitors-whitley-strieber-ep-96.v2.md
    deferred (allowance): 2026-07-24-video-the-terrible-truth-about-the-visitors-whitley-strieber-ep-96.v2.md
=== 2026-08-01T15:05:34+09:00 2026-07-20-video-proof-that-nasa-censored-moon-photos-and-the-astronauts-knew.v2.md
Parsing record: 2026-07-20-video-proof-that-nasa-censored-moon-photos-and-the-astronauts-knew.v2.md
Allowance ceiling: weekly 95% >= 88% start-line (ceiling 95 less 7 reserved for end-of-week verification and fixes)
  window resets at 2026-08-05T11:00:00.256597+00:00
  Not starting. Completed chunks are cached; resume is cheap.
--- rc=77 elapsed=2s 2026-07-20-video-proof-that-nasa-censored-moon-photos-and-the-astronauts-knew.v2.md
    deferred (allowance): 2026-07-20-video-proof-that-nasa-censored-moon-photos-and-the-astronauts-knew.v2.md
=== 2026-08-01T15:05:36+09:00 2026-06-05-video-the-crazy-story-that-made-him-quit-investigating-ufos-luigi.v2.md
Parsing record: 2026-06-05-video-the-crazy-story-that-made-him-quit-investigating-ufos-luigi.v2.md
Allowance ceiling: weekly 95% >= 88% start-line (ceiling 95 less 7 reserved for end-of-week verification and fixes)
  window resets at 2026-08-05T11:00:00.256597+00:00
  Not starting. Completed chunks are cached; resume is cheap.
--- rc=77 elapsed=2s 2026-06-05-video-the-crazy-story-that-made-him-quit-investigating-ufos-luigi.v2.md
    deferred (allowance): 2026-06-05-video-the-crazy-story-that-made-him-quit-investigating-ufos-luigi.v2.md
=== 2026-08-01T15:05:38+09:00 2026-02-20-video-the-dangerous-truth-about-ufos-ross-coulthart-debriefed-ep.v2.md
Parsing record: 2026-02-20-video-the-dangerous-truth-about-ufos-ross-coulthart-debriefed-ep.v2.md
Allowance ceiling: weekly 95% >= 88% start-line (ceiling 95 less 7 reserved for end-of-week verification and fixes)
  window resets at 2026-08-05T11:00:00.256597+00:00
  Not starting. Completed chunks are cached; resume is cheap.
--- rc=77 elapsed=2s 2026-02-20-video-the-dangerous-truth-about-ufos-ross-coulthart-debriefed-ep.v2.md
    deferred (allowance): 2026-02-20-video-the-dangerous-truth-about-ufos-ross-coulthart-debriefed-ep.v2.md
=== 2026-08-01T15:05:40+09:00 2026-04-03-video-aliens-angels-and-daemons-michael-phillip-debriefed-ep-82.v2.md
Parsing record: 2026-04-03-video-aliens-angels-and-daemons-michael-phillip-debriefed-ep-82.v2.md
Allowance ceiling: weekly 95% >= 88% start-line (ceiling 95 less 7 reserved for end-of-week verification and fixes)
  window resets at 2026-08-05T11:00:00.256597+00:00
  Not starting. Completed chunks are cached; resume is cheap.
--- rc=77 elapsed=19s 2026-04-03-video-aliens-angels-and-daemons-michael-phillip-debriefed-ep-82.v2.md
    deferred (allowance): 2026-04-03-video-aliens-angels-and-daemons-michael-phillip-debriefed-ep-82.v2.md
=== 2026-08-01T15:05:59+09:00 2026-05-15-video-new-leaked-document-mentions-surviving-aliens-jeremy.v2.md
Parsing record: 2026-05-15-video-new-leaked-document-mentions-surviving-aliens-jeremy.v2.md
Allowance ceiling: weekly 95% >= 88% start-line (ceiling 95 less 7 reserved for end-of-week verification and fixes)
  window resets at 2026-08-05T11:00:00.256597+00:00
  Not starting. Completed chunks are cached; resume is cheap.
--- rc=77 elapsed=9s 2026-05-15-video-new-leaked-document-mentions-surviving-aliens-jeremy.v2.md
    deferred (allowance): 2026-05-15-video-new-leaked-document-mentions-surviving-aliens-jeremy.v2.md
=== 2026-08-01T15:06:08+09:00 2026-07-14-video-the-ufo-cover-up-leads-to-one-secret-society-and-one-final.v2.md
Parsing record: 2026-07-14-video-the-ufo-cover-up-leads-to-one-secret-society-and-one-final.v2.md
Allowance ceiling: weekly 95% >= 88% start-line (ceiling 95 less 7 reserved for end-of-week verification and fixes)
  window resets at 2026-08-05T11:00:00.256597+00:00
  Not starting. Completed chunks are cached; resume is cheap.
--- rc=77 elapsed=2s 2026-07-14-video-the-ufo-cover-up-leads-to-one-secret-society-and-one-final.v2.md
    deferred (allowance): 2026-07-14-video-the-ufo-cover-up-leads-to-one-secret-society-and-one-final.v2.md
=== 2026-08-01T15:06:10+09:00 2026-01-02-video-the-alien-interview-tape-might-be-real-jon-stewart.v2.md
Parsing record: 2026-01-02-video-the-alien-interview-tape-might-be-real-jon-stewart.v2.md
Allowance ceiling: weekly 95% >= 88% start-line (ceiling 95 less 7 reserved for end-of-week verification and fixes)
  window resets at 2026-08-05T11:00:00.256597+00:00
  Not starting. Completed chunks are cached; resume is cheap.
--- rc=77 elapsed=9s 2026-01-02-video-the-alien-interview-tape-might-be-real-jon-stewart.v2.md
    deferred (allowance): 2026-01-02-video-the-alien-interview-tape-might-be-real-jon-stewart.v2.md
=== 2026-08-01T15:06:19+09:00 2026-03-13-video-the-alien-conclusion-according-to-50-years-of-research.v2.md
Parsing record: 2026-03-13-video-the-alien-conclusion-according-to-50-years-of-research.v2.md
Allowance ceiling: weekly 95% >= 88% start-line (ceiling 95 less 7 reserved for end-of-week verification and fixes)
  window resets at 2026-08-05T11:00:00.256597+00:00
  Not starting. Completed chunks are cached; resume is cheap.
--- rc=77 elapsed=2s 2026-03-13-video-the-alien-conclusion-according-to-50-years-of-research.v2.md
    deferred (allowance): 2026-03-13-video-the-alien-conclusion-according-to-50-years-of-research.v2.md
=== 2026-08-01T15:06:21+09:00 2025-12-12-video-army-radar-technician-reveals-alien-message-sfc-jeremy-cj.v2.md
Parsing record: 2025-12-12-video-army-radar-technician-reveals-alien-message-sfc-jeremy-cj.v2.md
Allowance ceiling: weekly 95% >= 88% start-line (ceiling 95 less 7 reserved for end-of-week verification and fixes)
  window resets at 2026-08-05T11:00:00.256597+00:00
  Not starting. Completed chunks are cached; resume is cheap.
--- rc=77 elapsed=10s 2025-12-12-video-army-radar-technician-reveals-alien-message-sfc-jeremy-cj.v2.md
    deferred (allowance): 2025-12-12-video-army-radar-technician-reveals-alien-message-sfc-jeremy-cj.v2.md
=== 2026-08-01T15:06:31+09:00 2025-01-17-video-the-alien-secret-majestic-12-debriefed-ep-22.v2.md
Parsing record: 2025-01-17-video-the-alien-secret-majestic-12-debriefed-ep-22.v2.md
Allowance ceiling: weekly 95% >= 93% start-line (ceiling 95 less 2 reserved for end-of-week verification and fixes)
  window resets at 2026-08-05T11:00:00.256597+00:00
  Not starting. Completed chunks are cached; resume is cheap.
--- rc=77 elapsed=2s 2025-01-17-video-the-alien-secret-majestic-12-debriefed-ep-22.v2.md
    deferred (allowance): 2025-01-17-video-the-alien-secret-majestic-12-debriefed-ep-22.v2.md
    non-book refused - nothing smaller can pass; parking early
    all remaining deferred by allowance; re-check in 600s
=== 2026-08-01T15:16:34+09:00 2026-07-14-video-is-there-a-ruined-civilization-on-mars-a-theoretical.v2.md
Parsing record: 2026-07-14-video-is-there-a-ruined-civilization-on-mars-a-theoretical.v2.md
Allowance ceiling: weekly 95% >= 88% start-line (ceiling 95 less 7 reserved for end-of-week verification and fixes)
  window resets at 2026-08-05T11:00:00.007230+00:00
  Not starting. Completed chunks are cached; resume is cheap.
--- rc=77 elapsed=2s 2026-07-14-video-is-there-a-ruined-civilization-on-mars-a-theoretical.v2.md
    deferred (allowance): 2026-07-14-video-is-there-a-ruined-civilization-on-mars-a-theoretical.v2.md
=== 2026-08-01T15:16:36+09:00 2026-07-17-video-jesse-michels-uapgerb-chris-ramsay-flying-saucer-diner.v2.md
Parsing record: 2026-07-17-video-jesse-michels-uapgerb-chris-ramsay-flying-saucer-diner.v2.md
Allowance ceiling: weekly 95% >= 88% start-line (ceiling 95 less 7 reserved for end-of-week verification and fixes)
  window resets at 2026-08-05T11:00:00.007230+00:00
  Not starting. Completed chunks are cached; resume is cheap.
--- rc=77 elapsed=2s 2026-07-17-video-jesse-michels-uapgerb-chris-ramsay-flying-saucer-diner.v2.md
    deferred (allowance): 2026-07-17-video-jesse-michels-uapgerb-chris-ramsay-flying-saucer-diner.v2.md
=== 2026-08-01T15:16:38+09:00 2026-07-24-video-the-terrible-truth-about-the-visitors-whitley-strieber-ep-96.v2.md
Parsing record: 2026-07-24-video-the-terrible-truth-about-the-visitors-whitley-strieber-ep-96.v2.md
Allowance ceiling: weekly 95% >= 88% start-line (ceiling 95 less 7 reserved for end-of-week verification and fixes)
  window resets at 2026-08-05T11:00:00.007230+00:00
  Not starting. Completed chunks are cached; resume is cheap.
--- rc=77 elapsed=3s 2026-07-24-video-the-terrible-truth-about-the-visitors-whitley-strieber-ep-96.v2.md
    deferred (allowance): 2026-07-24-video-the-terrible-truth-about-the-visitors-whitley-strieber-ep-96.v2.md
=== 2026-08-01T15:16:41+09:00 2026-07-20-video-proof-that-nasa-censored-moon-photos-and-the-astronauts-knew.v2.md
Parsing record: 2026-07-20-video-proof-that-nasa-censored-moon-photos-and-the-astronauts-knew.v2.md
Allowance ceiling: weekly 95% >= 88% start-line (ceiling 95 less 7 reserved for end-of-week verification and fixes)
  window resets at 2026-08-05T11:00:00.007230+00:00
  Not starting. Completed chunks are cached; resume is cheap.
--- rc=77 elapsed=17s 2026-07-20-video-proof-that-nasa-censored-moon-photos-and-the-astronauts-knew.v2.md
    deferred (allowance): 2026-07-20-video-proof-that-nasa-censored-moon-photos-and-the-astronauts-knew.v2.md
=== 2026-08-01T15:16:58+09:00 2026-06-05-video-the-crazy-story-that-made-him-quit-investigating-ufos-luigi.v2.md
Parsing record: 2026-06-05-video-the-crazy-story-that-made-him-quit-investigating-ufos-luigi.v2.md
Allowance ceiling: weekly 95% >= 88% start-line (ceiling 95 less 7 reserved for end-of-week verification and fixes)
  window resets at 2026-08-05T11:00:00.007230+00:00
  Not starting. Completed chunks are cached; resume is cheap.
--- rc=77 elapsed=2s 2026-06-05-video-the-crazy-story-that-made-him-quit-investigating-ufos-luigi.v2.md
    deferred (allowance): 2026-06-05-video-the-crazy-story-that-made-him-quit-investigating-ufos-luigi.v2.md
=== 2026-08-01T15:17:00+09:00 2026-02-20-video-the-dangerous-truth-about-ufos-ross-coulthart-debriefed-ep.v2.md
Parsing record: 2026-02-20-video-the-dangerous-truth-about-ufos-ross-coulthart-debriefed-ep.v2.md
Allowance ceiling: weekly 95% >= 88% start-line (ceiling 95 less 7 reserved for end-of-week verification and fixes)
  window resets at 2026-08-05T11:00:00.007230+00:00
  Not starting. Completed chunks are cached; resume is cheap.
--- rc=77 elapsed=9s 2026-02-20-video-the-dangerous-truth-about-ufos-ross-coulthart-debriefed-ep.v2.md
    deferred (allowance): 2026-02-20-video-the-dangerous-truth-about-ufos-ross-coulthart-debriefed-ep.v2.md
=== 2026-08-01T15:17:09+09:00 2026-04-03-video-aliens-angels-and-daemons-michael-phillip-debriefed-ep-82.v2.md
Parsing record: 2026-04-03-video-aliens-angels-and-daemons-michael-phillip-debriefed-ep-82.v2.md
Allowance ceiling: weekly 95% >= 88% start-line (ceiling 95 less 7 reserved for end-of-week verification and fixes)
  window resets at 2026-08-05T11:00:00.007230+00:00
  Not starting. Completed chunks are cached; resume is cheap.
--- rc=77 elapsed=10s 2026-04-03-video-aliens-angels-and-daemons-michael-phillip-debriefed-ep-82.v2.md
    deferred (allowance): 2026-04-03-video-aliens-angels-and-daemons-michael-phillip-debriefed-ep-82.v2.md
=== 2026-08-01T15:17:19+09:00 2026-05-15-video-new-leaked-document-mentions-surviving-aliens-jeremy.v2.md
Parsing record: 2026-05-15-video-new-leaked-document-mentions-surviving-aliens-jeremy.v2.md
Allowance ceiling: weekly 95% >= 88% start-line (ceiling 95 less 7 reserved for end-of-week verification and fixes)
  window resets at 2026-08-05T11:00:00.007230+00:00
  Not starting. Completed chunks are cached; resume is cheap.
--- rc=77 elapsed=5s 2026-05-15-video-new-leaked-document-mentions-surviving-aliens-jeremy.v2.md
    deferred (allowance): 2026-05-15-video-new-leaked-document-mentions-surviving-aliens-jeremy.v2.md
=== 2026-08-01T15:17:24+09:00 2026-07-14-video-the-ufo-cover-up-leads-to-one-secret-society-and-one-final.v2.md
Parsing record: 2026-07-14-video-the-ufo-cover-up-leads-to-one-secret-society-and-one-final.v2.md
Allowance ceiling: weekly 95% >= 88% start-line (ceiling 95 less 7 reserved for end-of-week verification and fixes)
  window resets at 2026-08-05T11:00:00.007230+00:00
  Not starting. Completed chunks are cached; resume is cheap.
--- rc=77 elapsed=4s 2026-07-14-video-the-ufo-cover-up-leads-to-one-secret-society-and-one-final.v2.md
    deferred (allowance): 2026-07-14-video-the-ufo-cover-up-leads-to-one-secret-society-and-one-final.v2.md
=== 2026-08-01T15:17:28+09:00 2026-01-02-video-the-alien-interview-tape-might-be-real-jon-stewart.v2.md
Parsing record: 2026-01-02-video-the-alien-interview-tape-might-be-real-jon-stewart.v2.md
Allowance ceiling: weekly 95% >= 88% start-line (ceiling 95 less 7 reserved for end-of-week verification and fixes)
  window resets at 2026-08-05T11:00:00.007230+00:00
  Not starting. Completed chunks are cached; resume is cheap.
--- rc=77 elapsed=3s 2026-01-02-video-the-alien-interview-tape-might-be-real-jon-stewart.v2.md
    deferred (allowance): 2026-01-02-video-the-alien-interview-tape-might-be-real-jon-stewart.v2.md
=== 2026-08-01T15:17:31+09:00 2026-03-13-video-the-alien-conclusion-according-to-50-years-of-research.v2.md
Parsing record: 2026-03-13-video-the-alien-conclusion-according-to-50-years-of-research.v2.md
Allowance ceiling: weekly 95% >= 88% start-line (ceiling 95 less 7 reserved for end-of-week verification and fixes)
  window resets at 2026-08-05T11:00:00.007230+00:00
  Not starting. Completed chunks are cached; resume is cheap.
--- rc=77 elapsed=4s 2026-03-13-video-the-alien-conclusion-according-to-50-years-of-research.v2.md
    deferred (allowance): 2026-03-13-video-the-alien-conclusion-according-to-50-years-of-research.v2.md
=== 2026-08-01T15:17:35+09:00 2025-12-12-video-army-radar-technician-reveals-alien-message-sfc-jeremy-cj.v2.md
Parsing record: 2025-12-12-video-army-radar-technician-reveals-alien-message-sfc-jeremy-cj.v2.md
Allowance ceiling: weekly 95% >= 88% start-line (ceiling 95 less 7 reserved for end-of-week verification and fixes)
  window resets at 2026-08-05T11:00:00.007230+00:00
  Not starting. Completed chunks are cached; resume is cheap.
--- rc=77 elapsed=2s 2025-12-12-video-army-radar-technician-reveals-alien-message-sfc-jeremy-cj.v2.md
    deferred (allowance): 2025-12-12-video-army-radar-technician-reveals-alien-message-sfc-jeremy-cj.v2.md
=== 2026-08-01T15:17:37+09:00 2025-01-17-video-the-alien-secret-majestic-12-debriefed-ep-22.v2.md
Parsing record: 2025-01-17-video-the-alien-secret-majestic-12-debriefed-ep-22.v2.md
Allowance ceiling: weekly 95% >= 93% start-line (ceiling 95 less 2 reserved for end-of-week verification and fixes)
  window resets at 2026-08-05T11:00:00.007230+00:00
  Not starting. Completed chunks are cached; resume is cheap.
--- rc=77 elapsed=2s 2025-01-17-video-the-alien-secret-majestic-12-debriefed-ep-22.v2.md
    deferred (allowance): 2025-01-17-video-the-alien-secret-majestic-12-debriefed-ep-22.v2.md
    non-book refused - nothing smaller can pass; parking early
    all remaining deferred by allowance; re-check in 600s
=== 2026-08-01T15:27:39+09:00 2026-07-14-video-is-there-a-ruined-civilization-on-mars-a-theoretical.v2.md
Parsing record: 2026-07-14-video-is-there-a-ruined-civilization-on-mars-a-theoretical.v2.md
Allowance ceiling: weekly 95% >= 88% start-line (ceiling 95 less 7 reserved for end-of-week verification and fixes)
  window resets at 2026-08-05T10:59:59.683855+00:00
  Not starting. Completed chunks are cached; resume is cheap.
--- rc=77 elapsed=4s 2026-07-14-video-is-there-a-ruined-civilization-on-mars-a-theoretical.v2.md
    deferred (allowance): 2026-07-14-video-is-there-a-ruined-civilization-on-mars-a-theoretical.v2.md
=== 2026-08-01T15:27:43+09:00 2026-07-17-video-jesse-michels-uapgerb-chris-ramsay-flying-saucer-diner.v2.md
Parsing record: 2026-07-17-video-jesse-michels-uapgerb-chris-ramsay-flying-saucer-diner.v2.md
Allowance ceiling: weekly 95% >= 88% start-line (ceiling 95 less 7 reserved for end-of-week verification and fixes)
  window resets at 2026-08-05T10:59:59.683855+00:00
  Not starting. Completed chunks are cached; resume is cheap.
--- rc=77 elapsed=10s 2026-07-17-video-jesse-michels-uapgerb-chris-ramsay-flying-saucer-diner.v2.md
    deferred (allowance): 2026-07-17-video-jesse-michels-uapgerb-chris-ramsay-flying-saucer-diner.v2.md
=== 2026-08-01T15:27:53+09:00 2026-07-24-video-the-terrible-truth-about-the-visitors-whitley-strieber-ep-96.v2.md
Parsing record: 2026-07-24-video-the-terrible-truth-about-the-visitors-whitley-strieber-ep-96.v2.md
Allowance ceiling: weekly 95% >= 88% start-line (ceiling 95 less 7 reserved for end-of-week verification and fixes)
  window resets at 2026-08-05T10:59:59.683855+00:00
  Not starting. Completed chunks are cached; resume is cheap.
--- rc=77 elapsed=2s 2026-07-24-video-the-terrible-truth-about-the-visitors-whitley-strieber-ep-96.v2.md
    deferred (allowance): 2026-07-24-video-the-terrible-truth-about-the-visitors-whitley-strieber-ep-96.v2.md
=== 2026-08-01T15:27:55+09:00 2026-07-20-video-proof-that-nasa-censored-moon-photos-and-the-astronauts-knew.v2.md
Parsing record: 2026-07-20-video-proof-that-nasa-censored-moon-photos-and-the-astronauts-knew.v2.md
Allowance ceiling: weekly 95% >= 88% start-line (ceiling 95 less 7 reserved for end-of-week verification and fixes)
  window resets at 2026-08-05T10:59:59.683855+00:00
  Not starting. Completed chunks are cached; resume is cheap.
--- rc=77 elapsed=5s 2026-07-20-video-proof-that-nasa-censored-moon-photos-and-the-astronauts-knew.v2.md
    deferred (allowance): 2026-07-20-video-proof-that-nasa-censored-moon-photos-and-the-astronauts-knew.v2.md
=== 2026-08-01T15:28:00+09:00 2026-06-05-video-the-crazy-story-that-made-him-quit-investigating-ufos-luigi.v2.md
Parsing record: 2026-06-05-video-the-crazy-story-that-made-him-quit-investigating-ufos-luigi.v2.md
Allowance ceiling: weekly 95% >= 88% start-line (ceiling 95 less 7 reserved for end-of-week verification and fixes)
  window resets at 2026-08-05T10:59:59.683855+00:00
  Not starting. Completed chunks are cached; resume is cheap.
--- rc=77 elapsed=17s 2026-06-05-video-the-crazy-story-that-made-him-quit-investigating-ufos-luigi.v2.md
    deferred (allowance): 2026-06-05-video-the-crazy-story-that-made-him-quit-investigating-ufos-luigi.v2.md
=== 2026-08-01T15:28:17+09:00 2026-02-20-video-the-dangerous-truth-about-ufos-ross-coulthart-debriefed-ep.v2.md
Parsing record: 2026-02-20-video-the-dangerous-truth-about-ufos-ross-coulthart-debriefed-ep.v2.md
Allowance ceiling: weekly 95% >= 88% start-line (ceiling 95 less 7 reserved for end-of-week verification and fixes)
  window resets at 2026-08-05T10:59:59.683855+00:00
  Not starting. Completed chunks are cached; resume is cheap.
--- rc=77 elapsed=2s 2026-02-20-video-the-dangerous-truth-about-ufos-ross-coulthart-debriefed-ep.v2.md
    deferred (allowance): 2026-02-20-video-the-dangerous-truth-about-ufos-ross-coulthart-debriefed-ep.v2.md
=== 2026-08-01T15:28:19+09:00 2026-04-03-video-aliens-angels-and-daemons-michael-phillip-debriefed-ep-82.v2.md
Parsing record: 2026-04-03-video-aliens-angels-and-daemons-michael-phillip-debriefed-ep-82.v2.md
Allowance ceiling: weekly 95% >= 88% start-line (ceiling 95 less 7 reserved for end-of-week verification and fixes)
  window resets at 2026-08-05T10:59:59.683855+00:00
  Not starting. Completed chunks are cached; resume is cheap.
--- rc=77 elapsed=9s 2026-04-03-video-aliens-angels-and-daemons-michael-phillip-debriefed-ep-82.v2.md
    deferred (allowance): 2026-04-03-video-aliens-angels-and-daemons-michael-phillip-debriefed-ep-82.v2.md
=== 2026-08-01T15:28:28+09:00 2026-05-15-video-new-leaked-document-mentions-surviving-aliens-jeremy.v2.md
Parsing record: 2026-05-15-video-new-leaked-document-mentions-surviving-aliens-jeremy.v2.md
Allowance ceiling: weekly 95% >= 88% start-line (ceiling 95 less 7 reserved for end-of-week verification and fixes)
  window resets at 2026-08-05T10:59:59.683855+00:00
  Not starting. Completed chunks are cached; resume is cheap.
--- rc=77 elapsed=2s 2026-05-15-video-new-leaked-document-mentions-surviving-aliens-jeremy.v2.md
    deferred (allowance): 2026-05-15-video-new-leaked-document-mentions-surviving-aliens-jeremy.v2.md
=== 2026-08-01T15:28:30+09:00 2026-07-14-video-the-ufo-cover-up-leads-to-one-secret-society-and-one-final.v2.md
Parsing record: 2026-07-14-video-the-ufo-cover-up-leads-to-one-secret-society-and-one-final.v2.md
Allowance ceiling: weekly 95% >= 88% start-line (ceiling 95 less 7 reserved for end-of-week verification and fixes)
  window resets at 2026-08-05T10:59:59.683855+00:00
  Not starting. Completed chunks are cached; resume is cheap.
--- rc=77 elapsed=4s 2026-07-14-video-the-ufo-cover-up-leads-to-one-secret-society-and-one-final.v2.md
    deferred (allowance): 2026-07-14-video-the-ufo-cover-up-leads-to-one-secret-society-and-one-final.v2.md
=== 2026-08-01T15:28:34+09:00 2026-01-02-video-the-alien-interview-tape-might-be-real-jon-stewart.v2.md
Parsing record: 2026-01-02-video-the-alien-interview-tape-might-be-real-jon-stewart.v2.md
Allowance ceiling: weekly 95% >= 88% start-line (ceiling 95 less 7 reserved for end-of-week verification and fixes)
  window resets at 2026-08-05T10:59:59.683855+00:00
  Not starting. Completed chunks are cached; resume is cheap.
--- rc=77 elapsed=2s 2026-01-02-video-the-alien-interview-tape-might-be-real-jon-stewart.v2.md
    deferred (allowance): 2026-01-02-video-the-alien-interview-tape-might-be-real-jon-stewart.v2.md
=== 2026-08-01T15:28:36+09:00 2026-03-13-video-the-alien-conclusion-according-to-50-years-of-research.v2.md
Parsing record: 2026-03-13-video-the-alien-conclusion-according-to-50-years-of-research.v2.md
Allowance ceiling: weekly 95% >= 88% start-line (ceiling 95 less 7 reserved for end-of-week verification and fixes)
  window resets at 2026-08-05T10:59:59.683855+00:00
  Not starting. Completed chunks are cached; resume is cheap.
--- rc=77 elapsed=2s 2026-03-13-video-the-alien-conclusion-according-to-50-years-of-research.v2.md
    deferred (allowance): 2026-03-13-video-the-alien-conclusion-according-to-50-years-of-research.v2.md
=== 2026-08-01T15:28:38+09:00 2025-12-12-video-army-radar-technician-reveals-alien-message-sfc-jeremy-cj.v2.md
Parsing record: 2025-12-12-video-army-radar-technician-reveals-alien-message-sfc-jeremy-cj.v2.md
Allowance ceiling: weekly 95% >= 88% start-line (ceiling 95 less 7 reserved for end-of-week verification and fixes)
  window resets at 2026-08-05T10:59:59.683855+00:00
  Not starting. Completed chunks are cached; resume is cheap.
--- rc=77 elapsed=2s 2025-12-12-video-army-radar-technician-reveals-alien-message-sfc-jeremy-cj.v2.md
    deferred (allowance): 2025-12-12-video-army-radar-technician-reveals-alien-message-sfc-jeremy-cj.v2.md
=== 2026-08-01T15:28:40+09:00 2025-01-17-video-the-alien-secret-majestic-12-debriefed-ep-22.v2.md
Parsing record: 2025-01-17-video-the-alien-secret-majestic-12-debriefed-ep-22.v2.md
Allowance ceiling: weekly 95% >= 93% start-line (ceiling 95 less 2 reserved for end-of-week verification and fixes)
  window resets at 2026-08-05T10:59:59.683855+00:00
  Not starting. Completed chunks are cached; resume is cheap.
--- rc=77 elapsed=18s 2025-01-17-video-the-alien-secret-majestic-12-debriefed-ep-22.v2.md
    deferred (allowance): 2025-01-17-video-the-alien-secret-majestic-12-debriefed-ep-22.v2.md
    non-book refused - nothing smaller can pass; parking early
    all remaining deferred by allowance; re-check in 600s
=== 2026-08-01T15:38:58+09:00 2026-07-14-video-is-there-a-ruined-civilization-on-mars-a-theoretical.v2.md
Parsing record: 2026-07-14-video-is-there-a-ruined-civilization-on-mars-a-theoretical.v2.md
Allowance ceiling: weekly 95% >= 88% start-line (ceiling 95 less 7 reserved for end-of-week verification and fixes)
  window resets at 2026-08-05T11:00:00.185739+00:00
  Not starting. Completed chunks are cached; resume is cheap.
--- rc=77 elapsed=3s 2026-07-14-video-is-there-a-ruined-civilization-on-mars-a-theoretical.v2.md
    deferred (allowance): 2026-07-14-video-is-there-a-ruined-civilization-on-mars-a-theoretical.v2.md
=== 2026-08-01T15:39:01+09:00 2026-07-17-video-jesse-michels-uapgerb-chris-ramsay-flying-saucer-diner.v2.md
Parsing record: 2026-07-17-video-jesse-michels-uapgerb-chris-ramsay-flying-saucer-diner.v2.md
Allowance ceiling: weekly 95% >= 88% start-line (ceiling 95 less 7 reserved for end-of-week verification and fixes)
  window resets at 2026-08-05T11:00:00.185739+00:00
  Not starting. Completed chunks are cached; resume is cheap.
--- rc=77 elapsed=17s 2026-07-17-video-jesse-michels-uapgerb-chris-ramsay-flying-saucer-diner.v2.md
    deferred (allowance): 2026-07-17-video-jesse-michels-uapgerb-chris-ramsay-flying-saucer-diner.v2.md
=== 2026-08-01T15:39:18+09:00 2026-07-24-video-the-terrible-truth-about-the-visitors-whitley-strieber-ep-96.v2.md
Parsing record: 2026-07-24-video-the-terrible-truth-about-the-visitors-whitley-strieber-ep-96.v2.md
Allowance ceiling: weekly 95% >= 88% start-line (ceiling 95 less 7 reserved for end-of-week verification and fixes)
  window resets at 2026-08-05T11:00:00.185739+00:00
  Not starting. Completed chunks are cached; resume is cheap.
--- rc=77 elapsed=2s 2026-07-24-video-the-terrible-truth-about-the-visitors-whitley-strieber-ep-96.v2.md
    deferred (allowance): 2026-07-24-video-the-terrible-truth-about-the-visitors-whitley-strieber-ep-96.v2.md
=== 2026-08-01T15:39:20+09:00 2026-07-20-video-proof-that-nasa-censored-moon-photos-and-the-astronauts-knew.v2.md
Parsing record: 2026-07-20-video-proof-that-nasa-censored-moon-photos-and-the-astronauts-knew.v2.md
Allowance ceiling: weekly 95% >= 88% start-line (ceiling 95 less 7 reserved for end-of-week verification and fixes)
  window resets at 2026-08-05T11:00:00.185739+00:00
  Not starting. Completed chunks are cached; resume is cheap.
--- rc=77 elapsed=10s 2026-07-20-video-proof-that-nasa-censored-moon-photos-and-the-astronauts-knew.v2.md
    deferred (allowance): 2026-07-20-video-proof-that-nasa-censored-moon-photos-and-the-astronauts-knew.v2.md
=== 2026-08-01T15:39:30+09:00 2026-06-05-video-the-crazy-story-that-made-him-quit-investigating-ufos-luigi.v2.md
Parsing record: 2026-06-05-video-the-crazy-story-that-made-him-quit-investigating-ufos-luigi.v2.md
Allowance ceiling: weekly 95% >= 88% start-line (ceiling 95 less 7 reserved for end-of-week verification and fixes)
  window resets at 2026-08-05T11:00:00.185739+00:00
  Not starting. Completed chunks are cached; resume is cheap.
--- rc=77 elapsed=3s 2026-06-05-video-the-crazy-story-that-made-him-quit-investigating-ufos-luigi.v2.md
    deferred (allowance): 2026-06-05-video-the-crazy-story-that-made-him-quit-investigating-ufos-luigi.v2.md
=== 2026-08-01T15:39:33+09:00 2026-02-20-video-the-dangerous-truth-about-ufos-ross-coulthart-debriefed-ep.v2.md
Parsing record: 2026-02-20-video-the-dangerous-truth-about-ufos-ross-coulthart-debriefed-ep.v2.md
Allowance ceiling: weekly 95% >= 88% start-line (ceiling 95 less 7 reserved for end-of-week verification and fixes)
  window resets at 2026-08-05T11:00:00.185739+00:00
  Not starting. Completed chunks are cached; resume is cheap.
--- rc=77 elapsed=2s 2026-02-20-video-the-dangerous-truth-about-ufos-ross-coulthart-debriefed-ep.v2.md
    deferred (allowance): 2026-02-20-video-the-dangerous-truth-about-ufos-ross-coulthart-debriefed-ep.v2.md
=== 2026-08-01T15:39:35+09:00 2026-04-03-video-aliens-angels-and-daemons-michael-phillip-debriefed-ep-82.v2.md
Parsing record: 2026-04-03-video-aliens-angels-and-daemons-michael-phillip-debriefed-ep-82.v2.md
Allowance ceiling: weekly 95% >= 88% start-line (ceiling 95 less 7 reserved for end-of-week verification and fixes)
  window resets at 2026-08-05T11:00:00.185739+00:00
  Not starting. Completed chunks are cached; resume is cheap.
--- rc=77 elapsed=2s 2026-04-03-video-aliens-angels-and-daemons-michael-phillip-debriefed-ep-82.v2.md
    deferred (allowance): 2026-04-03-video-aliens-angels-and-daemons-michael-phillip-debriefed-ep-82.v2.md
=== 2026-08-01T15:39:38+09:00 2026-05-15-video-new-leaked-document-mentions-surviving-aliens-jeremy.v2.md
Parsing record: 2026-05-15-video-new-leaked-document-mentions-surviving-aliens-jeremy.v2.md
Allowance ceiling: weekly 95% >= 88% start-line (ceiling 95 less 7 reserved for end-of-week verification and fixes)
  window resets at 2026-08-05T11:00:00.185739+00:00
  Not starting. Completed chunks are cached; resume is cheap.
--- rc=77 elapsed=2s 2026-05-15-video-new-leaked-document-mentions-surviving-aliens-jeremy.v2.md
    deferred (allowance): 2026-05-15-video-new-leaked-document-mentions-surviving-aliens-jeremy.v2.md
=== 2026-08-01T15:39:40+09:00 2026-07-14-video-the-ufo-cover-up-leads-to-one-secret-society-and-one-final.v2.md
Parsing record: 2026-07-14-video-the-ufo-cover-up-leads-to-one-secret-society-and-one-final.v2.md
Allowance ceiling: weekly 95% >= 88% start-line (ceiling 95 less 7 reserved for end-of-week verification and fixes)
  window resets at 2026-08-05T11:00:00.185739+00:00
  Not starting. Completed chunks are cached; resume is cheap.
--- rc=77 elapsed=16s 2026-07-14-video-the-ufo-cover-up-leads-to-one-secret-society-and-one-final.v2.md
    deferred (allowance): 2026-07-14-video-the-ufo-cover-up-leads-to-one-secret-society-and-one-final.v2.md
=== 2026-08-01T15:39:56+09:00 2026-01-02-video-the-alien-interview-tape-might-be-real-jon-stewart.v2.md
Parsing record: 2026-01-02-video-the-alien-interview-tape-might-be-real-jon-stewart.v2.md
Allowance ceiling: weekly 95% >= 88% start-line (ceiling 95 less 7 reserved for end-of-week verification and fixes)
  window resets at 2026-08-05T11:00:00.185739+00:00
  Not starting. Completed chunks are cached; resume is cheap.
--- rc=77 elapsed=4s 2026-01-02-video-the-alien-interview-tape-might-be-real-jon-stewart.v2.md
    deferred (allowance): 2026-01-02-video-the-alien-interview-tape-might-be-real-jon-stewart.v2.md
=== 2026-08-01T15:40:00+09:00 2026-03-13-video-the-alien-conclusion-according-to-50-years-of-research.v2.md
Parsing record: 2026-03-13-video-the-alien-conclusion-according-to-50-years-of-research.v2.md
Allowance ceiling: weekly 95% >= 88% start-line (ceiling 95 less 7 reserved for end-of-week verification and fixes)
  window resets at 2026-08-05T11:00:00.236189+00:00
  Not starting. Completed chunks are cached; resume is cheap.
--- rc=77 elapsed=19s 2026-03-13-video-the-alien-conclusion-according-to-50-years-of-research.v2.md
    deferred (allowance): 2026-03-13-video-the-alien-conclusion-according-to-50-years-of-research.v2.md
=== 2026-08-01T15:40:19+09:00 2025-12-12-video-army-radar-technician-reveals-alien-message-sfc-jeremy-cj.v2.md
Parsing record: 2025-12-12-video-army-radar-technician-reveals-alien-message-sfc-jeremy-cj.v2.md
Allowance ceiling: weekly 95% >= 88% start-line (ceiling 95 less 7 reserved for end-of-week verification and fixes)
  window resets at 2026-08-05T11:00:00.236189+00:00
  Not starting. Completed chunks are cached; resume is cheap.
--- rc=77 elapsed=9s 2025-12-12-video-army-radar-technician-reveals-alien-message-sfc-jeremy-cj.v2.md
    deferred (allowance): 2025-12-12-video-army-radar-technician-reveals-alien-message-sfc-jeremy-cj.v2.md
=== 2026-08-01T15:40:28+09:00 2025-01-17-video-the-alien-secret-majestic-12-debriefed-ep-22.v2.md
Parsing record: 2025-01-17-video-the-alien-secret-majestic-12-debriefed-ep-22.v2.md
Allowance ceiling: weekly 95% >= 93% start-line (ceiling 95 less 2 reserved for end-of-week verification and fixes)
  window resets at 2026-08-05T11:00:00.236189+00:00
  Not starting. Completed chunks are cached; resume is cheap.
--- rc=77 elapsed=5s 2025-01-17-video-the-alien-secret-majestic-12-debriefed-ep-22.v2.md
    deferred (allowance): 2025-01-17-video-the-alien-secret-majestic-12-debriefed-ep-22.v2.md
    non-book refused - nothing smaller can pass; parking early
    all remaining deferred by allowance; re-check in 600s
=== 2026-08-01T15:50:33+09:00 2026-07-14-video-is-there-a-ruined-civilization-on-mars-a-theoretical.v2.md
Parsing record: 2026-07-14-video-is-there-a-ruined-civilization-on-mars-a-theoretical.v2.md
Allowance ceiling: weekly 95% >= 88% start-line (ceiling 95 less 7 reserved for end-of-week verification and fixes)
  window resets at 2026-08-05T10:59:59.683286+00:00
  Not starting. Completed chunks are cached; resume is cheap.
--- rc=77 elapsed=19s 2026-07-14-video-is-there-a-ruined-civilization-on-mars-a-theoretical.v2.md
    deferred (allowance): 2026-07-14-video-is-there-a-ruined-civilization-on-mars-a-theoretical.v2.md
=== 2026-08-01T15:50:52+09:00 2026-07-17-video-jesse-michels-uapgerb-chris-ramsay-flying-saucer-diner.v2.md
Parsing record: 2026-07-17-video-jesse-michels-uapgerb-chris-ramsay-flying-saucer-diner.v2.md
Allowance ceiling: weekly 95% >= 88% start-line (ceiling 95 less 7 reserved for end-of-week verification and fixes)
  window resets at 2026-08-05T10:59:59.683286+00:00
  Not starting. Completed chunks are cached; resume is cheap.
--- rc=77 elapsed=2s 2026-07-17-video-jesse-michels-uapgerb-chris-ramsay-flying-saucer-diner.v2.md
    deferred (allowance): 2026-07-17-video-jesse-michels-uapgerb-chris-ramsay-flying-saucer-diner.v2.md
=== 2026-08-01T15:50:54+09:00 2026-07-24-video-the-terrible-truth-about-the-visitors-whitley-strieber-ep-96.v2.md
Parsing record: 2026-07-24-video-the-terrible-truth-about-the-visitors-whitley-strieber-ep-96.v2.md
Allowance ceiling: weekly 95% >= 88% start-line (ceiling 95 less 7 reserved for end-of-week verification and fixes)
  window resets at 2026-08-05T10:59:59.683286+00:00
  Not starting. Completed chunks are cached; resume is cheap.
--- rc=77 elapsed=3s 2026-07-24-video-the-terrible-truth-about-the-visitors-whitley-strieber-ep-96.v2.md
    deferred (allowance): 2026-07-24-video-the-terrible-truth-about-the-visitors-whitley-strieber-ep-96.v2.md
=== 2026-08-01T15:50:57+09:00 2026-07-20-video-proof-that-nasa-censored-moon-photos-and-the-astronauts-knew.v2.md
Parsing record: 2026-07-20-video-proof-that-nasa-censored-moon-photos-and-the-astronauts-knew.v2.md
Allowance ceiling: weekly 95% >= 88% start-line (ceiling 95 less 7 reserved for end-of-week verification and fixes)
  window resets at 2026-08-05T10:59:59.683286+00:00
  Not starting. Completed chunks are cached; resume is cheap.
--- rc=77 elapsed=4s 2026-07-20-video-proof-that-nasa-censored-moon-photos-and-the-astronauts-knew.v2.md
    deferred (allowance): 2026-07-20-video-proof-that-nasa-censored-moon-photos-and-the-astronauts-knew.v2.md
=== 2026-08-01T15:51:01+09:00 2026-06-05-video-the-crazy-story-that-made-him-quit-investigating-ufos-luigi.v2.md
Parsing record: 2026-06-05-video-the-crazy-story-that-made-him-quit-investigating-ufos-luigi.v2.md
Allowance ceiling: weekly 95% >= 88% start-line (ceiling 95 less 7 reserved for end-of-week verification and fixes)
  window resets at 2026-08-05T10:59:59.683286+00:00
  Not starting. Completed chunks are cached; resume is cheap.
--- rc=77 elapsed=9s 2026-06-05-video-the-crazy-story-that-made-him-quit-investigating-ufos-luigi.v2.md
    deferred (allowance): 2026-06-05-video-the-crazy-story-that-made-him-quit-investigating-ufos-luigi.v2.md
=== 2026-08-01T15:51:10+09:00 2026-02-20-video-the-dangerous-truth-about-ufos-ross-coulthart-debriefed-ep.v2.md
Parsing record: 2026-02-20-video-the-dangerous-truth-about-ufos-ross-coulthart-debriefed-ep.v2.md
Allowance ceiling: weekly 95% >= 88% start-line (ceiling 95 less 7 reserved for end-of-week verification and fixes)
  window resets at 2026-08-05T10:59:59.683286+00:00
  Not starting. Completed chunks are cached; resume is cheap.
--- rc=77 elapsed=5s 2026-02-20-video-the-dangerous-truth-about-ufos-ross-coulthart-debriefed-ep.v2.md
    deferred (allowance): 2026-02-20-video-the-dangerous-truth-about-ufos-ross-coulthart-debriefed-ep.v2.md
=== 2026-08-01T15:51:15+09:00 2026-04-03-video-aliens-angels-and-daemons-michael-phillip-debriefed-ep-82.v2.md
Parsing record: 2026-04-03-video-aliens-angels-and-daemons-michael-phillip-debriefed-ep-82.v2.md
Allowance ceiling: weekly 95% >= 88% start-line (ceiling 95 less 7 reserved for end-of-week verification and fixes)
  window resets at 2026-08-05T10:59:59.683286+00:00
  Not starting. Completed chunks are cached; resume is cheap.
--- rc=77 elapsed=5s 2026-04-03-video-aliens-angels-and-daemons-michael-phillip-debriefed-ep-82.v2.md
    deferred (allowance): 2026-04-03-video-aliens-angels-and-daemons-michael-phillip-debriefed-ep-82.v2.md
=== 2026-08-01T15:51:20+09:00 2026-05-15-video-new-leaked-document-mentions-surviving-aliens-jeremy.v2.md
Parsing record: 2026-05-15-video-new-leaked-document-mentions-surviving-aliens-jeremy.v2.md
Allowance ceiling: weekly 95% >= 88% start-line (ceiling 95 less 7 reserved for end-of-week verification and fixes)
  window resets at 2026-08-05T10:59:59.683286+00:00
  Not starting. Completed chunks are cached; resume is cheap.
--- rc=77 elapsed=9s 2026-05-15-video-new-leaked-document-mentions-surviving-aliens-jeremy.v2.md
    deferred (allowance): 2026-05-15-video-new-leaked-document-mentions-surviving-aliens-jeremy.v2.md
=== 2026-08-01T15:51:29+09:00 2026-07-14-video-the-ufo-cover-up-leads-to-one-secret-society-and-one-final.v2.md
Parsing record: 2026-07-14-video-the-ufo-cover-up-leads-to-one-secret-society-and-one-final.v2.md
Allowance ceiling: weekly 95% >= 88% start-line (ceiling 95 less 7 reserved for end-of-week verification and fixes)
  window resets at 2026-08-05T10:59:59.683286+00:00
  Not starting. Completed chunks are cached; resume is cheap.
--- rc=77 elapsed=2s 2026-07-14-video-the-ufo-cover-up-leads-to-one-secret-society-and-one-final.v2.md
    deferred (allowance): 2026-07-14-video-the-ufo-cover-up-leads-to-one-secret-society-and-one-final.v2.md
=== 2026-08-01T15:51:31+09:00 2026-01-02-video-the-alien-interview-tape-might-be-real-jon-stewart.v2.md
Parsing record: 2026-01-02-video-the-alien-interview-tape-might-be-real-jon-stewart.v2.md
Allowance ceiling: weekly 95% >= 88% start-line (ceiling 95 less 7 reserved for end-of-week verification and fixes)
  window resets at 2026-08-05T10:59:59.683286+00:00
  Not starting. Completed chunks are cached; resume is cheap.
--- rc=77 elapsed=3s 2026-01-02-video-the-alien-interview-tape-might-be-real-jon-stewart.v2.md
    deferred (allowance): 2026-01-02-video-the-alien-interview-tape-might-be-real-jon-stewart.v2.md
=== 2026-08-01T15:51:34+09:00 2026-03-13-video-the-alien-conclusion-according-to-50-years-of-research.v2.md
Parsing record: 2026-03-13-video-the-alien-conclusion-according-to-50-years-of-research.v2.md
Allowance ceiling: weekly 95% >= 88% start-line (ceiling 95 less 7 reserved for end-of-week verification and fixes)
  window resets at 2026-08-05T10:59:59.683286+00:00
  Not starting. Completed chunks are cached; resume is cheap.
--- rc=77 elapsed=2s 2026-03-13-video-the-alien-conclusion-according-to-50-years-of-research.v2.md
    deferred (allowance): 2026-03-13-video-the-alien-conclusion-according-to-50-years-of-research.v2.md
=== 2026-08-01T15:51:36+09:00 2025-12-12-video-army-radar-technician-reveals-alien-message-sfc-jeremy-cj.v2.md
Parsing record: 2025-12-12-video-army-radar-technician-reveals-alien-message-sfc-jeremy-cj.v2.md
Allowance ceiling: weekly 95% >= 88% start-line (ceiling 95 less 7 reserved for end-of-week verification and fixes)
  window resets at 2026-08-05T10:59:59.683286+00:00
  Not starting. Completed chunks are cached; resume is cheap.
--- rc=77 elapsed=3s 2025-12-12-video-army-radar-technician-reveals-alien-message-sfc-jeremy-cj.v2.md
    deferred (allowance): 2025-12-12-video-army-radar-technician-reveals-alien-message-sfc-jeremy-cj.v2.md
=== 2026-08-01T15:51:39+09:00 2025-01-17-video-the-alien-secret-majestic-12-debriefed-ep-22.v2.md
Parsing record: 2025-01-17-video-the-alien-secret-majestic-12-debriefed-ep-22.v2.md
Allowance ceiling: weekly 95% >= 93% start-line (ceiling 95 less 2 reserved for end-of-week verification and fixes)
  window resets at 2026-08-05T10:59:59.683286+00:00
  Not starting. Completed chunks are cached; resume is cheap.
--- rc=77 elapsed=2s 2025-01-17-video-the-alien-secret-majestic-12-debriefed-ep-22.v2.md
    deferred (allowance): 2025-01-17-video-the-alien-secret-majestic-12-debriefed-ep-22.v2.md
    non-book refused - nothing smaller can pass; parking early
    all remaining deferred by allowance; re-check in 600s
=== 2026-08-01T16:01:41+09:00 2026-07-14-video-is-there-a-ruined-civilization-on-mars-a-theoretical.v2.md
Parsing record: 2026-07-14-video-is-there-a-ruined-civilization-on-mars-a-theoretical.v2.md
Allowance ceiling: weekly 95% >= 88% start-line (ceiling 95 less 7 reserved for end-of-week verification and fixes)
  window resets at 2026-08-05T10:59:59.645161+00:00
  Not starting. Completed chunks are cached; resume is cheap.
--- rc=77 elapsed=19s 2026-07-14-video-is-there-a-ruined-civilization-on-mars-a-theoretical.v2.md
    deferred (allowance): 2026-07-14-video-is-there-a-ruined-civilization-on-mars-a-theoretical.v2.md
=== 2026-08-01T16:02:00+09:00 2026-07-17-video-jesse-michels-uapgerb-chris-ramsay-flying-saucer-diner.v2.md
Parsing record: 2026-07-17-video-jesse-michels-uapgerb-chris-ramsay-flying-saucer-diner.v2.md
Allowance ceiling: weekly 95% >= 88% start-line (ceiling 95 less 7 reserved for end-of-week verification and fixes)
  window resets at 2026-08-05T10:59:59.645161+00:00
  Not starting. Completed chunks are cached; resume is cheap.
--- rc=77 elapsed=10s 2026-07-17-video-jesse-michels-uapgerb-chris-ramsay-flying-saucer-diner.v2.md
    deferred (allowance): 2026-07-17-video-jesse-michels-uapgerb-chris-ramsay-flying-saucer-diner.v2.md
=== 2026-08-01T16:02:10+09:00 2026-07-24-video-the-terrible-truth-about-the-visitors-whitley-strieber-ep-96.v2.md
Parsing record: 2026-07-24-video-the-terrible-truth-about-the-visitors-whitley-strieber-ep-96.v2.md
Allowance ceiling: weekly 95% >= 88% start-line (ceiling 95 less 7 reserved for end-of-week verification and fixes)
  window resets at 2026-08-05T10:59:59.645161+00:00
  Not starting. Completed chunks are cached; resume is cheap.
--- rc=77 elapsed=5s 2026-07-24-video-the-terrible-truth-about-the-visitors-whitley-strieber-ep-96.v2.md
    deferred (allowance): 2026-07-24-video-the-terrible-truth-about-the-visitors-whitley-strieber-ep-96.v2.md
=== 2026-08-01T16:02:15+09:00 2026-07-20-video-proof-that-nasa-censored-moon-photos-and-the-astronauts-knew.v2.md
Parsing record: 2026-07-20-video-proof-that-nasa-censored-moon-photos-and-the-astronauts-knew.v2.md
Allowance ceiling: weekly 95% >= 88% start-line (ceiling 95 less 7 reserved for end-of-week verification and fixes)
  window resets at 2026-08-05T10:59:59.645161+00:00
  Not starting. Completed chunks are cached; resume is cheap.
--- rc=77 elapsed=3s 2026-07-20-video-proof-that-nasa-censored-moon-photos-and-the-astronauts-knew.v2.md
    deferred (allowance): 2026-07-20-video-proof-that-nasa-censored-moon-photos-and-the-astronauts-knew.v2.md
=== 2026-08-01T16:02:18+09:00 2026-06-05-video-the-crazy-story-that-made-him-quit-investigating-ufos-luigi.v2.md
Parsing record: 2026-06-05-video-the-crazy-story-that-made-him-quit-investigating-ufos-luigi.v2.md
Allowance ceiling: weekly 95% >= 88% start-line (ceiling 95 less 7 reserved for end-of-week verification and fixes)
  window resets at 2026-08-05T10:59:59.645161+00:00
  Not starting. Completed chunks are cached; resume is cheap.
--- rc=77 elapsed=2s 2026-06-05-video-the-crazy-story-that-made-him-quit-investigating-ufos-luigi.v2.md
    deferred (allowance): 2026-06-05-video-the-crazy-story-that-made-him-quit-investigating-ufos-luigi.v2.md
=== 2026-08-01T16:02:20+09:00 2026-02-20-video-the-dangerous-truth-about-ufos-ross-coulthart-debriefed-ep.v2.md
Parsing record: 2026-02-20-video-the-dangerous-truth-about-ufos-ross-coulthart-debriefed-ep.v2.md
Allowance ceiling: weekly 95% >= 88% start-line (ceiling 95 less 7 reserved for end-of-week verification and fixes)
  window resets at 2026-08-05T10:59:59.645161+00:00
  Not starting. Completed chunks are cached; resume is cheap.
--- rc=77 elapsed=10s 2026-02-20-video-the-dangerous-truth-about-ufos-ross-coulthart-debriefed-ep.v2.md
    deferred (allowance): 2026-02-20-video-the-dangerous-truth-about-ufos-ross-coulthart-debriefed-ep.v2.md
=== 2026-08-01T16:02:30+09:00 2026-04-03-video-aliens-angels-and-daemons-michael-phillip-debriefed-ep-82.v2.md
Parsing record: 2026-04-03-video-aliens-angels-and-daemons-michael-phillip-debriefed-ep-82.v2.md
Allowance ceiling: weekly 95% >= 88% start-line (ceiling 95 less 7 reserved for end-of-week verification and fixes)
  window resets at 2026-08-05T10:59:59.645161+00:00
  Not starting. Completed chunks are cached; resume is cheap.
--- rc=77 elapsed=3s 2026-04-03-video-aliens-angels-and-daemons-michael-phillip-debriefed-ep-82.v2.md
    deferred (allowance): 2026-04-03-video-aliens-angels-and-daemons-michael-phillip-debriefed-ep-82.v2.md
=== 2026-08-01T16:02:33+09:00 2026-05-15-video-new-leaked-document-mentions-surviving-aliens-jeremy.v2.md
Parsing record: 2026-05-15-video-new-leaked-document-mentions-surviving-aliens-jeremy.v2.md
Allowance ceiling: weekly 95% >= 88% start-line (ceiling 95 less 7 reserved for end-of-week verification and fixes)
  window resets at 2026-08-05T10:59:59.645161+00:00
  Not starting. Completed chunks are cached; resume is cheap.
--- rc=77 elapsed=2s 2026-05-15-video-new-leaked-document-mentions-surviving-aliens-jeremy.v2.md
    deferred (allowance): 2026-05-15-video-new-leaked-document-mentions-surviving-aliens-jeremy.v2.md
=== 2026-08-01T16:02:35+09:00 2026-07-14-video-the-ufo-cover-up-leads-to-one-secret-society-and-one-final.v2.md
Parsing record: 2026-07-14-video-the-ufo-cover-up-leads-to-one-secret-society-and-one-final.v2.md
Allowance ceiling: weekly 95% >= 88% start-line (ceiling 95 less 7 reserved for end-of-week verification and fixes)
  window resets at 2026-08-05T10:59:59.645161+00:00
  Not starting. Completed chunks are cached; resume is cheap.
--- rc=77 elapsed=3s 2026-07-14-video-the-ufo-cover-up-leads-to-one-secret-society-and-one-final.v2.md
    deferred (allowance): 2026-07-14-video-the-ufo-cover-up-leads-to-one-secret-society-and-one-final.v2.md
=== 2026-08-01T16:02:38+09:00 2026-01-02-video-the-alien-interview-tape-might-be-real-jon-stewart.v2.md
Parsing record: 2026-01-02-video-the-alien-interview-tape-might-be-real-jon-stewart.v2.md
Allowance ceiling: weekly 95% >= 88% start-line (ceiling 95 less 7 reserved for end-of-week verification and fixes)
  window resets at 2026-08-05T10:59:59.645161+00:00
  Not starting. Completed chunks are cached; resume is cheap.
--- rc=77 elapsed=2s 2026-01-02-video-the-alien-interview-tape-might-be-real-jon-stewart.v2.md
    deferred (allowance): 2026-01-02-video-the-alien-interview-tape-might-be-real-jon-stewart.v2.md
=== 2026-08-01T16:02:40+09:00 2026-03-13-video-the-alien-conclusion-according-to-50-years-of-research.v2.md
Parsing record: 2026-03-13-video-the-alien-conclusion-according-to-50-years-of-research.v2.md
Allowance ceiling: weekly 95% >= 88% start-line (ceiling 95 less 7 reserved for end-of-week verification and fixes)
  window resets at 2026-08-05T10:59:59.645161+00:00
  Not starting. Completed chunks are cached; resume is cheap.
--- rc=77 elapsed=17s 2026-03-13-video-the-alien-conclusion-according-to-50-years-of-research.v2.md
    deferred (allowance): 2026-03-13-video-the-alien-conclusion-according-to-50-years-of-research.v2.md
=== 2026-08-01T16:02:57+09:00 2025-12-12-video-army-radar-technician-reveals-alien-message-sfc-jeremy-cj.v2.md
Parsing record: 2025-12-12-video-army-radar-technician-reveals-alien-message-sfc-jeremy-cj.v2.md
Allowance ceiling: weekly 95% >= 88% start-line (ceiling 95 less 7 reserved for end-of-week verification and fixes)
  window resets at 2026-08-05T10:59:59.645161+00:00
  Not starting. Completed chunks are cached; resume is cheap.
--- rc=77 elapsed=2s 2025-12-12-video-army-radar-technician-reveals-alien-message-sfc-jeremy-cj.v2.md
    deferred (allowance): 2025-12-12-video-army-radar-technician-reveals-alien-message-sfc-jeremy-cj.v2.md
=== 2026-08-01T16:02:59+09:00 2025-01-17-video-the-alien-secret-majestic-12-debriefed-ep-22.v2.md
Parsing record: 2025-01-17-video-the-alien-secret-majestic-12-debriefed-ep-22.v2.md
Allowance ceiling: weekly 95% >= 93% start-line (ceiling 95 less 2 reserved for end-of-week verification and fixes)
  window resets at 2026-08-05T10:59:59.645161+00:00
  Not starting. Completed chunks are cached; resume is cheap.
--- rc=77 elapsed=3s 2025-01-17-video-the-alien-secret-majestic-12-debriefed-ep-22.v2.md
    deferred (allowance): 2025-01-17-video-the-alien-secret-majestic-12-debriefed-ep-22.v2.md
    non-book refused - nothing smaller can pass; parking early
    all remaining deferred by allowance; re-check in 600s
=== 2026-08-01T16:13:02+09:00 2026-07-14-video-is-there-a-ruined-civilization-on-mars-a-theoretical.v2.md
Parsing record: 2026-07-14-video-is-there-a-ruined-civilization-on-mars-a-theoretical.v2.md
Allowance ceiling: weekly 95% >= 88% start-line (ceiling 95 less 7 reserved for end-of-week verification and fixes)
  window resets at 2026-08-05T10:59:59.645161+00:00
  Not starting. Completed chunks are cached; resume is cheap.
--- rc=77 elapsed=19s 2026-07-14-video-is-there-a-ruined-civilization-on-mars-a-theoretical.v2.md
    deferred (allowance): 2026-07-14-video-is-there-a-ruined-civilization-on-mars-a-theoretical.v2.md
=== 2026-08-01T16:13:21+09:00 2026-07-17-video-jesse-michels-uapgerb-chris-ramsay-flying-saucer-diner.v2.md
Parsing record: 2026-07-17-video-jesse-michels-uapgerb-chris-ramsay-flying-saucer-diner.v2.md
Allowance ceiling: weekly 95% >= 88% start-line (ceiling 95 less 7 reserved for end-of-week verification and fixes)
  window resets at 2026-08-05T11:00:00.606547+00:00
  Not starting. Completed chunks are cached; resume is cheap.
--- rc=77 elapsed=17s 2026-07-17-video-jesse-michels-uapgerb-chris-ramsay-flying-saucer-diner.v2.md
    deferred (allowance): 2026-07-17-video-jesse-michels-uapgerb-chris-ramsay-flying-saucer-diner.v2.md
=== 2026-08-01T16:13:38+09:00 2026-07-24-video-the-terrible-truth-about-the-visitors-whitley-strieber-ep-96.v2.md
Parsing record: 2026-07-24-video-the-terrible-truth-about-the-visitors-whitley-strieber-ep-96.v2.md
Allowance ceiling: weekly 95% >= 88% start-line (ceiling 95 less 7 reserved for end-of-week verification and fixes)
  window resets at 2026-08-05T11:00:00.606547+00:00
  Not starting. Completed chunks are cached; resume is cheap.
--- rc=77 elapsed=2s 2026-07-24-video-the-terrible-truth-about-the-visitors-whitley-strieber-ep-96.v2.md
    deferred (allowance): 2026-07-24-video-the-terrible-truth-about-the-visitors-whitley-strieber-ep-96.v2.md
=== 2026-08-01T16:13:40+09:00 2026-07-20-video-proof-that-nasa-censored-moon-photos-and-the-astronauts-knew.v2.md
Parsing record: 2026-07-20-video-proof-that-nasa-censored-moon-photos-and-the-astronauts-knew.v2.md
Allowance ceiling: weekly 95% >= 88% start-line (ceiling 95 less 7 reserved for end-of-week verification and fixes)
  window resets at 2026-08-05T11:00:00.606547+00:00
  Not starting. Completed chunks are cached; resume is cheap.
--- rc=77 elapsed=17s 2026-07-20-video-proof-that-nasa-censored-moon-photos-and-the-astronauts-knew.v2.md
    deferred (allowance): 2026-07-20-video-proof-that-nasa-censored-moon-photos-and-the-astronauts-knew.v2.md
=== 2026-08-01T16:13:57+09:00 2026-06-05-video-the-crazy-story-that-made-him-quit-investigating-ufos-luigi.v2.md
Parsing record: 2026-06-05-video-the-crazy-story-that-made-him-quit-investigating-ufos-luigi.v2.md
Allowance ceiling: weekly 95% >= 88% start-line (ceiling 95 less 7 reserved for end-of-week verification and fixes)
  window resets at 2026-08-05T11:00:00.606547+00:00
  Not starting. Completed chunks are cached; resume is cheap.
--- rc=77 elapsed=2s 2026-06-05-video-the-crazy-story-that-made-him-quit-investigating-ufos-luigi.v2.md
    deferred (allowance): 2026-06-05-video-the-crazy-story-that-made-him-quit-investigating-ufos-luigi.v2.md
=== 2026-08-01T16:13:59+09:00 2026-02-20-video-the-dangerous-truth-about-ufos-ross-coulthart-debriefed-ep.v2.md
Parsing record: 2026-02-20-video-the-dangerous-truth-about-ufos-ross-coulthart-debriefed-ep.v2.md
Allowance ceiling: weekly 95% >= 88% start-line (ceiling 95 less 7 reserved for end-of-week verification and fixes)
  window resets at 2026-08-05T11:00:00.606547+00:00
  Not starting. Completed chunks are cached; resume is cheap.
--- rc=77 elapsed=1s 2026-02-20-video-the-dangerous-truth-about-ufos-ross-coulthart-debriefed-ep.v2.md
    deferred (allowance): 2026-02-20-video-the-dangerous-truth-about-ufos-ross-coulthart-debriefed-ep.v2.md
=== 2026-08-01T16:14:01+09:00 2026-04-03-video-aliens-angels-and-daemons-michael-phillip-debriefed-ep-82.v2.md
Parsing record: 2026-04-03-video-aliens-angels-and-daemons-michael-phillip-debriefed-ep-82.v2.md
Allowance ceiling: weekly 95% >= 88% start-line (ceiling 95 less 7 reserved for end-of-week verification and fixes)
  window resets at 2026-08-05T11:00:00.606547+00:00
  Not starting. Completed chunks are cached; resume is cheap.
--- rc=77 elapsed=9s 2026-04-03-video-aliens-angels-and-daemons-michael-phillip-debriefed-ep-82.v2.md
    deferred (allowance): 2026-04-03-video-aliens-angels-and-daemons-michael-phillip-debriefed-ep-82.v2.md
=== 2026-08-01T16:14:10+09:00 2026-05-15-video-new-leaked-document-mentions-surviving-aliens-jeremy.v2.md
Parsing record: 2026-05-15-video-new-leaked-document-mentions-surviving-aliens-jeremy.v2.md
Allowance ceiling: weekly 95% >= 88% start-line (ceiling 95 less 7 reserved for end-of-week verification and fixes)
  window resets at 2026-08-05T11:00:00.606547+00:00
  Not starting. Completed chunks are cached; resume is cheap.
--- rc=77 elapsed=5s 2026-05-15-video-new-leaked-document-mentions-surviving-aliens-jeremy.v2.md
    deferred (allowance): 2026-05-15-video-new-leaked-document-mentions-surviving-aliens-jeremy.v2.md
=== 2026-08-01T16:14:15+09:00 2026-07-14-video-the-ufo-cover-up-leads-to-one-secret-society-and-one-final.v2.md
Parsing record: 2026-07-14-video-the-ufo-cover-up-leads-to-one-secret-society-and-one-final.v2.md
Allowance ceiling: weekly 95% >= 88% start-line (ceiling 95 less 7 reserved for end-of-week verification and fixes)
  window resets at 2026-08-05T11:00:00.606547+00:00
  Not starting. Completed chunks are cached; resume is cheap.
--- rc=77 elapsed=2s 2026-07-14-video-the-ufo-cover-up-leads-to-one-secret-society-and-one-final.v2.md
    deferred (allowance): 2026-07-14-video-the-ufo-cover-up-leads-to-one-secret-society-and-one-final.v2.md
=== 2026-08-01T16:14:17+09:00 2026-01-02-video-the-alien-interview-tape-might-be-real-jon-stewart.v2.md
Parsing record: 2026-01-02-video-the-alien-interview-tape-might-be-real-jon-stewart.v2.md
Allowance ceiling: weekly 95% >= 88% start-line (ceiling 95 less 7 reserved for end-of-week verification and fixes)
  window resets at 2026-08-05T11:00:00.606547+00:00
  Not starting. Completed chunks are cached; resume is cheap.
--- rc=77 elapsed=2s 2026-01-02-video-the-alien-interview-tape-might-be-real-jon-stewart.v2.md
    deferred (allowance): 2026-01-02-video-the-alien-interview-tape-might-be-real-jon-stewart.v2.md
=== 2026-08-01T16:14:19+09:00 2026-03-13-video-the-alien-conclusion-according-to-50-years-of-research.v2.md
Parsing record: 2026-03-13-video-the-alien-conclusion-according-to-50-years-of-research.v2.md
Allowance ceiling: weekly 95% >= 88% start-line (ceiling 95 less 7 reserved for end-of-week verification and fixes)
  window resets at 2026-08-05T11:00:00.606547+00:00
  Not starting. Completed chunks are cached; resume is cheap.
--- rc=77 elapsed=9s 2026-03-13-video-the-alien-conclusion-according-to-50-years-of-research.v2.md
    deferred (allowance): 2026-03-13-video-the-alien-conclusion-according-to-50-years-of-research.v2.md
=== 2026-08-01T16:14:28+09:00 2025-12-12-video-army-radar-technician-reveals-alien-message-sfc-jeremy-cj.v2.md
Parsing record: 2025-12-12-video-army-radar-technician-reveals-alien-message-sfc-jeremy-cj.v2.md
Allowance ceiling: weekly 95% >= 88% start-line (ceiling 95 less 7 reserved for end-of-week verification and fixes)
  window resets at 2026-08-05T11:00:00.606547+00:00
  Not starting. Completed chunks are cached; resume is cheap.
--- rc=77 elapsed=3s 2025-12-12-video-army-radar-technician-reveals-alien-message-sfc-jeremy-cj.v2.md
    deferred (allowance): 2025-12-12-video-army-radar-technician-reveals-alien-message-sfc-jeremy-cj.v2.md
=== 2026-08-01T16:14:31+09:00 2025-01-17-video-the-alien-secret-majestic-12-debriefed-ep-22.v2.md
Parsing record: 2025-01-17-video-the-alien-secret-majestic-12-debriefed-ep-22.v2.md
Allowance ceiling: weekly 95% >= 93% start-line (ceiling 95 less 2 reserved for end-of-week verification and fixes)
  window resets at 2026-08-05T11:00:00.606547+00:00
  Not starting. Completed chunks are cached; resume is cheap.
--- rc=77 elapsed=3s 2025-01-17-video-the-alien-secret-majestic-12-debriefed-ep-22.v2.md
    deferred (allowance): 2025-01-17-video-the-alien-secret-majestic-12-debriefed-ep-22.v2.md
    non-book refused - nothing smaller can pass; parking early
    all remaining deferred by allowance; re-check in 600s
=== 2026-08-01T16:24:34+09:00 2026-07-14-video-is-there-a-ruined-civilization-on-mars-a-theoretical.v2.md
Parsing record: 2026-07-14-video-is-there-a-ruined-civilization-on-mars-a-theoretical.v2.md
Allowance ceiling: weekly 95% >= 88% start-line (ceiling 95 less 7 reserved for end-of-week verification and fixes)
  window resets at 2026-08-05T11:00:00.193923+00:00
  Not starting. Completed chunks are cached; resume is cheap.
--- rc=77 elapsed=2s 2026-07-14-video-is-there-a-ruined-civilization-on-mars-a-theoretical.v2.md
    deferred (allowance): 2026-07-14-video-is-there-a-ruined-civilization-on-mars-a-theoretical.v2.md
=== 2026-08-01T16:24:36+09:00 2026-07-17-video-jesse-michels-uapgerb-chris-ramsay-flying-saucer-diner.v2.md
Parsing record: 2026-07-17-video-jesse-michels-uapgerb-chris-ramsay-flying-saucer-diner.v2.md
Allowance ceiling: weekly 95% >= 88% start-line (ceiling 95 less 7 reserved for end-of-week verification and fixes)
  window resets at 2026-08-05T11:00:00.193923+00:00
  Not starting. Completed chunks are cached; resume is cheap.
--- rc=77 elapsed=2s 2026-07-17-video-jesse-michels-uapgerb-chris-ramsay-flying-saucer-diner.v2.md
    deferred (allowance): 2026-07-17-video-jesse-michels-uapgerb-chris-ramsay-flying-saucer-diner.v2.md
=== 2026-08-01T16:24:38+09:00 2026-07-24-video-the-terrible-truth-about-the-visitors-whitley-strieber-ep-96.v2.md
Parsing record: 2026-07-24-video-the-terrible-truth-about-the-visitors-whitley-strieber-ep-96.v2.md
Allowance ceiling: weekly 95% >= 88% start-line (ceiling 95 less 7 reserved for end-of-week verification and fixes)
  window resets at 2026-08-05T11:00:00.193923+00:00
  Not starting. Completed chunks are cached; resume is cheap.
--- rc=77 elapsed=2s 2026-07-24-video-the-terrible-truth-about-the-visitors-whitley-strieber-ep-96.v2.md
    deferred (allowance): 2026-07-24-video-the-terrible-truth-about-the-visitors-whitley-strieber-ep-96.v2.md
=== 2026-08-01T16:24:40+09:00 2026-07-20-video-proof-that-nasa-censored-moon-photos-and-the-astronauts-knew.v2.md
Parsing record: 2026-07-20-video-proof-that-nasa-censored-moon-photos-and-the-astronauts-knew.v2.md
Allowance ceiling: weekly 95% >= 88% start-line (ceiling 95 less 7 reserved for end-of-week verification and fixes)
  window resets at 2026-08-05T11:00:00.193923+00:00
  Not starting. Completed chunks are cached; resume is cheap.
--- rc=77 elapsed=17s 2026-07-20-video-proof-that-nasa-censored-moon-photos-and-the-astronauts-knew.v2.md
    deferred (allowance): 2026-07-20-video-proof-that-nasa-censored-moon-photos-and-the-astronauts-knew.v2.md
=== 2026-08-01T16:24:57+09:00 2026-06-05-video-the-crazy-story-that-made-him-quit-investigating-ufos-luigi.v2.md
Parsing record: 2026-06-05-video-the-crazy-story-that-made-him-quit-investigating-ufos-luigi.v2.md
Allowance ceiling: weekly 95% >= 88% start-line (ceiling 95 less 7 reserved for end-of-week verification and fixes)
  window resets at 2026-08-05T11:00:00.193923+00:00
  Not starting. Completed chunks are cached; resume is cheap.
--- rc=77 elapsed=3s 2026-06-05-video-the-crazy-story-that-made-him-quit-investigating-ufos-luigi.v2.md
    deferred (allowance): 2026-06-05-video-the-crazy-story-that-made-him-quit-investigating-ufos-luigi.v2.md
=== 2026-08-01T16:25:00+09:00 2026-02-20-video-the-dangerous-truth-about-ufos-ross-coulthart-debriefed-ep.v2.md
Parsing record: 2026-02-20-video-the-dangerous-truth-about-ufos-ross-coulthart-debriefed-ep.v2.md
Allowance ceiling: weekly 95% >= 88% start-line (ceiling 95 less 7 reserved for end-of-week verification and fixes)
  window resets at 2026-08-05T11:00:00.193923+00:00
  Not starting. Completed chunks are cached; resume is cheap.
--- rc=77 elapsed=10s 2026-02-20-video-the-dangerous-truth-about-ufos-ross-coulthart-debriefed-ep.v2.md
    deferred (allowance): 2026-02-20-video-the-dangerous-truth-about-ufos-ross-coulthart-debriefed-ep.v2.md
=== 2026-08-01T16:25:10+09:00 2026-04-03-video-aliens-angels-and-daemons-michael-phillip-debriefed-ep-82.v2.md
Parsing record: 2026-04-03-video-aliens-angels-and-daemons-michael-phillip-debriefed-ep-82.v2.md
Allowance ceiling: weekly 95% >= 88% start-line (ceiling 95 less 7 reserved for end-of-week verification and fixes)
  window resets at 2026-08-05T11:00:00.193923+00:00
  Not starting. Completed chunks are cached; resume is cheap.
--- rc=77 elapsed=10s 2026-04-03-video-aliens-angels-and-daemons-michael-phillip-debriefed-ep-82.v2.md
    deferred (allowance): 2026-04-03-video-aliens-angels-and-daemons-michael-phillip-debriefed-ep-82.v2.md
=== 2026-08-01T16:25:20+09:00 2026-05-15-video-new-leaked-document-mentions-surviving-aliens-jeremy.v2.md
Parsing record: 2026-05-15-video-new-leaked-document-mentions-surviving-aliens-jeremy.v2.md
Allowance ceiling: weekly 95% >= 88% start-line (ceiling 95 less 7 reserved for end-of-week verification and fixes)
  window resets at 2026-08-05T11:00:00.193923+00:00
  Not starting. Completed chunks are cached; resume is cheap.
--- rc=77 elapsed=9s 2026-05-15-video-new-leaked-document-mentions-surviving-aliens-jeremy.v2.md
    deferred (allowance): 2026-05-15-video-new-leaked-document-mentions-surviving-aliens-jeremy.v2.md
=== 2026-08-01T16:25:29+09:00 2026-07-14-video-the-ufo-cover-up-leads-to-one-secret-society-and-one-final.v2.md
Parsing record: 2026-07-14-video-the-ufo-cover-up-leads-to-one-secret-society-and-one-final.v2.md
Allowance ceiling: weekly 95% >= 88% start-line (ceiling 95 less 7 reserved for end-of-week verification and fixes)
  window resets at 2026-08-05T11:00:00.193923+00:00
  Not starting. Completed chunks are cached; resume is cheap.
--- rc=77 elapsed=2s 2026-07-14-video-the-ufo-cover-up-leads-to-one-secret-society-and-one-final.v2.md
    deferred (allowance): 2026-07-14-video-the-ufo-cover-up-leads-to-one-secret-society-and-one-final.v2.md
=== 2026-08-01T16:25:31+09:00 2026-01-02-video-the-alien-interview-tape-might-be-real-jon-stewart.v2.md
Parsing record: 2026-01-02-video-the-alien-interview-tape-might-be-real-jon-stewart.v2.md
Allowance ceiling: weekly 95% >= 88% start-line (ceiling 95 less 7 reserved for end-of-week verification and fixes)
  window resets at 2026-08-05T11:00:00.193923+00:00
  Not starting. Completed chunks are cached; resume is cheap.
--- rc=77 elapsed=3s 2026-01-02-video-the-alien-interview-tape-might-be-real-jon-stewart.v2.md
    deferred (allowance): 2026-01-02-video-the-alien-interview-tape-might-be-real-jon-stewart.v2.md
=== 2026-08-01T16:25:34+09:00 2026-03-13-video-the-alien-conclusion-according-to-50-years-of-research.v2.md
Parsing record: 2026-03-13-video-the-alien-conclusion-according-to-50-years-of-research.v2.md
Allowance ceiling: weekly 95% >= 88% start-line (ceiling 95 less 7 reserved for end-of-week verification and fixes)
  window resets at 2026-08-05T11:00:00.193923+00:00
  Not starting. Completed chunks are cached; resume is cheap.
--- rc=77 elapsed=3s 2026-03-13-video-the-alien-conclusion-according-to-50-years-of-research.v2.md
    deferred (allowance): 2026-03-13-video-the-alien-conclusion-according-to-50-years-of-research.v2.md
=== 2026-08-01T16:25:37+09:00 2025-12-12-video-army-radar-technician-reveals-alien-message-sfc-jeremy-cj.v2.md
Parsing record: 2025-12-12-video-army-radar-technician-reveals-alien-message-sfc-jeremy-cj.v2.md
Allowance ceiling: weekly 95% >= 88% start-line (ceiling 95 less 7 reserved for end-of-week verification and fixes)
  window resets at 2026-08-05T11:00:00.193923+00:00
  Not starting. Completed chunks are cached; resume is cheap.
--- rc=77 elapsed=2s 2025-12-12-video-army-radar-technician-reveals-alien-message-sfc-jeremy-cj.v2.md
    deferred (allowance): 2025-12-12-video-army-radar-technician-reveals-alien-message-sfc-jeremy-cj.v2.md
=== 2026-08-01T16:25:39+09:00 2025-01-17-video-the-alien-secret-majestic-12-debriefed-ep-22.v2.md
Parsing record: 2025-01-17-video-the-alien-secret-majestic-12-debriefed-ep-22.v2.md
Allowance ceiling: weekly 95% >= 93% start-line (ceiling 95 less 2 reserved for end-of-week verification and fixes)
  window resets at 2026-08-05T11:00:00.193923+00:00
  Not starting. Completed chunks are cached; resume is cheap.
--- rc=77 elapsed=2s 2025-01-17-video-the-alien-secret-majestic-12-debriefed-ep-22.v2.md
    deferred (allowance): 2025-01-17-video-the-alien-secret-majestic-12-debriefed-ep-22.v2.md
    non-book refused - nothing smaller can pass; parking early
    all remaining deferred by allowance; re-check in 600s
=== 2026-08-01T16:35:41+09:00 2026-07-14-video-is-there-a-ruined-civilization-on-mars-a-theoretical.v2.md
Parsing record: 2026-07-14-video-is-there-a-ruined-civilization-on-mars-a-theoretical.v2.md
Allowance ceiling: weekly 95% >= 88% start-line (ceiling 95 less 7 reserved for end-of-week verification and fixes)
  window resets at 2026-08-05T11:00:00.846628+00:00
  Not starting. Completed chunks are cached; resume is cheap.
--- rc=77 elapsed=17s 2026-07-14-video-is-there-a-ruined-civilization-on-mars-a-theoretical.v2.md
    deferred (allowance): 2026-07-14-video-is-there-a-ruined-civilization-on-mars-a-theoretical.v2.md
=== 2026-08-01T16:35:58+09:00 2026-07-17-video-jesse-michels-uapgerb-chris-ramsay-flying-saucer-diner.v2.md
Parsing record: 2026-07-17-video-jesse-michels-uapgerb-chris-ramsay-flying-saucer-diner.v2.md
Allowance ceiling: weekly 95% >= 88% start-line (ceiling 95 less 7 reserved for end-of-week verification and fixes)
  window resets at 2026-08-05T11:00:00.846628+00:00
  Not starting. Completed chunks are cached; resume is cheap.
--- rc=77 elapsed=3s 2026-07-17-video-jesse-michels-uapgerb-chris-ramsay-flying-saucer-diner.v2.md
    deferred (allowance): 2026-07-17-video-jesse-michels-uapgerb-chris-ramsay-flying-saucer-diner.v2.md
=== 2026-08-01T16:36:01+09:00 2026-07-24-video-the-terrible-truth-about-the-visitors-whitley-strieber-ep-96.v2.md
Parsing record: 2026-07-24-video-the-terrible-truth-about-the-visitors-whitley-strieber-ep-96.v2.md
Allowance ceiling: weekly 95% >= 88% start-line (ceiling 95 less 7 reserved for end-of-week verification and fixes)
  window resets at 2026-08-05T11:00:00.846628+00:00
  Not starting. Completed chunks are cached; resume is cheap.
--- rc=77 elapsed=18s 2026-07-24-video-the-terrible-truth-about-the-visitors-whitley-strieber-ep-96.v2.md
    deferred (allowance): 2026-07-24-video-the-terrible-truth-about-the-visitors-whitley-strieber-ep-96.v2.md
=== 2026-08-01T16:36:19+09:00 2026-07-20-video-proof-that-nasa-censored-moon-photos-and-the-astronauts-knew.v2.md
Parsing record: 2026-07-20-video-proof-that-nasa-censored-moon-photos-and-the-astronauts-knew.v2.md
Allowance ceiling: weekly 95% >= 88% start-line (ceiling 95 less 7 reserved for end-of-week verification and fixes)
  window resets at 2026-08-05T11:00:00.846628+00:00
  Not starting. Completed chunks are cached; resume is cheap.
--- rc=77 elapsed=2s 2026-07-20-video-proof-that-nasa-censored-moon-photos-and-the-astronauts-knew.v2.md
    deferred (allowance): 2026-07-20-video-proof-that-nasa-censored-moon-photos-and-the-astronauts-knew.v2.md
=== 2026-08-01T16:36:21+09:00 2026-06-05-video-the-crazy-story-that-made-him-quit-investigating-ufos-luigi.v2.md
Parsing record: 2026-06-05-video-the-crazy-story-that-made-him-quit-investigating-ufos-luigi.v2.md
Allowance ceiling: weekly 95% >= 88% start-line (ceiling 95 less 7 reserved for end-of-week verification and fixes)
  window resets at 2026-08-05T11:00:00.846628+00:00
  Not starting. Completed chunks are cached; resume is cheap.
--- rc=77 elapsed=9s 2026-06-05-video-the-crazy-story-that-made-him-quit-investigating-ufos-luigi.v2.md
    deferred (allowance): 2026-06-05-video-the-crazy-story-that-made-him-quit-investigating-ufos-luigi.v2.md
=== 2026-08-01T16:36:30+09:00 2026-02-20-video-the-dangerous-truth-about-ufos-ross-coulthart-debriefed-ep.v2.md
Parsing record: 2026-02-20-video-the-dangerous-truth-about-ufos-ross-coulthart-debriefed-ep.v2.md
Allowance ceiling: weekly 95% >= 88% start-line (ceiling 95 less 7 reserved for end-of-week verification and fixes)
  window resets at 2026-08-05T11:00:00.846628+00:00
  Not starting. Completed chunks are cached; resume is cheap.
--- rc=77 elapsed=2s 2026-02-20-video-the-dangerous-truth-about-ufos-ross-coulthart-debriefed-ep.v2.md
    deferred (allowance): 2026-02-20-video-the-dangerous-truth-about-ufos-ross-coulthart-debriefed-ep.v2.md
=== 2026-08-01T16:36:32+09:00 2026-04-03-video-aliens-angels-and-daemons-michael-phillip-debriefed-ep-82.v2.md
Parsing record: 2026-04-03-video-aliens-angels-and-daemons-michael-phillip-debriefed-ep-82.v2.md
Allowance ceiling: weekly 95% >= 88% start-line (ceiling 95 less 7 reserved for end-of-week verification and fixes)
  window resets at 2026-08-05T11:00:00.846628+00:00
  Not starting. Completed chunks are cached; resume is cheap.
--- rc=77 elapsed=3s 2026-04-03-video-aliens-angels-and-daemons-michael-phillip-debriefed-ep-82.v2.md
    deferred (allowance): 2026-04-03-video-aliens-angels-and-daemons-michael-phillip-debriefed-ep-82.v2.md
=== 2026-08-01T16:36:35+09:00 2026-05-15-video-new-leaked-document-mentions-surviving-aliens-jeremy.v2.md
Parsing record: 2026-05-15-video-new-leaked-document-mentions-surviving-aliens-jeremy.v2.md
Allowance ceiling: weekly 95% >= 88% start-line (ceiling 95 less 7 reserved for end-of-week verification and fixes)
  window resets at 2026-08-05T11:00:00.846628+00:00
  Not starting. Completed chunks are cached; resume is cheap.
--- rc=77 elapsed=2s 2026-05-15-video-new-leaked-document-mentions-surviving-aliens-jeremy.v2.md
    deferred (allowance): 2026-05-15-video-new-leaked-document-mentions-surviving-aliens-jeremy.v2.md
=== 2026-08-01T16:36:37+09:00 2026-07-14-video-the-ufo-cover-up-leads-to-one-secret-society-and-one-final.v2.md
Parsing record: 2026-07-14-video-the-ufo-cover-up-leads-to-one-secret-society-and-one-final.v2.md
Allowance ceiling: weekly 95% >= 88% start-line (ceiling 95 less 7 reserved for end-of-week verification and fixes)
  window resets at 2026-08-05T11:00:00.846628+00:00
  Not starting. Completed chunks are cached; resume is cheap.
--- rc=77 elapsed=2s 2026-07-14-video-the-ufo-cover-up-leads-to-one-secret-society-and-one-final.v2.md
    deferred (allowance): 2026-07-14-video-the-ufo-cover-up-leads-to-one-secret-society-and-one-final.v2.md
=== 2026-08-01T16:36:39+09:00 2026-01-02-video-the-alien-interview-tape-might-be-real-jon-stewart.v2.md
Parsing record: 2026-01-02-video-the-alien-interview-tape-might-be-real-jon-stewart.v2.md
Allowance ceiling: weekly 95% >= 88% start-line (ceiling 95 less 7 reserved for end-of-week verification and fixes)
  window resets at 2026-08-05T11:00:00.846628+00:00
  Not starting. Completed chunks are cached; resume is cheap.
--- rc=77 elapsed=5s 2026-01-02-video-the-alien-interview-tape-might-be-real-jon-stewart.v2.md
    deferred (allowance): 2026-01-02-video-the-alien-interview-tape-might-be-real-jon-stewart.v2.md
=== 2026-08-01T16:36:44+09:00 2026-03-13-video-the-alien-conclusion-according-to-50-years-of-research.v2.md
Parsing record: 2026-03-13-video-the-alien-conclusion-according-to-50-years-of-research.v2.md
Allowance ceiling: weekly 95% >= 88% start-line (ceiling 95 less 7 reserved for end-of-week verification and fixes)
  window resets at 2026-08-05T11:00:00.846628+00:00
  Not starting. Completed chunks are cached; resume is cheap.
--- rc=77 elapsed=10s 2026-03-13-video-the-alien-conclusion-according-to-50-years-of-research.v2.md
    deferred (allowance): 2026-03-13-video-the-alien-conclusion-according-to-50-years-of-research.v2.md
=== 2026-08-01T16:36:54+09:00 2025-12-12-video-army-radar-technician-reveals-alien-message-sfc-jeremy-cj.v2.md
Parsing record: 2025-12-12-video-army-radar-technician-reveals-alien-message-sfc-jeremy-cj.v2.md
Allowance ceiling: weekly 95% >= 88% start-line (ceiling 95 less 7 reserved for end-of-week verification and fixes)
  window resets at 2026-08-05T11:00:00.846628+00:00
  Not starting. Completed chunks are cached; resume is cheap.
--- rc=77 elapsed=2s 2025-12-12-video-army-radar-technician-reveals-alien-message-sfc-jeremy-cj.v2.md
    deferred (allowance): 2025-12-12-video-army-radar-technician-reveals-alien-message-sfc-jeremy-cj.v2.md
=== 2026-08-01T16:36:56+09:00 2025-01-17-video-the-alien-secret-majestic-12-debriefed-ep-22.v2.md
Parsing record: 2025-01-17-video-the-alien-secret-majestic-12-debriefed-ep-22.v2.md
Allowance ceiling: weekly 95% >= 93% start-line (ceiling 95 less 2 reserved for end-of-week verification and fixes)
  window resets at 2026-08-05T11:00:00.846628+00:00
  Not starting. Completed chunks are cached; resume is cheap.
--- rc=77 elapsed=4s 2025-01-17-video-the-alien-secret-majestic-12-debriefed-ep-22.v2.md
    deferred (allowance): 2025-01-17-video-the-alien-secret-majestic-12-debriefed-ep-22.v2.md
    non-book refused - nothing smaller can pass; parking early
    all remaining deferred by allowance; re-check in 600s
=== 2026-08-01T16:47:00+09:00 2026-07-14-video-is-there-a-ruined-civilization-on-mars-a-theoretical.v2.md
Parsing record: 2026-07-14-video-is-there-a-ruined-civilization-on-mars-a-theoretical.v2.md
Allowance ceiling: weekly 95% >= 88% start-line (ceiling 95 less 7 reserved for end-of-week verification and fixes)
  window resets at 2026-08-05T10:59:59.531721+00:00
  Not starting. Completed chunks are cached; resume is cheap.
--- rc=77 elapsed=18s 2026-07-14-video-is-there-a-ruined-civilization-on-mars-a-theoretical.v2.md
    deferred (allowance): 2026-07-14-video-is-there-a-ruined-civilization-on-mars-a-theoretical.v2.md
=== 2026-08-01T16:47:18+09:00 2026-07-17-video-jesse-michels-uapgerb-chris-ramsay-flying-saucer-diner.v2.md
Parsing record: 2026-07-17-video-jesse-michels-uapgerb-chris-ramsay-flying-saucer-diner.v2.md
Allowance ceiling: weekly 95% >= 88% start-line (ceiling 95 less 7 reserved for end-of-week verification and fixes)
  window resets at 2026-08-05T10:59:59.531721+00:00
  Not starting. Completed chunks are cached; resume is cheap.
--- rc=77 elapsed=3s 2026-07-17-video-jesse-michels-uapgerb-chris-ramsay-flying-saucer-diner.v2.md
    deferred (allowance): 2026-07-17-video-jesse-michels-uapgerb-chris-ramsay-flying-saucer-diner.v2.md
=== 2026-08-01T16:47:21+09:00 2026-07-24-video-the-terrible-truth-about-the-visitors-whitley-strieber-ep-96.v2.md
Parsing record: 2026-07-24-video-the-terrible-truth-about-the-visitors-whitley-strieber-ep-96.v2.md
Allowance ceiling: weekly 95% >= 88% start-line (ceiling 95 less 7 reserved for end-of-week verification and fixes)
  window resets at 2026-08-05T10:59:59.531721+00:00
  Not starting. Completed chunks are cached; resume is cheap.
--- rc=77 elapsed=9s 2026-07-24-video-the-terrible-truth-about-the-visitors-whitley-strieber-ep-96.v2.md
    deferred (allowance): 2026-07-24-video-the-terrible-truth-about-the-visitors-whitley-strieber-ep-96.v2.md
=== 2026-08-01T16:47:30+09:00 2026-07-20-video-proof-that-nasa-censored-moon-photos-and-the-astronauts-knew.v2.md
Parsing record: 2026-07-20-video-proof-that-nasa-censored-moon-photos-and-the-astronauts-knew.v2.md
Allowance ceiling: weekly 95% >= 88% start-line (ceiling 95 less 7 reserved for end-of-week verification and fixes)
  window resets at 2026-08-05T10:59:59.531721+00:00
  Not starting. Completed chunks are cached; resume is cheap.
--- rc=77 elapsed=3s 2026-07-20-video-proof-that-nasa-censored-moon-photos-and-the-astronauts-knew.v2.md
    deferred (allowance): 2026-07-20-video-proof-that-nasa-censored-moon-photos-and-the-astronauts-knew.v2.md
=== 2026-08-01T16:47:33+09:00 2026-06-05-video-the-crazy-story-that-made-him-quit-investigating-ufos-luigi.v2.md
Parsing record: 2026-06-05-video-the-crazy-story-that-made-him-quit-investigating-ufos-luigi.v2.md
Allowance ceiling: weekly 95% >= 88% start-line (ceiling 95 less 7 reserved for end-of-week verification and fixes)
  window resets at 2026-08-05T10:59:59.531721+00:00
  Not starting. Completed chunks are cached; resume is cheap.
--- rc=77 elapsed=3s 2026-06-05-video-the-crazy-story-that-made-him-quit-investigating-ufos-luigi.v2.md
    deferred (allowance): 2026-06-05-video-the-crazy-story-that-made-him-quit-investigating-ufos-luigi.v2.md
=== 2026-08-01T16:47:36+09:00 2026-02-20-video-the-dangerous-truth-about-ufos-ross-coulthart-debriefed-ep.v2.md
Parsing record: 2026-02-20-video-the-dangerous-truth-about-ufos-ross-coulthart-debriefed-ep.v2.md
Allowance ceiling: weekly 95% >= 88% start-line (ceiling 95 less 7 reserved for end-of-week verification and fixes)
  window resets at 2026-08-05T10:59:59.531721+00:00
  Not starting. Completed chunks are cached; resume is cheap.
--- rc=77 elapsed=2s 2026-02-20-video-the-dangerous-truth-about-ufos-ross-coulthart-debriefed-ep.v2.md
    deferred (allowance): 2026-02-20-video-the-dangerous-truth-about-ufos-ross-coulthart-debriefed-ep.v2.md
=== 2026-08-01T16:47:38+09:00 2026-04-03-video-aliens-angels-and-daemons-michael-phillip-debriefed-ep-82.v2.md
Parsing record: 2026-04-03-video-aliens-angels-and-daemons-michael-phillip-debriefed-ep-82.v2.md
Allowance ceiling: weekly 95% >= 88% start-line (ceiling 95 less 7 reserved for end-of-week verification and fixes)
  window resets at 2026-08-05T10:59:59.531721+00:00
  Not starting. Completed chunks are cached; resume is cheap.
--- rc=77 elapsed=2s 2026-04-03-video-aliens-angels-and-daemons-michael-phillip-debriefed-ep-82.v2.md
    deferred (allowance): 2026-04-03-video-aliens-angels-and-daemons-michael-phillip-debriefed-ep-82.v2.md
=== 2026-08-01T16:47:40+09:00 2026-05-15-video-new-leaked-document-mentions-surviving-aliens-jeremy.v2.md
Parsing record: 2026-05-15-video-new-leaked-document-mentions-surviving-aliens-jeremy.v2.md
Allowance ceiling: weekly 95% >= 88% start-line (ceiling 95 less 7 reserved for end-of-week verification and fixes)
  window resets at 2026-08-05T10:59:59.531721+00:00
  Not starting. Completed chunks are cached; resume is cheap.
--- rc=77 elapsed=18s 2026-05-15-video-new-leaked-document-mentions-surviving-aliens-jeremy.v2.md
    deferred (allowance): 2026-05-15-video-new-leaked-document-mentions-surviving-aliens-jeremy.v2.md
=== 2026-08-01T16:47:58+09:00 2026-07-14-video-the-ufo-cover-up-leads-to-one-secret-society-and-one-final.v2.md
Parsing record: 2026-07-14-video-the-ufo-cover-up-leads-to-one-secret-society-and-one-final.v2.md
Allowance ceiling: weekly 95% >= 88% start-line (ceiling 95 less 7 reserved for end-of-week verification and fixes)
  window resets at 2026-08-05T10:59:59.531721+00:00
  Not starting. Completed chunks are cached; resume is cheap.
--- rc=77 elapsed=3s 2026-07-14-video-the-ufo-cover-up-leads-to-one-secret-society-and-one-final.v2.md
    deferred (allowance): 2026-07-14-video-the-ufo-cover-up-leads-to-one-secret-society-and-one-final.v2.md
=== 2026-08-01T16:48:01+09:00 2026-01-02-video-the-alien-interview-tape-might-be-real-jon-stewart.v2.md
Parsing record: 2026-01-02-video-the-alien-interview-tape-might-be-real-jon-stewart.v2.md
Allowance ceiling: weekly 95% >= 88% start-line (ceiling 95 less 7 reserved for end-of-week verification and fixes)
  window resets at 2026-08-05T10:59:59.531721+00:00
  Not starting. Completed chunks are cached; resume is cheap.
--- rc=77 elapsed=9s 2026-01-02-video-the-alien-interview-tape-might-be-real-jon-stewart.v2.md
    deferred (allowance): 2026-01-02-video-the-alien-interview-tape-might-be-real-jon-stewart.v2.md
=== 2026-08-01T16:48:10+09:00 2026-03-13-video-the-alien-conclusion-according-to-50-years-of-research.v2.md
Parsing record: 2026-03-13-video-the-alien-conclusion-according-to-50-years-of-research.v2.md
Allowance ceiling: weekly 95% >= 88% start-line (ceiling 95 less 7 reserved for end-of-week verification and fixes)
  window resets at 2026-08-05T10:59:59.531721+00:00
  Not starting. Completed chunks are cached; resume is cheap.
--- rc=77 elapsed=5s 2026-03-13-video-the-alien-conclusion-according-to-50-years-of-research.v2.md
    deferred (allowance): 2026-03-13-video-the-alien-conclusion-according-to-50-years-of-research.v2.md
=== 2026-08-01T16:48:15+09:00 2025-12-12-video-army-radar-technician-reveals-alien-message-sfc-jeremy-cj.v2.md
Parsing record: 2025-12-12-video-army-radar-technician-reveals-alien-message-sfc-jeremy-cj.v2.md
Allowance ceiling: weekly 95% >= 88% start-line (ceiling 95 less 7 reserved for end-of-week verification and fixes)
  window resets at 2026-08-05T10:59:59.531721+00:00
  Not starting. Completed chunks are cached; resume is cheap.
--- rc=77 elapsed=4s 2025-12-12-video-army-radar-technician-reveals-alien-message-sfc-jeremy-cj.v2.md
    deferred (allowance): 2025-12-12-video-army-radar-technician-reveals-alien-message-sfc-jeremy-cj.v2.md
=== 2026-08-01T16:48:19+09:00 2025-01-17-video-the-alien-secret-majestic-12-debriefed-ep-22.v2.md
Parsing record: 2025-01-17-video-the-alien-secret-majestic-12-debriefed-ep-22.v2.md
Allowance ceiling: weekly 95% >= 93% start-line (ceiling 95 less 2 reserved for end-of-week verification and fixes)
  window resets at 2026-08-05T10:59:59.531721+00:00
  Not starting. Completed chunks are cached; resume is cheap.
--- rc=77 elapsed=10s 2025-01-17-video-the-alien-secret-majestic-12-debriefed-ep-22.v2.md
    deferred (allowance): 2025-01-17-video-the-alien-secret-majestic-12-debriefed-ep-22.v2.md
    non-book refused - nothing smaller can pass; parking early
    all remaining deferred by allowance; re-check in 600s
=== 2026-08-01T16:58:29+09:00 2026-07-14-video-is-there-a-ruined-civilization-on-mars-a-theoretical.v2.md
Parsing record: 2026-07-14-video-is-there-a-ruined-civilization-on-mars-a-theoretical.v2.md
Allowance ceiling: weekly 95% >= 88% start-line (ceiling 95 less 7 reserved for end-of-week verification and fixes)
  window resets at 2026-08-05T11:00:00.287705+00:00
  Not starting. Completed chunks are cached; resume is cheap.
--- rc=77 elapsed=3s 2026-07-14-video-is-there-a-ruined-civilization-on-mars-a-theoretical.v2.md
    deferred (allowance): 2026-07-14-video-is-there-a-ruined-civilization-on-mars-a-theoretical.v2.md
=== 2026-08-01T16:58:32+09:00 2026-07-17-video-jesse-michels-uapgerb-chris-ramsay-flying-saucer-diner.v2.md
Parsing record: 2026-07-17-video-jesse-michels-uapgerb-chris-ramsay-flying-saucer-diner.v2.md
Allowance ceiling: weekly 95% >= 88% start-line (ceiling 95 less 7 reserved for end-of-week verification and fixes)
  window resets at 2026-08-05T11:00:00.287705+00:00
  Not starting. Completed chunks are cached; resume is cheap.
--- rc=77 elapsed=4s 2026-07-17-video-jesse-michels-uapgerb-chris-ramsay-flying-saucer-diner.v2.md
    deferred (allowance): 2026-07-17-video-jesse-michels-uapgerb-chris-ramsay-flying-saucer-diner.v2.md
=== 2026-08-01T16:58:36+09:00 2026-07-24-video-the-terrible-truth-about-the-visitors-whitley-strieber-ep-96.v2.md
Parsing record: 2026-07-24-video-the-terrible-truth-about-the-visitors-whitley-strieber-ep-96.v2.md
Allowance ceiling: weekly 95% >= 88% start-line (ceiling 95 less 7 reserved for end-of-week verification and fixes)
  window resets at 2026-08-05T11:00:00.287705+00:00
  Not starting. Completed chunks are cached; resume is cheap.
--- rc=77 elapsed=2s 2026-07-24-video-the-terrible-truth-about-the-visitors-whitley-strieber-ep-96.v2.md
    deferred (allowance): 2026-07-24-video-the-terrible-truth-about-the-visitors-whitley-strieber-ep-96.v2.md
=== 2026-08-01T16:58:38+09:00 2026-07-20-video-proof-that-nasa-censored-moon-photos-and-the-astronauts-knew.v2.md
Parsing record: 2026-07-20-video-proof-that-nasa-censored-moon-photos-and-the-astronauts-knew.v2.md
Allowance ceiling: weekly 95% >= 88% start-line (ceiling 95 less 7 reserved for end-of-week verification and fixes)
  window resets at 2026-08-05T11:00:00.287705+00:00
  Not starting. Completed chunks are cached; resume is cheap.
--- rc=77 elapsed=2s 2026-07-20-video-proof-that-nasa-censored-moon-photos-and-the-astronauts-knew.v2.md
    deferred (allowance): 2026-07-20-video-proof-that-nasa-censored-moon-photos-and-the-astronauts-knew.v2.md
=== 2026-08-01T16:58:40+09:00 2026-06-05-video-the-crazy-story-that-made-him-quit-investigating-ufos-luigi.v2.md
Parsing record: 2026-06-05-video-the-crazy-story-that-made-him-quit-investigating-ufos-luigi.v2.md
Allowance ceiling: weekly 95% >= 88% start-line (ceiling 95 less 7 reserved for end-of-week verification and fixes)
  window resets at 2026-08-05T11:00:00.287705+00:00
  Not starting. Completed chunks are cached; resume is cheap.
--- rc=77 elapsed=17s 2026-06-05-video-the-crazy-story-that-made-him-quit-investigating-ufos-luigi.v2.md
    deferred (allowance): 2026-06-05-video-the-crazy-story-that-made-him-quit-investigating-ufos-luigi.v2.md
=== 2026-08-01T16:58:57+09:00 2026-02-20-video-the-dangerous-truth-about-ufos-ross-coulthart-debriefed-ep.v2.md
Parsing record: 2026-02-20-video-the-dangerous-truth-about-ufos-ross-coulthart-debriefed-ep.v2.md
Allowance ceiling: weekly 95% >= 88% start-line (ceiling 95 less 7 reserved for end-of-week verification and fixes)
  window resets at 2026-08-05T11:00:00.287705+00:00
  Not starting. Completed chunks are cached; resume is cheap.
--- rc=77 elapsed=2s 2026-02-20-video-the-dangerous-truth-about-ufos-ross-coulthart-debriefed-ep.v2.md
    deferred (allowance): 2026-02-20-video-the-dangerous-truth-about-ufos-ross-coulthart-debriefed-ep.v2.md
=== 2026-08-01T16:58:59+09:00 2026-04-03-video-aliens-angels-and-daemons-michael-phillip-debriefed-ep-82.v2.md
Parsing record: 2026-04-03-video-aliens-angels-and-daemons-michael-phillip-debriefed-ep-82.v2.md
Allowance ceiling: weekly 95% >= 88% start-line (ceiling 95 less 7 reserved for end-of-week verification and fixes)
  window resets at 2026-08-05T11:00:00.287705+00:00
  Not starting. Completed chunks are cached; resume is cheap.
--- rc=77 elapsed=11s 2026-04-03-video-aliens-angels-and-daemons-michael-phillip-debriefed-ep-82.v2.md
    deferred (allowance): 2026-04-03-video-aliens-angels-and-daemons-michael-phillip-debriefed-ep-82.v2.md
=== 2026-08-01T16:59:10+09:00 2026-05-15-video-new-leaked-document-mentions-surviving-aliens-jeremy.v2.md
Parsing record: 2026-05-15-video-new-leaked-document-mentions-surviving-aliens-jeremy.v2.md
Allowance ceiling: weekly 95% >= 88% start-line (ceiling 95 less 7 reserved for end-of-week verification and fixes)
  window resets at 2026-08-05T11:00:00.287705+00:00
  Not starting. Completed chunks are cached; resume is cheap.
--- rc=77 elapsed=5s 2026-05-15-video-new-leaked-document-mentions-surviving-aliens-jeremy.v2.md
    deferred (allowance): 2026-05-15-video-new-leaked-document-mentions-surviving-aliens-jeremy.v2.md
=== 2026-08-01T16:59:15+09:00 2026-07-14-video-the-ufo-cover-up-leads-to-one-secret-society-and-one-final.v2.md
Parsing record: 2026-07-14-video-the-ufo-cover-up-leads-to-one-secret-society-and-one-final.v2.md
Allowance ceiling: weekly 95% >= 88% start-line (ceiling 95 less 7 reserved for end-of-week verification and fixes)
  window resets at 2026-08-05T11:00:00.287705+00:00
  Not starting. Completed chunks are cached; resume is cheap.
--- rc=77 elapsed=4s 2026-07-14-video-the-ufo-cover-up-leads-to-one-secret-society-and-one-final.v2.md
    deferred (allowance): 2026-07-14-video-the-ufo-cover-up-leads-to-one-secret-society-and-one-final.v2.md
=== 2026-08-01T16:59:19+09:00 2026-01-02-video-the-alien-interview-tape-might-be-real-jon-stewart.v2.md
Parsing record: 2026-01-02-video-the-alien-interview-tape-might-be-real-jon-stewart.v2.md
Allowance ceiling: weekly 95% >= 88% start-line (ceiling 95 less 7 reserved for end-of-week verification and fixes)
  window resets at 2026-08-05T11:00:00.287705+00:00
  Not starting. Completed chunks are cached; resume is cheap.
--- rc=77 elapsed=10s 2026-01-02-video-the-alien-interview-tape-might-be-real-jon-stewart.v2.md
    deferred (allowance): 2026-01-02-video-the-alien-interview-tape-might-be-real-jon-stewart.v2.md
=== 2026-08-01T16:59:29+09:00 2026-03-13-video-the-alien-conclusion-according-to-50-years-of-research.v2.md
Parsing record: 2026-03-13-video-the-alien-conclusion-according-to-50-years-of-research.v2.md
Allowance ceiling: weekly 95% >= 88% start-line (ceiling 95 less 7 reserved for end-of-week verification and fixes)
  window resets at 2026-08-05T11:00:00.287705+00:00
  Not starting. Completed chunks are cached; resume is cheap.
--- rc=77 elapsed=2s 2026-03-13-video-the-alien-conclusion-according-to-50-years-of-research.v2.md
    deferred (allowance): 2026-03-13-video-the-alien-conclusion-according-to-50-years-of-research.v2.md
=== 2026-08-01T16:59:31+09:00 2025-12-12-video-army-radar-technician-reveals-alien-message-sfc-jeremy-cj.v2.md
Parsing record: 2025-12-12-video-army-radar-technician-reveals-alien-message-sfc-jeremy-cj.v2.md
Allowance ceiling: weekly 95% >= 88% start-line (ceiling 95 less 7 reserved for end-of-week verification and fixes)
  window resets at 2026-08-05T11:00:00.287705+00:00
  Not starting. Completed chunks are cached; resume is cheap.
--- rc=77 elapsed=3s 2025-12-12-video-army-radar-technician-reveals-alien-message-sfc-jeremy-cj.v2.md
    deferred (allowance): 2025-12-12-video-army-radar-technician-reveals-alien-message-sfc-jeremy-cj.v2.md
=== 2026-08-01T16:59:34+09:00 2025-01-17-video-the-alien-secret-majestic-12-debriefed-ep-22.v2.md
Parsing record: 2025-01-17-video-the-alien-secret-majestic-12-debriefed-ep-22.v2.md
Allowance ceiling: weekly 95% >= 93% start-line (ceiling 95 less 2 reserved for end-of-week verification and fixes)
  window resets at 2026-08-05T11:00:00.287705+00:00
  Not starting. Completed chunks are cached; resume is cheap.
--- rc=77 elapsed=2s 2025-01-17-video-the-alien-secret-majestic-12-debriefed-ep-22.v2.md
    deferred (allowance): 2025-01-17-video-the-alien-secret-majestic-12-debriefed-ep-22.v2.md
    non-book refused - nothing smaller can pass; parking early
    all remaining deferred by allowance; re-check in 600s
=== 2026-08-01T17:09:36+09:00 2026-07-14-video-is-there-a-ruined-civilization-on-mars-a-theoretical.v2.md
Parsing record: 2026-07-14-video-is-there-a-ruined-civilization-on-mars-a-theoretical.v2.md
Allowance ceiling: weekly 95% >= 88% start-line (ceiling 95 less 7 reserved for end-of-week verification and fixes)
  window resets at 2026-08-05T10:59:59.809814+00:00
  Not starting. Completed chunks are cached; resume is cheap.
--- rc=77 elapsed=3s 2026-07-14-video-is-there-a-ruined-civilization-on-mars-a-theoretical.v2.md
    deferred (allowance): 2026-07-14-video-is-there-a-ruined-civilization-on-mars-a-theoretical.v2.md
=== 2026-08-01T17:09:39+09:00 2026-07-17-video-jesse-michels-uapgerb-chris-ramsay-flying-saucer-diner.v2.md
Parsing record: 2026-07-17-video-jesse-michels-uapgerb-chris-ramsay-flying-saucer-diner.v2.md
Allowance ceiling: weekly 95% >= 88% start-line (ceiling 95 less 7 reserved for end-of-week verification and fixes)
  window resets at 2026-08-05T10:59:59.809814+00:00
  Not starting. Completed chunks are cached; resume is cheap.
--- rc=77 elapsed=2s 2026-07-17-video-jesse-michels-uapgerb-chris-ramsay-flying-saucer-diner.v2.md
    deferred (allowance): 2026-07-17-video-jesse-michels-uapgerb-chris-ramsay-flying-saucer-diner.v2.md
=== 2026-08-01T17:09:41+09:00 2026-07-24-video-the-terrible-truth-about-the-visitors-whitley-strieber-ep-96.v2.md
Parsing record: 2026-07-24-video-the-terrible-truth-about-the-visitors-whitley-strieber-ep-96.v2.md
Allowance ceiling: weekly 95% >= 88% start-line (ceiling 95 less 7 reserved for end-of-week verification and fixes)
  window resets at 2026-08-05T10:59:59.809814+00:00
  Not starting. Completed chunks are cached; resume is cheap.
--- rc=77 elapsed=16s 2026-07-24-video-the-terrible-truth-about-the-visitors-whitley-strieber-ep-96.v2.md
    deferred (allowance): 2026-07-24-video-the-terrible-truth-about-the-visitors-whitley-strieber-ep-96.v2.md
=== 2026-08-01T17:09:57+09:00 2026-07-20-video-proof-that-nasa-censored-moon-photos-and-the-astronauts-knew.v2.md
Parsing record: 2026-07-20-video-proof-that-nasa-censored-moon-photos-and-the-astronauts-knew.v2.md
Allowance ceiling: weekly 95% >= 88% start-line (ceiling 95 less 7 reserved for end-of-week verification and fixes)
  window resets at 2026-08-05T10:59:59.809814+00:00
  Not starting. Completed chunks are cached; resume is cheap.
--- rc=77 elapsed=19s 2026-07-20-video-proof-that-nasa-censored-moon-photos-and-the-astronauts-knew.v2.md
    deferred (allowance): 2026-07-20-video-proof-that-nasa-censored-moon-photos-and-the-astronauts-knew.v2.md
=== 2026-08-01T17:10:16+09:00 2026-06-05-video-the-crazy-story-that-made-him-quit-investigating-ufos-luigi.v2.md
Parsing record: 2026-06-05-video-the-crazy-story-that-made-him-quit-investigating-ufos-luigi.v2.md
Allowance ceiling: weekly 95% >= 88% start-line (ceiling 95 less 7 reserved for end-of-week verification and fixes)
  window resets at 2026-08-05T10:59:59.809814+00:00
  Not starting. Completed chunks are cached; resume is cheap.
--- rc=77 elapsed=3s 2026-06-05-video-the-crazy-story-that-made-him-quit-investigating-ufos-luigi.v2.md
    deferred (allowance): 2026-06-05-video-the-crazy-story-that-made-him-quit-investigating-ufos-luigi.v2.md
=== 2026-08-01T17:10:19+09:00 2026-02-20-video-the-dangerous-truth-about-ufos-ross-coulthart-debriefed-ep.v2.md
Parsing record: 2026-02-20-video-the-dangerous-truth-about-ufos-ross-coulthart-debriefed-ep.v2.md
Allowance ceiling: weekly 95% >= 88% start-line (ceiling 95 less 7 reserved for end-of-week verification and fixes)
  window resets at 2026-08-05T10:59:59.809814+00:00
  Not starting. Completed chunks are cached; resume is cheap.
--- rc=77 elapsed=10s 2026-02-20-video-the-dangerous-truth-about-ufos-ross-coulthart-debriefed-ep.v2.md
    deferred (allowance): 2026-02-20-video-the-dangerous-truth-about-ufos-ross-coulthart-debriefed-ep.v2.md
=== 2026-08-01T17:10:29+09:00 2026-04-03-video-aliens-angels-and-daemons-michael-phillip-debriefed-ep-82.v2.md
Parsing record: 2026-04-03-video-aliens-angels-and-daemons-michael-phillip-debriefed-ep-82.v2.md
Allowance ceiling: weekly 95% >= 88% start-line (ceiling 95 less 7 reserved for end-of-week verification and fixes)
  window resets at 2026-08-05T10:59:59.809814+00:00
  Not starting. Completed chunks are cached; resume is cheap.
--- rc=77 elapsed=2s 2026-04-03-video-aliens-angels-and-daemons-michael-phillip-debriefed-ep-82.v2.md
    deferred (allowance): 2026-04-03-video-aliens-angels-and-daemons-michael-phillip-debriefed-ep-82.v2.md
=== 2026-08-01T17:10:31+09:00 2026-05-15-video-new-leaked-document-mentions-surviving-aliens-jeremy.v2.md
Parsing record: 2026-05-15-video-new-leaked-document-mentions-surviving-aliens-jeremy.v2.md
Allowance ceiling: weekly 95% >= 88% start-line (ceiling 95 less 7 reserved for end-of-week verification and fixes)
  window resets at 2026-08-05T10:59:59.809814+00:00
  Not starting. Completed chunks are cached; resume is cheap.
--- rc=77 elapsed=3s 2026-05-15-video-new-leaked-document-mentions-surviving-aliens-jeremy.v2.md
    deferred (allowance): 2026-05-15-video-new-leaked-document-mentions-surviving-aliens-jeremy.v2.md
=== 2026-08-01T17:10:34+09:00 2026-07-14-video-the-ufo-cover-up-leads-to-one-secret-society-and-one-final.v2.md
Parsing record: 2026-07-14-video-the-ufo-cover-up-leads-to-one-secret-society-and-one-final.v2.md
Allowance ceiling: weekly 95% >= 88% start-line (ceiling 95 less 7 reserved for end-of-week verification and fixes)
  window resets at 2026-08-05T10:59:59.809814+00:00
  Not starting. Completed chunks are cached; resume is cheap.
--- rc=77 elapsed=2s 2026-07-14-video-the-ufo-cover-up-leads-to-one-secret-society-and-one-final.v2.md
    deferred (allowance): 2026-07-14-video-the-ufo-cover-up-leads-to-one-secret-society-and-one-final.v2.md
=== 2026-08-01T17:10:36+09:00 2026-01-02-video-the-alien-interview-tape-might-be-real-jon-stewart.v2.md
Parsing record: 2026-01-02-video-the-alien-interview-tape-might-be-real-jon-stewart.v2.md
Allowance ceiling: weekly 95% >= 88% start-line (ceiling 95 less 7 reserved for end-of-week verification and fixes)
  window resets at 2026-08-05T10:59:59.809814+00:00
  Not starting. Completed chunks are cached; resume is cheap.
--- rc=77 elapsed=3s 2026-01-02-video-the-alien-interview-tape-might-be-real-jon-stewart.v2.md
    deferred (allowance): 2026-01-02-video-the-alien-interview-tape-might-be-real-jon-stewart.v2.md
=== 2026-08-01T17:10:39+09:00 2026-03-13-video-the-alien-conclusion-according-to-50-years-of-research.v2.md
Parsing record: 2026-03-13-video-the-alien-conclusion-according-to-50-years-of-research.v2.md
Allowance ceiling: weekly 95% >= 88% start-line (ceiling 95 less 7 reserved for end-of-week verification and fixes)
  window resets at 2026-08-05T10:59:59.809814+00:00
  Not starting. Completed chunks are cached; resume is cheap.
--- rc=77 elapsed=2s 2026-03-13-video-the-alien-conclusion-according-to-50-years-of-research.v2.md
    deferred (allowance): 2026-03-13-video-the-alien-conclusion-according-to-50-years-of-research.v2.md
=== 2026-08-01T17:10:41+09:00 2025-12-12-video-army-radar-technician-reveals-alien-message-sfc-jeremy-cj.v2.md
Parsing record: 2025-12-12-video-army-radar-technician-reveals-alien-message-sfc-jeremy-cj.v2.md
Allowance ceiling: weekly 95% >= 88% start-line (ceiling 95 less 7 reserved for end-of-week verification and fixes)
  window resets at 2026-08-05T10:59:59.809814+00:00
  Not starting. Completed chunks are cached; resume is cheap.
--- rc=77 elapsed=18s 2025-12-12-video-army-radar-technician-reveals-alien-message-sfc-jeremy-cj.v2.md
    deferred (allowance): 2025-12-12-video-army-radar-technician-reveals-alien-message-sfc-jeremy-cj.v2.md
=== 2026-08-01T17:10:59+09:00 2025-01-17-video-the-alien-secret-majestic-12-debriefed-ep-22.v2.md
Parsing record: 2025-01-17-video-the-alien-secret-majestic-12-debriefed-ep-22.v2.md
Allowance ceiling: weekly 95% >= 93% start-line (ceiling 95 less 2 reserved for end-of-week verification and fixes)
  window resets at 2026-08-05T10:59:59.809814+00:00
  Not starting. Completed chunks are cached; resume is cheap.
--- rc=77 elapsed=2s 2025-01-17-video-the-alien-secret-majestic-12-debriefed-ep-22.v2.md
    deferred (allowance): 2025-01-17-video-the-alien-secret-majestic-12-debriefed-ep-22.v2.md
    non-book refused - nothing smaller can pass; parking early
    all remaining deferred by allowance; re-check in 600s
=== 2026-08-01T17:21:01+09:00 2026-07-14-video-is-there-a-ruined-civilization-on-mars-a-theoretical.v2.md
Parsing record: 2026-07-14-video-is-there-a-ruined-civilization-on-mars-a-theoretical.v2.md
Allowance ceiling: weekly 95% >= 88% start-line (ceiling 95 less 7 reserved for end-of-week verification and fixes)
  window resets at 2026-08-05T10:59:59.743776+00:00
  Not starting. Completed chunks are cached; resume is cheap.
--- rc=77 elapsed=18s 2026-07-14-video-is-there-a-ruined-civilization-on-mars-a-theoretical.v2.md
    deferred (allowance): 2026-07-14-video-is-there-a-ruined-civilization-on-mars-a-theoretical.v2.md
=== 2026-08-01T17:21:19+09:00 2026-07-17-video-jesse-michels-uapgerb-chris-ramsay-flying-saucer-diner.v2.md
Parsing record: 2026-07-17-video-jesse-michels-uapgerb-chris-ramsay-flying-saucer-diner.v2.md
Allowance ceiling: weekly 95% >= 88% start-line (ceiling 95 less 7 reserved for end-of-week verification and fixes)
  window resets at 2026-08-05T10:59:59.743776+00:00
  Not starting. Completed chunks are cached; resume is cheap.
--- rc=77 elapsed=4s 2026-07-17-video-jesse-michels-uapgerb-chris-ramsay-flying-saucer-diner.v2.md
    deferred (allowance): 2026-07-17-video-jesse-michels-uapgerb-chris-ramsay-flying-saucer-diner.v2.md
=== 2026-08-01T17:21:23+09:00 2026-07-24-video-the-terrible-truth-about-the-visitors-whitley-strieber-ep-96.v2.md
Parsing record: 2026-07-24-video-the-terrible-truth-about-the-visitors-whitley-strieber-ep-96.v2.md
Allowance ceiling: weekly 95% >= 88% start-line (ceiling 95 less 7 reserved for end-of-week verification and fixes)
  window resets at 2026-08-05T10:59:59.743776+00:00
  Not starting. Completed chunks are cached; resume is cheap.
--- rc=77 elapsed=5s 2026-07-24-video-the-terrible-truth-about-the-visitors-whitley-strieber-ep-96.v2.md
    deferred (allowance): 2026-07-24-video-the-terrible-truth-about-the-visitors-whitley-strieber-ep-96.v2.md
=== 2026-08-01T17:21:28+09:00 2026-07-20-video-proof-that-nasa-censored-moon-photos-and-the-astronauts-knew.v2.md
Parsing record: 2026-07-20-video-proof-that-nasa-censored-moon-photos-and-the-astronauts-knew.v2.md
Allowance ceiling: weekly 95% >= 88% start-line (ceiling 95 less 7 reserved for end-of-week verification and fixes)
  window resets at 2026-08-05T10:59:59.743776+00:00
  Not starting. Completed chunks are cached; resume is cheap.
--- rc=77 elapsed=2s 2026-07-20-video-proof-that-nasa-censored-moon-photos-and-the-astronauts-knew.v2.md
    deferred (allowance): 2026-07-20-video-proof-that-nasa-censored-moon-photos-and-the-astronauts-knew.v2.md
=== 2026-08-01T17:21:30+09:00 2026-06-05-video-the-crazy-story-that-made-him-quit-investigating-ufos-luigi.v2.md
Parsing record: 2026-06-05-video-the-crazy-story-that-made-him-quit-investigating-ufos-luigi.v2.md
Allowance ceiling: weekly 95% >= 88% start-line (ceiling 95 less 7 reserved for end-of-week verification and fixes)
  window resets at 2026-08-05T10:59:59.743776+00:00
  Not starting. Completed chunks are cached; resume is cheap.
--- rc=77 elapsed=3s 2026-06-05-video-the-crazy-story-that-made-him-quit-investigating-ufos-luigi.v2.md
    deferred (allowance): 2026-06-05-video-the-crazy-story-that-made-him-quit-investigating-ufos-luigi.v2.md
=== 2026-08-01T17:21:33+09:00 2026-02-20-video-the-dangerous-truth-about-ufos-ross-coulthart-debriefed-ep.v2.md
Parsing record: 2026-02-20-video-the-dangerous-truth-about-ufos-ross-coulthart-debriefed-ep.v2.md
Allowance ceiling: weekly 95% >= 88% start-line (ceiling 95 less 7 reserved for end-of-week verification and fixes)
  window resets at 2026-08-05T10:59:59.743776+00:00
  Not starting. Completed chunks are cached; resume is cheap.
--- rc=77 elapsed=2s 2026-02-20-video-the-dangerous-truth-about-ufos-ross-coulthart-debriefed-ep.v2.md
    deferred (allowance): 2026-02-20-video-the-dangerous-truth-about-ufos-ross-coulthart-debriefed-ep.v2.md
=== 2026-08-01T17:21:35+09:00 2026-04-03-video-aliens-angels-and-daemons-michael-phillip-debriefed-ep-82.v2.md
Parsing record: 2026-04-03-video-aliens-angels-and-daemons-michael-phillip-debriefed-ep-82.v2.md
Allowance ceiling: weekly 95% >= 88% start-line (ceiling 95 less 7 reserved for end-of-week verification and fixes)
  window resets at 2026-08-05T10:59:59.743776+00:00
  Not starting. Completed chunks are cached; resume is cheap.
--- rc=77 elapsed=2s 2026-04-03-video-aliens-angels-and-daemons-michael-phillip-debriefed-ep-82.v2.md
    deferred (allowance): 2026-04-03-video-aliens-angels-and-daemons-michael-phillip-debriefed-ep-82.v2.md
=== 2026-08-01T17:21:37+09:00 2026-05-15-video-new-leaked-document-mentions-surviving-aliens-jeremy.v2.md
Parsing record: 2026-05-15-video-new-leaked-document-mentions-surviving-aliens-jeremy.v2.md
Allowance ceiling: weekly 95% >= 88% start-line (ceiling 95 less 7 reserved for end-of-week verification and fixes)
  window resets at 2026-08-05T10:59:59.743776+00:00
  Not starting. Completed chunks are cached; resume is cheap.
--- rc=77 elapsed=2s 2026-05-15-video-new-leaked-document-mentions-surviving-aliens-jeremy.v2.md
    deferred (allowance): 2026-05-15-video-new-leaked-document-mentions-surviving-aliens-jeremy.v2.md
=== 2026-08-01T17:21:40+09:00 2026-07-14-video-the-ufo-cover-up-leads-to-one-secret-society-and-one-final.v2.md
Parsing record: 2026-07-14-video-the-ufo-cover-up-leads-to-one-secret-society-and-one-final.v2.md
Allowance ceiling: weekly 95% >= 88% start-line (ceiling 95 less 7 reserved for end-of-week verification and fixes)
  window resets at 2026-08-05T10:59:59.743776+00:00
  Not starting. Completed chunks are cached; resume is cheap.
--- rc=77 elapsed=16s 2026-07-14-video-the-ufo-cover-up-leads-to-one-secret-society-and-one-final.v2.md
    deferred (allowance): 2026-07-14-video-the-ufo-cover-up-leads-to-one-secret-society-and-one-final.v2.md
=== 2026-08-01T17:21:56+09:00 2026-01-02-video-the-alien-interview-tape-might-be-real-jon-stewart.v2.md
Parsing record: 2026-01-02-video-the-alien-interview-tape-might-be-real-jon-stewart.v2.md
Allowance ceiling: weekly 95% >= 88% start-line (ceiling 95 less 7 reserved for end-of-week verification and fixes)
  window resets at 2026-08-05T10:59:59.743776+00:00
  Not starting. Completed chunks are cached; resume is cheap.
--- rc=77 elapsed=3s 2026-01-02-video-the-alien-interview-tape-might-be-real-jon-stewart.v2.md
    deferred (allowance): 2026-01-02-video-the-alien-interview-tape-might-be-real-jon-stewart.v2.md
=== 2026-08-01T17:21:59+09:00 2026-03-13-video-the-alien-conclusion-according-to-50-years-of-research.v2.md
Parsing record: 2026-03-13-video-the-alien-conclusion-according-to-50-years-of-research.v2.md
Allowance ceiling: weekly 95% >= 88% start-line (ceiling 95 less 7 reserved for end-of-week verification and fixes)
  window resets at 2026-08-05T10:59:59.743776+00:00
  Not starting. Completed chunks are cached; resume is cheap.
--- rc=77 elapsed=10s 2026-03-13-video-the-alien-conclusion-according-to-50-years-of-research.v2.md
    deferred (allowance): 2026-03-13-video-the-alien-conclusion-according-to-50-years-of-research.v2.md
=== 2026-08-01T17:22:09+09:00 2025-12-12-video-army-radar-technician-reveals-alien-message-sfc-jeremy-cj.v2.md
Parsing record: 2025-12-12-video-army-radar-technician-reveals-alien-message-sfc-jeremy-cj.v2.md
Allowance ceiling: weekly 95% >= 88% start-line (ceiling 95 less 7 reserved for end-of-week verification and fixes)
  window resets at 2026-08-05T10:59:59.743776+00:00
  Not starting. Completed chunks are cached; resume is cheap.
--- rc=77 elapsed=2s 2025-12-12-video-army-radar-technician-reveals-alien-message-sfc-jeremy-cj.v2.md
    deferred (allowance): 2025-12-12-video-army-radar-technician-reveals-alien-message-sfc-jeremy-cj.v2.md
=== 2026-08-01T17:22:11+09:00 2025-01-17-video-the-alien-secret-majestic-12-debriefed-ep-22.v2.md
Parsing record: 2025-01-17-video-the-alien-secret-majestic-12-debriefed-ep-22.v2.md
Allowance ceiling: weekly 95% >= 93% start-line (ceiling 95 less 2 reserved for end-of-week verification and fixes)
  window resets at 2026-08-05T10:59:59.743776+00:00
  Not starting. Completed chunks are cached; resume is cheap.
--- rc=77 elapsed=5s 2025-01-17-video-the-alien-secret-majestic-12-debriefed-ep-22.v2.md
    deferred (allowance): 2025-01-17-video-the-alien-secret-majestic-12-debriefed-ep-22.v2.md
    non-book refused - nothing smaller can pass; parking early
    all remaining deferred by allowance; re-check in 600s
